,abs_amplitude,amplitude_squared,surface_energy,param_0,real_group_sampling_width,global_cutoff
0,0.006143581102458825,5.6583998416255965e-05,23.11101414775194,7.739361567469568e-05,0.07091870890057286,83
