,abs_amplitude,amplitude_squared,surface_energy,param_0,real_group_sampling_width,global_cutoff
0,0.3921757236180519,0.15394309852099838,40.597274641700764,0.3921757236180519,0.09527034816632457,15
