,abs_amplitude,amplitude_squared,surface_energy,param_0,real_group_sampling_width,global_cutoff
0,0.5060750047764948,0.25614376185749194,79.15866642094456,-0.5060750047764948,0.044274730711554626,2
