,abs_amplitude,amplitude_squared,surface_energy,param_0,real_group_sampling_width,global_cutoff
0,0.5988815071099276,0.358695548090868,83.6211071434502,-0.5988815071099276,0.038033561551347454,0
