,abs_amplitude,amplitude_squared,surface_energy,param_0,real_group_sampling_width,global_cutoff
0,0.5170953225257328,0.2674833081482755,42.54182125689779,0.5170953225257328,0.0849173227387816,0
