,abs_amplitude,amplitude_squared,surface_energy,param_0,real_group_sampling_width,global_cutoff
0,0.6653988206872635,0.4427699184433837,89.9323593525046,0.6653988206872635,0.03131840080678187,5
