,abs_amplitude,amplitude_squared,surface_energy,param_0,real_group_sampling_width,global_cutoff
0,0.6751699616697387,0.45586495418549294,106.31485876809192,-0.6751699616697387,0.028072708871644248,6
