,abs_amplitude,amplitude_squared,surface_energy,param_0,real_group_sampling_width,global_cutoff
0,0.04996339790490756,0.00344389161461354,62.83201491568424,0.004753147105186283,0.43883104338584517,83
