,abs_amplitude,amplitude_squared,surface_energy,param_0,real_group_sampling_width,global_cutoff
0,0.013059059935126889,0.00026869886634182927,28.118643528440778,-0.0005728445868233851,0.13721786208436038,12
