,abs_amplitude,amplitude_squared,surface_energy,param_0,real_group_sampling_width,global_cutoff
0,0.00972355195806708,0.00014942165074294112,14.29403522982611,0.00033241132067816893,0.10066649524275322,0
