,abs_amplitude,amplitude_squared,surface_energy,param_0,real_group_sampling_width,global_cutoff
0,0.012068731067558656,0.00022347892814614915,19.787344737230598,-3.505247144200176e-05,0.12644715819091126,19
