,abs_amplitude,amplitude_squared,surface_energy,param_0,real_group_sampling_width,global_cutoff
0,0.05737276873087719,0.005017830732323192,33.288811076120545,0.0017225620578944117,0.4349282740466514,0
