,abs_amplitude,amplitude_squared,surface_energy,param_0,real_group_sampling_width,global_cutoff
0,0.01660510522648594,0.0004242342870450378,31.600148940980983,-0.0012660380037137393,0.17994285857059938,95
