,abs_amplitude,amplitude_squared,surface_energy,param_0,real_group_sampling_width,global_cutoff
0,0.1287184581139952,0.01844890533813713,35.68038317307019,0.0003284557042453398,0.42431348734247704,42
