,abs_amplitude,amplitude_squared,surface_energy,param_0,real_group_sampling_width,global_cutoff
0,0.5733365824967488,0.3287732757110884,47.45265228424968,0.5733365824967488,0.06634913940656938,3
