,abs_amplitude,amplitude_squared,surface_energy,param_0,real_group_sampling_width,global_cutoff
0,0.024743438408762208,0.0009403027850275834,25.421071741961494,0.0014475289751316547,0.21008300236765756,0
