,abs_amplitude,amplitude_squared,surface_energy,param_0,real_group_sampling_width,global_cutoff
0,0.008081170789682485,0.0001013184041578304,25.58810247349966,-0.00045607455577664253,0.08716280424434902,9
