,abs_amplitude,amplitude_squared,surface_energy,param_0,real_group_sampling_width,global_cutoff
0,0.018739431024537324,0.000528798454932746,26.928468720345432,-2.2285186329097734e-05,0.17795934420012458,17
