,abs_amplitude,amplitude_squared,surface_energy,param_0,real_group_sampling_width,global_cutoff
0,0.07325975727492293,0.007327035226193254,29.07936927640715,0.0001108804228322944,0.5345938463282831,10
