,abs_amplitude,amplitude_squared,surface_energy,param_0,real_group_sampling_width,global_cutoff
0,0.07440050466172633,0.006805425197272887,83.09962190817922,-0.001749421623518669,0.4225346613782457,17
