,abs_amplitude,amplitude_squared,surface_energy,param_0,real_group_sampling_width,global_cutoff
0,0.009674283328254294,0.00014812285569417553,21.882213185581904,0.000324939022554534,0.10236887703179154,0
