,abs_amplitude,amplitude_squared,surface_energy,param_0,real_group_sampling_width,global_cutoff
0,0.012052291032731349,0.00023052785931034598,13.368990991506706,7.000792958972258e-05,0.1205215966699169,0
