,abs_amplitude,amplitude_squared,surface_energy,param_0,real_group_sampling_width,global_cutoff
0,0.007370023975006217,8.543031098384526e-05,9.506445760033568,-0.00011948900672625395,0.07173694780598475,29
