,abs_amplitude,amplitude_squared,surface_energy,param_0,real_group_sampling_width,global_cutoff
0,0.010035753646796156,0.0001479268899012337,9.951304464553559,0.00022008685423140784,0.0967246129815484,0
