,abs_amplitude,amplitude_squared,surface_energy,param_0,real_group_sampling_width,global_cutoff
0,0.011947984535337791,0.0002156473218865384,22.911531857935053,0.0005346916305408335,0.1256912994247093,4
