,abs_amplitude,amplitude_squared,surface_energy,param_0,real_group_sampling_width,global_cutoff
0,0.012605020587067478,0.0002354519185488319,25.34151020603106,-0.001342347870333053,0.13048816520680295,14
