,abs_amplitude,amplitude_squared,surface_energy,param_0,real_group_sampling_width,global_cutoff
0,0.006504117954842265,6.597584360633444e-05,14.375283537283819,0.000781089889781805,0.07195489723062173,45
