,abs_amplitude,amplitude_squared,surface_energy,param_0,real_group_sampling_width,global_cutoff
0,0.008439385280032737,0.00010769329040093023,8.704416001682931,-0.00037752568894891856,0.09032639967690063,13
