,abs_amplitude,amplitude_squared,surface_energy,param_0,real_group_sampling_width,global_cutoff
0,0.5460917684924989,0.29822702782412047,203.05646123918288,0.5460917684924989,0.02569537344177237,2
