,abs_amplitude,amplitude_squared,surface_energy,param_0,real_group_sampling_width,global_cutoff
0,0.00779595064235063,9.736527738720968e-05,15.121862180152496,0.00035677719397083035,0.08229497374442366,0
