,abs_amplitude,amplitude_squared,surface_energy,param_0,real_group_sampling_width,global_cutoff
0,0.008298712085481896,0.00011045875590901883,11.211184810138345,-0.0007498280152648335,0.08903552820238024,79
