,abs_amplitude,amplitude_squared,surface_energy,param_0,real_group_sampling_width,global_cutoff
0,0.050496176582494445,0.003735017340718826,29.861064377430935,0.0008056279179089332,0.43658971054812923,146
