,abs_amplitude,amplitude_squared,surface_energy,param_0,real_group_sampling_width,global_cutoff
0,0.6621947773021987,0.4385885138110269,89.12384949010811,-0.6621947773021987,0.03216761583463184,0
