,abs_amplitude,amplitude_squared,surface_energy,param_0,real_group_sampling_width,global_cutoff
0,0.007911077699273966,9.35383358568638e-05,14.519449479327236,-0.00042652984531376694,0.09262849005436367,275
