,abs_amplitude,amplitude_squared,surface_energy,param_0,real_group_sampling_width,global_cutoff
0,0.01277341780771601,0.00025889961010422527,17.136445645052813,0.0008837560418226638,0.12589451625845305,1
