,abs_amplitude,amplitude_squared,surface_energy,param_0,real_group_sampling_width,global_cutoff
0,0.5939943127492152,0.3531885035961343,82.6681343335353,-0.5939943127492152,0.03861429457969517,0
