,abs_amplitude,amplitude_squared,surface_energy,param_0,real_group_sampling_width,global_cutoff
0,0.6590330502110809,0.4343263712369924,529.1461239781511,0.6590330502110809,0.01203319833787086,6
