,abs_amplitude,amplitude_squared,surface_energy,param_0,real_group_sampling_width,global_cutoff
0,0.6887272267786592,0.4743480465876272,309.7559537248993,-0.6887272267786592,0.0145364291017338,15
