,abs_amplitude,amplitude_squared,surface_energy,param_0,real_group_sampling_width,global_cutoff
0,0.3183634931570851,0.10135737866336131,2947.4135515989738,0.3183634931570851,0.012352256253737173,11
