,abs_amplitude,amplitude_squared,surface_energy,param_0,real_group_sampling_width,global_cutoff
0,0.6471304850371786,0.4188338547206524,139.52373975976676,-0.6471304850371786,0.026934332679204084,1
