,abs_amplitude,amplitude_squared,surface_energy,param_0,real_group_sampling_width,global_cutoff
0,0.011860217599827609,0.0002188421868857991,16.097863412456658,0.0003148881489355822,0.11752534360451058,2
