,abs_amplitude,amplitude_squared,surface_energy,param_0,real_group_sampling_width,global_cutoff
0,0.5121741264864449,0.2623880572518842,46.22043599840562,0.5121741264864449,0.0730436794529106,2
