,abs_amplitude,amplitude_squared,surface_energy,param_0,real_group_sampling_width,global_cutoff
0,0.011052328477741383,0.00019105907651378865,31.909839275811635,-0.0004807437862328751,0.1168390090812586,34
