,abs_amplitude,amplitude_squared,surface_energy,param_0,real_group_sampling_width,global_cutoff
0,0.6602058461680682,0.43588524903892856,88.31158687749016,-0.6602058461680682,0.031768512285002014,29
