,abs_amplitude,amplitude_squared,surface_energy,param_0,real_group_sampling_width,global_cutoff
0,0.009404293896619688,0.000134811545539598,11.879086277011943,-6.201238899476324e-05,0.10842849768083916,50
