,abs_amplitude,amplitude_squared,surface_energy,param_0,real_group_sampling_width,global_cutoff
0,0.009955700957192259,0.00015178704160622992,32.51050250217621,0.00031540520198548286,0.10016792099879407,3
