,abs_amplitude,amplitude_squared,surface_energy,param_0,real_group_sampling_width,global_cutoff
0,0.541283060512437,0.29299263995793307,382.191659577393,0.541283060512437,0.019413646435335916,9
