,abs_amplitude,amplitude_squared,surface_energy,param_0,real_group_sampling_width,global_cutoff
0,0.028089439394484272,0.0012425574719900996,27.994924850065672,-0.0006923367406658936,0.244342858209967,1
