,abs_amplitude,amplitude_squared,surface_energy,param_0,real_group_sampling_width,global_cutoff
0,0.5198889745716166,0.2702958095721942,191.850519029379,0.5198889745716166,0.02952873005664171,2
