,abs_amplitude,amplitude_squared,surface_energy,param_0,real_group_sampling_width,global_cutoff
0,0.009942948020138667,0.00015528950777164236,19.69406124893442,0.00021825099152142564,0.10561278418686484,5
