,abs_amplitude,amplitude_squared,surface_energy,param_0,real_group_sampling_width,global_cutoff
0,0.035436823860902536,0.0018789244985035949,31.208436809028996,-0.0006103303665111922,0.3082903041646294,68
