,abs_amplitude,amplitude_squared,surface_energy,param_0,real_group_sampling_width,global_cutoff
0,0.021558232904757054,0.0007503636544172804,24.941378592920262,-0.0019493388696578233,0.21130069298840815,27
