,abs_amplitude,amplitude_squared,surface_energy,param_0,real_group_sampling_width,global_cutoff
0,0.013662928924639267,0.00028250261579893307,34.01992901191898,-0.0009958346748077255,0.13934753345243836,0
