,abs_amplitude,amplitude_squared,surface_energy,param_0,real_group_sampling_width,global_cutoff
0,0.2840491920069703,0.08091184194105307,43.31752949159058,-0.2840491920069703,0.1273096533606762,0
