,abs_amplitude,amplitude_squared,surface_energy,param_0,real_group_sampling_width,global_cutoff
0,0.010904679883293302,0.00018477415512498338,17.10656801547483,-0.0003644735444207216,0.11243769312812028,28
