,abs_amplitude,amplitude_squared,surface_energy,param_0,real_group_sampling_width,global_cutoff
0,0.007681642787681364,9.073348600101207e-05,13.518115960261325,0.00035340972827651695,0.07575959433910355,13
