,abs_amplitude,amplitude_squared,surface_energy,param_0,real_group_sampling_width,global_cutoff
0,0.006856513359306644,7.2372603492512e-05,24.074091478133848,0.0004879409287928272,0.06684403988796815,57
