,abs_amplitude,amplitude_squared,surface_energy,param_0,real_group_sampling_width,global_cutoff
0,0.5823247656170131,0.33912798814003364,94.15747557321991,0.5823247656170131,0.03581566575065066,0
