,abs_amplitude,amplitude_squared,surface_energy,param_0,real_group_sampling_width,global_cutoff
0,0.008888821209720862,0.00012221159588938967,15.921695235383451,0.000914838747811767,0.09954345016318554,79
