,abs_amplitude,amplitude_squared,surface_energy,param_0,real_group_sampling_width,global_cutoff
0,0.6892883565297815,0.47512285360042583,211.8524310094651,-0.6892883565297815,0.018657273303129517,3
