,abs_amplitude,amplitude_squared,surface_energy,param_0,real_group_sampling_width,global_cutoff
0,0.009330876780264959,0.0001380340165338883,16.37847178521519,0.0005086394790978007,0.10195082998436832,18
