,abs_amplitude,amplitude_squared,surface_energy,param_0,real_group_sampling_width,global_cutoff
0,0.017385320433643377,0.00046326434767681156,29.477168103118046,-0.0009458866046878681,0.1705160811465623,3
