,abs_amplitude,amplitude_squared,surface_energy,param_0,real_group_sampling_width,global_cutoff
0,0.12186900240752513,0.015932246038844987,64.36145113027261,0.007526979496824057,0.2821010801816108,23
