,abs_amplitude,amplitude_squared,surface_energy,param_0,real_group_sampling_width,global_cutoff
0,0.012757997555250955,0.000261202218281398,19.842154646240417,0.0003938311827825067,0.12304774113952882,7
