,abs_amplitude,amplitude_squared,surface_energy,param_0,real_group_sampling_width,global_cutoff
0,0.6408899588299565,0.41082675919676176,60.35722631539458,0.6408899588299565,0.04390533708961084,0
