,abs_amplitude,amplitude_squared,surface_energy,param_0,real_group_sampling_width,global_cutoff
0,0.5904829687410399,0.3487061467875496,52.3867914940394,0.5904829687410399,0.05135536407774129,48
