,abs_amplitude,amplitude_squared,surface_energy,param_0,real_group_sampling_width,global_cutoff
0,0.007674765221064254,9.48277759239779e-05,16.425428459566866,-0.00042621694602848465,0.08046774017425226,27
