,abs_amplitude,amplitude_squared,surface_energy,param_0,real_group_sampling_width,global_cutoff
0,0.019107202987324243,0.0005667303494259336,23.77475270879721,0.0018277054794720428,0.17134936334473866,0
