,abs_amplitude,amplitude_squared,surface_energy,param_0,real_group_sampling_width,global_cutoff
0,0.01321753478392133,0.0002651002110247751,23.953038867584205,-3.660416238649581e-05,0.12280531068972064,18
