,abs_amplitude,amplitude_squared,surface_energy,param_0,real_group_sampling_width,global_cutoff
0,0.5107574039535345,0.26092551699555316,49.218429825218784,0.5107574039535345,0.06345375321352495,0
