,abs_amplitude,amplitude_squared,surface_energy,param_0,real_group_sampling_width,global_cutoff
0,0.3648161169846622,0.1332210850760113,42.547282356961546,-0.3648161169846622,0.10019050406772595,60
