,abs_amplitude,amplitude_squared,surface_energy,param_0,real_group_sampling_width,global_cutoff
0,0.009999384605957099,0.00015876782182438004,22.19484356959502,0.00026385196281971345,0.10008018369009915,8
