,abs_amplitude,amplitude_squared,surface_energy,param_0,real_group_sampling_width,global_cutoff
0,0.6454984201524748,0.4166802007788771,95.96518798510687,-0.6454984201524748,0.031174743922635282,12
