,abs_amplitude,amplitude_squared,surface_energy,param_0,real_group_sampling_width,global_cutoff
0,0.6336360563077348,0.40153543778415207,487.58582096353047,-0.6336360563077348,0.0138919578178567,4
