,abs_amplitude,amplitude_squared,surface_energy,param_0,real_group_sampling_width,global_cutoff
0,0.622519975299835,0.38757917968574174,70.44115476639021,-0.622519975299835,0.040250146840314006,1
