,abs_amplitude,amplitude_squared,surface_energy,param_0,real_group_sampling_width,global_cutoff
0,0.02474154497339159,0.0009800167667219158,29.543922132855784,-0.0015396658091518841,0.23329350216132558,0
