,abs_amplitude,amplitude_squared,surface_energy,param_0,real_group_sampling_width,global_cutoff
0,0.12685732041350212,0.018260919997660087,31.103660691815158,-0.0001103765216727155,0.4807469321866659,9
