,abs_amplitude,amplitude_squared,surface_energy,param_0,real_group_sampling_width,global_cutoff
0,0.5262519846962245,0.2770201808910919,43.763944177887694,0.5262519846962245,0.0724229630981276,1
