,abs_amplitude,amplitude_squared,surface_energy,param_0,real_group_sampling_width,global_cutoff
0,0.013964089324819184,0.0003080685711388396,24.98626903962898,0.0010446387563318332,0.14212219755686245,23
