,abs_amplitude,amplitude_squared,surface_energy,param_0,real_group_sampling_width,global_cutoff
0,0.013468013150065544,0.000269741646988098,27.424379422930226,0.000751213011883187,0.1313297170836968,3
