,abs_amplitude,amplitude_squared,surface_energy,param_0,real_group_sampling_width,global_cutoff
0,0.011593782192309153,0.00021774981007942242,72.96650995599198,-0.001113839996964208,0.11423422974067432,1
