,abs_amplitude,amplitude_squared,surface_energy,param_0,real_group_sampling_width,global_cutoff
0,0.01284271261974716,0.00025389582445893604,17.06076605165669,-7.177150761568197e-05,0.1284928816141691,14
