,abs_amplitude,amplitude_squared,surface_energy,param_0,real_group_sampling_width,global_cutoff
0,0.6777214867906177,0.4593111406710744,202.7075547980681,-0.6777214867906177,0.0193354262013366,15
