,abs_amplitude,amplitude_squared,surface_energy,param_0,real_group_sampling_width,global_cutoff
0,0.6123158561516602,0.3750546125360517,125.48044492612983,0.6123158561516602,0.028625806645252497,0
