,abs_amplitude,amplitude_squared,surface_energy,param_0,real_group_sampling_width,global_cutoff
0,0.6759296109938748,0.45718903820262796,125.802322578812,-0.6759296109938748,0.025650540528985792,1
