,abs_amplitude,amplitude_squared,surface_energy,param_0,real_group_sampling_width,global_cutoff
0,0.020053350210387476,0.0006533546711614213,24.954994324113457,-0.0002696024213346311,0.2105564913998073,77
