,abs_amplitude,amplitude_squared,surface_energy,param_0,real_group_sampling_width,global_cutoff
0,0.018761406704359787,0.0005683602802915496,28.879757566045964,0.00036753905122353334,0.18402215266495672,34
