,abs_amplitude,amplitude_squared,surface_energy,param_0,real_group_sampling_width,global_cutoff
0,0.6313265929449243,0.39858231476829675,132.5151945739822,0.6313265929449243,0.02867737103986772,98
