,abs_amplitude,amplitude_squared,surface_energy,param_0,real_group_sampling_width,global_cutoff
0,0.012349023553120899,0.0002562918126159198,15.812489871748667,-0.00031124202961219923,0.1241161542005328,4
