,abs_amplitude,amplitude_squared,surface_energy,param_0,real_group_sampling_width,global_cutoff
0,0.5687387479706572,0.3235211982261035,46.994804127070616,0.5687387479706572,0.06676123870153677,23
