,abs_amplitude,amplitude_squared,surface_energy,param_0,real_group_sampling_width,global_cutoff
0,0.05133823083203742,0.0041513436933916,37.85571988556809,0.0007588683864507061,0.4033806047881141,12
