,abs_amplitude,amplitude_squared,surface_energy,param_0,real_group_sampling_width,global_cutoff
0,0.010457765042610343,0.00017486786421825302,16.119656548779904,0.00028591603239408426,0.10882682786610517,0
