,abs_amplitude,amplitude_squared,surface_energy,param_0,real_group_sampling_width,global_cutoff
0,0.006720735533494608,7.31868588389423e-05,27.375353403089356,-6.937973592815637e-05,0.07386169697180602,35
