,abs_amplitude,amplitude_squared,surface_energy,param_0,real_group_sampling_width,global_cutoff
0,0.471991001616571,0.22281342822973713,91.12854805658476,-0.471991001616571,0.04353619947454371,1
