,abs_amplitude,amplitude_squared,surface_energy,param_0,real_group_sampling_width,global_cutoff
0,0.01707086754743135,0.0004676816179753592,22.64264445004756,0.0010673504892214727,0.16801700338333464,16
