,abs_amplitude,amplitude_squared,surface_energy,param_0,real_group_sampling_width,global_cutoff
0,0.028419151653071562,0.001270814412858192,32.58003444456529,-0.0020784046744015705,0.25261546125783335,0
