,abs_amplitude,amplitude_squared,surface_energy,param_0,real_group_sampling_width,global_cutoff
0,0.4416199765853436,0.19512341777682204,40.8492750030781,-0.4416199765853436,0.08253670096505163,26
