,abs_amplitude,amplitude_squared,surface_energy,param_0,real_group_sampling_width,global_cutoff
0,0.5805662442091067,0.33712470369806546,48.11157284948263,0.5805662442091067,0.07453160342801443,106
