,abs_amplitude,amplitude_squared,surface_energy,param_0,real_group_sampling_width,global_cutoff
0,0.012852665038682345,0.00027607717172094357,26.730125890294662,-0.0003266599011258421,0.1317498166734762,70
