,abs_amplitude,amplitude_squared,surface_energy,param_0,real_group_sampling_width,global_cutoff
0,0.0076662551612138585,8.912820719768958e-05,17.72897672108263,-0.0006052968905209708,0.0888930152097185,133
