,abs_amplitude,amplitude_squared,surface_energy,param_0,real_group_sampling_width,global_cutoff
0,0.005194433683352585,4.189381526440897e-05,182.7840535487221,0.00012447040604814715,0.05512621264230316,47
