,abs_amplitude,amplitude_squared,surface_energy,param_0,real_group_sampling_width,global_cutoff
0,0.36567862202994184,0.13399415513991503,34.4815858947019,-0.36567862202994184,0.1293150614228613,3
