,abs_amplitude,amplitude_squared,surface_energy,param_0,real_group_sampling_width,global_cutoff
0,0.3592346709167962,0.12915556520700014,53.410132896957656,-0.3592346709167962,0.09651537071609015,213
