,abs_amplitude,amplitude_squared,surface_energy,param_0,real_group_sampling_width,global_cutoff
0,0.007818601141280895,9.476915532328043e-05,14.600417030555521,-0.00030957065982053236,0.08663918954258527,90
