,abs_amplitude,amplitude_squared,surface_energy,param_0,real_group_sampling_width,global_cutoff
0,0.6529506605914529,0.42635083329727463,186.16770473752996,0.6529506605914529,0.022151275414858975,6
