,abs_amplitude,amplitude_squared,surface_energy,param_0,real_group_sampling_width,global_cutoff
0,0.006242148245004111,6.148131849167088e-05,19.939767674006024,-0.0001221490783215984,0.07042776152405643,95
