,abs_amplitude,amplitude_squared,surface_energy,param_0,real_group_sampling_width,global_cutoff
0,0.010684641772807327,0.00018074803326518019,12.504424731776457,-0.00024365030912121803,0.1035870176978333,64
