,abs_amplitude,amplitude_squared,surface_energy,param_0,real_group_sampling_width,global_cutoff
0,0.00853491480329755,0.00011969869070762565,10.064475007093026,-0.00021627743589628786,0.09031454248152569,10
