,abs_amplitude,amplitude_squared,surface_energy,param_0,real_group_sampling_width,global_cutoff
0,0.005919908215891718,5.563898405974195e-05,24.55543119223103,-0.000775103409579693,0.06713116816268345,0
