,abs_amplitude,amplitude_squared,surface_energy,param_0,real_group_sampling_width,global_cutoff
0,0.007229832355666111,8.19242161214616e-05,27.578170721863454,0.00011450282826074212,0.08211074130874828,4
