,abs_amplitude,amplitude_squared,surface_energy,param_0,real_group_sampling_width,global_cutoff
0,0.274307418678874,0.07524773304558295,2824.4382804692027,-0.274307418678874,0.015440167753835578,4
