,abs_amplitude,amplitude_squared,surface_energy,param_0,real_group_sampling_width,global_cutoff
0,0.009678027234894946,0.00013888423224523163,23.227471465761337,2.584001786260018e-05,0.0968549129508451,1
