,abs_amplitude,amplitude_squared,surface_energy,param_0,real_group_sampling_width,global_cutoff
0,0.007111302887616741,7.76736909927516e-05,11.593099160838902,-0.0005279518987828325,0.07389587870945968,11
