,abs_amplitude,amplitude_squared,surface_energy,param_0,real_group_sampling_width,global_cutoff
0,0.6850618630602618,0.469396541867674,6387.025568416418,-0.6850618630602618,0.004543332610172562,3
