,abs_amplitude,amplitude_squared,surface_energy,param_0,real_group_sampling_width,global_cutoff
0,0.2782107214060426,0.07840478945006848,35.36242807115569,0.2717764013115462,0.30177402858218166,402
