,abs_amplitude,amplitude_squared,surface_energy,param_0,real_group_sampling_width,global_cutoff
0,0.009396018789607902,0.00014550264963779835,15.187368774852175,-1.9516370451670788e-05,0.09780771529218406,0
