,abs_amplitude,amplitude_squared,surface_energy,param_0,real_group_sampling_width,global_cutoff
0,0.5967085248558922,0.35610989348374233,50.19317527580891,-0.5967085248558922,0.05757896481576631,5
