,abs_amplitude,amplitude_squared,surface_energy,param_0,real_group_sampling_width,global_cutoff
0,0.020796821518990892,0.0006581916186828412,38.2140120621478,-0.00045857540718906666,0.1932609715732306,10
