,abs_amplitude,amplitude_squared,surface_energy,param_0,real_group_sampling_width,global_cutoff
0,0.5525068053405018,0.3054639343769055,50.35940925291281,0.5525068053405018,0.06241681193583663,0
