,abs_amplitude,amplitude_squared,surface_energy,param_0,real_group_sampling_width,global_cutoff
0,0.009810080408425336,0.00014916032469433648,31.572704850669492,-0.0003267920444129842,0.10508588829112969,13
