,abs_amplitude,amplitude_squared,surface_energy,param_0,real_group_sampling_width,global_cutoff
0,0.012476267954976967,0.0002488897111030054,14.260235803692975,0.0004935979504855686,0.12377713828736375,1
