,abs_amplitude,amplitude_squared,surface_energy,param_0,real_group_sampling_width,global_cutoff
0,0.01778729716605969,0.00048214666718206467,33.6288089085501,0.0006914146100512939,0.18702917390963164,61
