,abs_amplitude,amplitude_squared,surface_energy,param_0,real_group_sampling_width,global_cutoff
0,0.007540813299590551,8.75177670311528e-05,25.296416642767124,-0.0005329554593009946,0.08023632038595317,17
