,abs_amplitude,amplitude_squared,surface_energy,param_0,real_group_sampling_width,global_cutoff
0,0.001982006963856312,6.122710363605486e-06,2199.115338478008,0.0002534951971538776,0.020236054865892163,0
