,abs_amplitude,amplitude_squared,surface_energy,param_0,real_group_sampling_width,global_cutoff
0,0.009802572625353287,0.00015579096078472226,31.260129724837952,-0.00018374498874879804,0.10070711653190637,37
