,abs_amplitude,amplitude_squared,surface_energy,param_0,real_group_sampling_width,global_cutoff
0,0.010515746820392701,0.00016927156807829206,20.06717712548173,-0.0007970407045198575,0.10829627411097527,7
