,abs_amplitude,amplitude_squared,surface_energy,param_0,real_group_sampling_width,global_cutoff
0,0.013750169959075817,0.00029202930240665784,18.725203098744984,0.0013685150065075164,0.14241304697795884,13
