,abs_amplitude,amplitude_squared,surface_energy,param_0,real_group_sampling_width,global_cutoff
0,0.46491823127306403,0.21615788764815252,328.40464920239424,-0.46491823127306403,0.025939499915765243,42
