,abs_amplitude,amplitude_squared,surface_energy,param_0,real_group_sampling_width,global_cutoff
0,0.4739989948991249,0.22471664457275764,63.31533961550728,-0.4739989948991249,0.055181863263173425,34
