,abs_amplitude,amplitude_squared,surface_energy,param_0,real_group_sampling_width,global_cutoff
0,0.013806732948423545,0.00030151114405310524,26.374382109617034,0.0001253347939307032,0.13629001508468971,1
