,abs_amplitude,amplitude_squared,surface_energy,param_0,real_group_sampling_width,global_cutoff
0,0.5879582217238047,0.34572171302953736,63.94269457508688,-0.5879582217238047,0.04612905368560621,23
