,abs_amplitude,amplitude_squared,surface_energy,param_0,real_group_sampling_width,global_cutoff
0,0.6115190795678991,0.37406778029187004,5017.607572189366,-0.6115190795678991,0.005751515637950266,1
