,abs_amplitude,amplitude_squared,surface_energy,param_0,real_group_sampling_width,global_cutoff
0,0.43700685096444997,0.19106031322426914,43.268306252086596,-0.43700685096444997,0.08160992920503865,13
