,abs_amplitude,amplitude_squared,surface_energy,param_0,real_group_sampling_width,global_cutoff
0,0.661297547060406,0.4373891388045212,73.10786530604665,-0.661297547060406,0.03630209613776483,0
