,abs_amplitude,amplitude_squared,surface_energy,param_0,real_group_sampling_width,global_cutoff
0,0.007805112418255555,9.562084710957287e-05,16.59241158076973,0.00018669433172703267,0.09020942768262008,89
