,abs_amplitude,amplitude_squared,surface_energy,param_0,real_group_sampling_width,global_cutoff
0,0.013400026601387437,0.0002992723165264718,18.309123428369737,0.0006069687550811921,0.14305168663821402,12
