,abs_amplitude,amplitude_squared,surface_energy,param_0,real_group_sampling_width,global_cutoff
0,0.5519337669527156,0.3046869276513274,53.79937157182487,0.5519337669527156,0.052889300261784934,1
