,abs_amplitude,amplitude_squared,surface_energy,param_0,real_group_sampling_width,global_cutoff
0,0.021174826089297223,0.000707143824966104,31.221298568635238,0.00023591338912083218,0.21713369459991608,48
