,abs_amplitude,amplitude_squared,surface_energy,param_0,real_group_sampling_width,global_cutoff
0,0.00729038054491369,8.14016759443516e-05,16.772341394444556,-0.000573819838444535,0.08262318613808065,96
