,abs_amplitude,amplitude_squared,surface_energy,param_0,real_group_sampling_width,global_cutoff
0,0.025127535435949682,0.0010245926290282615,36.28364783957569,0.0004899026279388636,0.24138554677710997,0
