,abs_amplitude,amplitude_squared,surface_energy,param_0,real_group_sampling_width,global_cutoff
0,0.02234969518353918,0.0007351711916318601,31.61155317905807,0.0013866000016658927,0.24236847630371416,194
