,abs_amplitude,amplitude_squared,surface_energy,param_0,real_group_sampling_width,global_cutoff
0,0.6502609046059475,0.4228477625720532,140.91980404527905,0.6502609046059475,0.025270326658169383,5
