,abs_amplitude,amplitude_squared,surface_energy,param_0,real_group_sampling_width,global_cutoff
0,0.6363081111898892,0.40490398309864495,81.80660935595533,0.6363081111898892,0.03459390898081513,38
