,abs_amplitude,amplitude_squared,surface_energy,param_0,real_group_sampling_width,global_cutoff
0,0.17842934411863762,0.031844108166735954,2638.433749248624,0.17842934411863762,0.023848954869158667,12
