,abs_amplitude,amplitude_squared,surface_energy,param_0,real_group_sampling_width,global_cutoff
0,0.03388594468883822,0.0017574764146230588,27.737066241590192,-0.0005388542501199358,0.3030462574136718,13
