,abs_amplitude,amplitude_squared,surface_energy,param_0,real_group_sampling_width,global_cutoff
0,0.010669229380152263,0.00017696494849010985,25.988501360232913,0.0016705295228766732,0.11629915658513972,0
