,abs_amplitude,amplitude_squared,surface_energy,param_0,real_group_sampling_width,global_cutoff
0,0.008933171500043293,0.00012754640782671568,10.608512197147954,-7.102683298397782e-08,0.09030137442331762,10
