,abs_amplitude,amplitude_squared,surface_energy,param_0,real_group_sampling_width,global_cutoff
0,0.6834408991810427,0.46731108450825337,129.1521718692911,-0.6834408991810427,0.025616817741975568,0
