,abs_amplitude,amplitude_squared,surface_energy,param_0,real_group_sampling_width,global_cutoff
0,0.014031247858597926,0.000309724537120006,19.246328911787202,-0.0015093342346607583,0.1341986384315356,0
