,abs_amplitude,amplitude_squared,surface_energy,param_0,real_group_sampling_width,global_cutoff
0,0.6390921752426362,0.40845211565962963,94.07472657964082,0.6390921752426362,0.03308665265076892,2
