,abs_amplitude,amplitude_squared,surface_energy,param_0,real_group_sampling_width,global_cutoff
0,0.007627711631375209,9.00378055568769e-05,24.208424704963374,0.00036922385434276327,0.07718776220872277,8
