,abs_amplitude,amplitude_squared,surface_energy,param_0,real_group_sampling_width,global_cutoff
0,0.01549041029411449,0.00037434679764581193,23.80636758930623,-0.0008212811919652283,0.16723673346651113,77
