,abs_amplitude,amplitude_squared,surface_energy,param_0,real_group_sampling_width,global_cutoff
0,0.006536648076082717,6.53083367863259e-05,19.47608925468238,-6.166549551012475e-05,0.0670057159983089,1
