,abs_amplitude,amplitude_squared,surface_energy,param_0,real_group_sampling_width,global_cutoff
0,0.015029774236732784,0.0003460629228469442,19.665416882850206,-0.0011219670199388795,0.15132626347332712,25
