,abs_amplitude,amplitude_squared,surface_energy,param_0,real_group_sampling_width,global_cutoff
0,0.006981461819306362,7.798594579434357e-05,22.161077279556135,0.00035788467473401296,0.07368205786601564,4
