,abs_amplitude,amplitude_squared,surface_energy,param_0,real_group_sampling_width,global_cutoff
0,0.012442807877612526,0.00023705393507278413,24.822944163030666,2.767087795135727e-05,0.130343097021827,9
