,abs_amplitude,amplitude_squared,surface_energy,param_0,real_group_sampling_width,global_cutoff
0,0.578828341798512,0.3350649829227973,69.49704652261889,0.578828341798512,0.0418807815013584,2
