,abs_amplitude,amplitude_squared,surface_energy,param_0,real_group_sampling_width,global_cutoff
0,0.007572093796399561,9.244289141278139e-05,21.760424364056778,0.0006754253470676963,0.08049454381612428,0
