,abs_amplitude,amplitude_squared,surface_energy,param_0,real_group_sampling_width,global_cutoff
0,0.49004112896012775,0.24020295490600985,51.506271059437395,0.49004112896012775,0.06351256498065115,2
