,abs_amplitude,amplitude_squared,surface_energy,param_0,real_group_sampling_width,global_cutoff
0,0.6564204700789198,0.4308955953326108,143.71233209187523,-0.6564204700789198,0.024836307871975664,6
