,abs_amplitude,amplitude_squared,surface_energy,param_0,real_group_sampling_width,global_cutoff
0,0.007959354931245374,0.00010048596011362329,24.450864187530655,-0.0001007699795790095,0.08200919490081543,2
