,abs_amplitude,amplitude_squared,surface_energy,param_0,real_group_sampling_width,global_cutoff
0,0.03825911305222951,0.002227825097792716,29.239044966872758,-0.0005607903479398209,0.3350935312041983,16
