,abs_amplitude,amplitude_squared,surface_energy,param_0,real_group_sampling_width,global_cutoff
0,0.529558202855717,0.280482063292689,51.186168081920314,-0.529558202855717,0.05573606973267951,3
