,abs_amplitude,amplitude_squared,surface_energy,param_0,real_group_sampling_width,global_cutoff
0,0.01115476243657645,0.00019140207547052633,18.751392417452927,-0.00031990077173387746,0.10746022804435704,5
