,abs_amplitude,amplitude_squared,surface_energy,param_0,real_group_sampling_width,global_cutoff
0,0.02721416908664448,0.0012073315281183716,29.96008192231771,-0.005389002490195345,0.3058322230275291,230
