,abs_amplitude,amplitude_squared,surface_energy,param_0,real_group_sampling_width,global_cutoff
0,0.008062307319607494,0.0001021517061707661,25.84049953268771,0.0004806706473837423,0.07921943581649112,0
