,abs_amplitude,amplitude_squared,surface_energy,param_0,real_group_sampling_width,global_cutoff
0,0.623456701296669,0.38870657321701657,169.50994358927522,0.623456701296669,0.0249908249432436,58
