,abs_amplitude,amplitude_squared,surface_energy,param_0,real_group_sampling_width,global_cutoff
0,0.008397864467033066,0.00011335580984293903,19.901982147454437,0.0005550771268404289,0.08342015125340814,25
