,abs_amplitude,amplitude_squared,surface_energy,param_0,real_group_sampling_width,global_cutoff
0,0.007781339776669361,9.647961549233582e-05,30.705633782233335,-0.000170662533878976,0.08524989804926845,13
