,abs_amplitude,amplitude_squared,surface_energy,param_0,real_group_sampling_width,global_cutoff
0,0.007301132504052741,7.789565939729115e-05,9.274544322333245,0.0003634902532292114,0.07639717026254683,4
