,abs_amplitude,amplitude_squared,surface_energy,param_0,real_group_sampling_width,global_cutoff
0,0.6751859078989766,0.4558866954286093,93.16760625687539,-0.6751859078989766,0.02867706628574778,52
