,abs_amplitude,amplitude_squared,surface_energy,param_0,real_group_sampling_width,global_cutoff
0,0.6871357456656957,0.47216277407535817,160.38483953910298,-0.6871357456656957,0.023251039483851203,2
