,abs_amplitude,amplitude_squared,surface_energy,param_0,real_group_sampling_width,global_cutoff
0,0.5341934372721648,0.28546614450083424,44.71907882534573,-0.5341934372721648,0.10254222032184386,1
