,abs_amplitude,amplitude_squared,surface_energy,param_0,real_group_sampling_width,global_cutoff
0,0.5489944319292239,0.3014077350813334,139.5230263092183,-0.5489944319292239,0.03106225398781552,15
