,abs_amplitude,amplitude_squared,surface_energy,param_0,real_group_sampling_width,global_cutoff
0,0.46515194345953936,0.21644182883351104,45.26026015813042,-0.46515194345953936,0.0711370213778926,0
