,abs_amplitude,amplitude_squared,surface_energy,param_0,real_group_sampling_width,global_cutoff
0,0.012486329249341071,0.00024828750445724413,30.20140433066545,0.0005100557639497231,0.13500022058626077,55
