,abs_amplitude,amplitude_squared,surface_energy,param_0,real_group_sampling_width,global_cutoff
0,0.5624122853668104,0.316334706597804,109.86784798786452,-0.5624122853668104,0.03517268033651213,0
