,abs_amplitude,amplitude_squared,surface_energy,param_0,real_group_sampling_width,global_cutoff
0,0.01021291098857484,0.00015669729153897376,23.445222607181506,0.00048346303269521085,0.10565179244657007,32
