,abs_amplitude,amplitude_squared,surface_energy,param_0,real_group_sampling_width,global_cutoff
0,0.650623065587698,0.42332710393320677,76.89296432328855,0.650623065587698,0.036804500575964606,6
