,abs_amplitude,amplitude_squared,surface_energy,param_0,real_group_sampling_width,global_cutoff
0,0.4031508804597526,0.16279484143571013,36.47674928872728,-0.4031508804597526,0.12873307756861135,29
