,abs_amplitude,amplitude_squared,surface_energy,param_0,real_group_sampling_width,global_cutoff
0,0.018741539869661396,0.0005504023849294917,24.0637448965163,0.0002938631198495898,0.1812331754189072,16
