,abs_amplitude,amplitude_squared,surface_energy,param_0,real_group_sampling_width,global_cutoff
0,0.5803123349884258,0.33676688143257405,419.3592888844801,0.5803123349884258,0.0180332006773009,18
