,abs_amplitude,amplitude_squared,surface_energy,param_0,real_group_sampling_width,global_cutoff
0,0.4353746727426621,0.1896015508901973,59.37661964432364,0.4353746727426621,0.06378364217770463,26
