,abs_amplitude,amplitude_squared,surface_energy,param_0,real_group_sampling_width,global_cutoff
0,0.18243477477950104,0.0354183818816716,30.693532091883124,-0.0052400214894730845,0.34648514562758814,9
