,abs_amplitude,amplitude_squared,surface_energy,param_0,real_group_sampling_width,global_cutoff
0,0.6135051951010265,0.3764266988990709,53.630376037403146,0.6135051951010265,0.053144308268409525,3
