,abs_amplitude,amplitude_squared,surface_energy,param_0,real_group_sampling_width,global_cutoff
0,0.3260430009206813,0.1063667480330215,97.08690173141079,0.3260430009206813,0.06445057465544228,10
