,abs_amplitude,amplitude_squared,surface_energy,param_0,real_group_sampling_width,global_cutoff
0,0.15922520609484714,0.027745307803278153,30.115313699571256,-0.016210795274801654,0.4409614794778897,67
