,abs_amplitude,amplitude_squared,surface_energy,param_0,real_group_sampling_width,global_cutoff
0,0.00786069155139699,9.941653432377221e-05,10.514208159769677,0.0006731539053427563,0.08002942311487421,0
