,abs_amplitude,amplitude_squared,surface_energy,param_0,real_group_sampling_width,global_cutoff
0,0.013257009305311514,0.00027295215748631557,17.65572112408297,1.3254043731801365e-05,0.13342136589047177,13
