,abs_amplitude,amplitude_squared,surface_energy,param_0,real_group_sampling_width,global_cutoff
0,0.482595416689867,0.23293284288465932,75.6576663768424,-0.482595416689867,0.048200902071297486,9
