,abs_amplitude,amplitude_squared,surface_energy,param_0,real_group_sampling_width,global_cutoff
0,0.0066562973137087676,7.105321840070492e-05,21.278194772377507,-6.248638033858903e-05,0.07209035233792824,0
