,abs_amplitude,amplitude_squared,surface_energy,param_0,real_group_sampling_width,global_cutoff
0,0.017033278893573704,0.00046726663051272225,32.70247847698057,0.0006821833914732431,0.18097511423710652,51
