,abs_amplitude,amplitude_squared,surface_energy,param_0,real_group_sampling_width,global_cutoff
0,0.023586575747157813,0.0009005429887517599,27.183011753344797,-0.0010164966191439646,0.2440583689194258,52
