,abs_amplitude,amplitude_squared,surface_energy,param_0,real_group_sampling_width,global_cutoff
0,0.6641851964758078,0.4412705342771824,193.53789852946863,0.6641851964758078,0.021157843985156213,2
