,abs_amplitude,amplitude_squared,surface_energy,param_0,real_group_sampling_width,global_cutoff
0,0.5595317524627439,0.31316808632581794,45.975306747621126,-0.5595317524627439,0.07225941034430032,0
