,abs_amplitude,amplitude_squared,surface_energy,param_0,real_group_sampling_width,global_cutoff
0,0.619390216099747,0.3836636568923932,77.72127930391397,0.619390216099747,0.0388293022546876,3
