,abs_amplitude,amplitude_squared,surface_energy,param_0,real_group_sampling_width,global_cutoff
0,0.5585232281153683,0.31199226051262174,50.947367998463825,0.5585232281153683,0.059426959317796256,4
