,abs_amplitude,amplitude_squared,surface_energy,param_0,real_group_sampling_width,global_cutoff
0,0.577926159331067,0.33405603251015203,50.78302029273995,-0.577926159331067,0.06629255045332638,1
