,abs_amplitude,amplitude_squared,surface_energy,param_0,real_group_sampling_width,global_cutoff
0,0.006982659320488155,7.622075790354246e-05,23.725358717137823,-0.0009059869621683927,0.074440951759773,0
