,abs_amplitude,amplitude_squared,surface_energy,param_0,real_group_sampling_width,global_cutoff
0,0.5932731797350164,0.3520069808865552,55.63831504922402,0.5932731797350164,0.050799246494091545,4
