,abs_amplitude,amplitude_squared,surface_energy,param_0,real_group_sampling_width,global_cutoff
0,0.0075070729627148836,8.906159263987848e-05,19.032554848046495,0.00017891180196564262,0.07361585636918777,0
