,abs_amplitude,amplitude_squared,surface_energy,param_0,real_group_sampling_width,global_cutoff
0,0.008012009947022582,0.00010025900672768916,15.020147348773929,0.00022639617728500836,0.07946098604288339,5
