,abs_amplitude,amplitude_squared,surface_energy,param_0,real_group_sampling_width,global_cutoff
0,0.006055600800774416,5.768582684415242e-05,22.258282831624022,0.0002902080007561911,0.0632377756646544,37
