,abs_amplitude,amplitude_squared,surface_energy,param_0,real_group_sampling_width,global_cutoff
0,0.009399369492617002,0.00014077594678911263,11.911744584538184,0.00017407954304241624,0.10653480746614474,104
