,abs_amplitude,amplitude_squared,surface_energy,param_0,real_group_sampling_width,global_cutoff
0,0.5011547242468977,0.25125335577990066,41.77089898428383,0.5011547242468977,0.07919831201504078,1
