,abs_amplitude,amplitude_squared,surface_energy,param_0,real_group_sampling_width,global_cutoff
0,0.030969515436523105,0.0014180413351913153,28.07433814617143,0.001493258584030258,0.26284394577061065,2
