,abs_amplitude,amplitude_squared,surface_energy,param_0,real_group_sampling_width,global_cutoff
0,0.5161530217964492,0.2664977534671879,130.0282861675162,-0.5161530217964492,0.03531607863772325,1
