,abs_amplitude,amplitude_squared,surface_energy,param_0,real_group_sampling_width,global_cutoff
0,0.008154330791151918,0.00010746551067898266,23.029352514631135,0.00023301170233158445,0.09764110800750167,120
