,abs_amplitude,amplitude_squared,surface_energy,param_0,real_group_sampling_width,global_cutoff
0,0.00859069508413062,0.0001160590875452242,16.77459650941289,-0.0004285862873734639,0.08945892735522966,2
