,abs_amplitude,amplitude_squared,surface_energy,param_0,real_group_sampling_width,global_cutoff
0,0.012558946141926937,0.0002442472062864339,16.535235821989193,-0.0002451073543653053,0.11568939800319991,1
