,abs_amplitude,amplitude_squared,surface_energy,param_0,real_group_sampling_width,global_cutoff
0,0.5700712378418014,0.3249855118436452,408.77490968438934,0.5700712378418014,0.018057284807006076,4
