,abs_amplitude,amplitude_squared,surface_energy,param_0,real_group_sampling_width,global_cutoff
0,0.4963726269434713,0.24644423066732812,47.90257958245986,-0.4963726269434713,0.0685688509240127,56
