,abs_amplitude,amplitude_squared,surface_energy,param_0,real_group_sampling_width,global_cutoff
0,0.01865217224430938,0.0005371024285129672,22.848469088772486,-0.002692023261747651,0.1681369528232621,4
