,abs_amplitude,amplitude_squared,surface_energy,param_0,real_group_sampling_width,global_cutoff
0,0.012615240242023063,0.00025007523019613835,26.382940529703102,0.0013716811425162764,0.13087368498362742,7
