,abs_amplitude,amplitude_squared,surface_energy,param_0,real_group_sampling_width,global_cutoff
0,0.009373127877815721,0.00013437430340450552,30.374232378944296,-0.0010571439311189558,0.0922653265512328,2
