,abs_amplitude,amplitude_squared,surface_energy,param_0,real_group_sampling_width,global_cutoff
0,0.02358390468367958,0.0008679161483944334,25.44479416208639,-0.0027021600822558795,0.2212193450820498,16
