,abs_amplitude,amplitude_squared,surface_energy,param_0,real_group_sampling_width,global_cutoff
0,0.018990510443423012,0.0005710050194242389,26.631170169960676,0.0007129901334927338,0.2032461087026304,22
