,abs_amplitude,amplitude_squared,surface_energy,param_0,real_group_sampling_width,global_cutoff
0,0.014426116157145797,0.0003262912080225647,19.16197368678409,0.00010507029286954393,0.14341056937238902,30
