,abs_amplitude,amplitude_squared,surface_energy,param_0,real_group_sampling_width,global_cutoff
0,0.5924385395062044,0.35103016134626286,50.685565500934146,-0.5924385395062044,0.056372769996345884,7
