,abs_amplitude,amplitude_squared,surface_energy,param_0,real_group_sampling_width,global_cutoff
0,0.6124685154673571,0.3751319123905063,102.13920835662137,0.6124685154673571,0.03271889381627134,1
