,abs_amplitude,amplitude_squared,surface_energy,param_0,real_group_sampling_width,global_cutoff
0,0.03161939048520606,0.0015246935194626948,27.002608843959496,0.0008979888437611479,0.2847248313872638,3
