,abs_amplitude,amplitude_squared,surface_energy,param_0,real_group_sampling_width,global_cutoff
0,0.6057248869344609,0.3669267711038455,61.576701750186565,0.6057248869344609,0.043457432688765375,1
