,abs_amplitude,amplitude_squared,surface_energy,param_0,real_group_sampling_width,global_cutoff
0,0.006630880402407155,6.875469835420733e-05,18.05561283617381,0.0003383531343210426,0.07016492374234369,1
