,abs_amplitude,amplitude_squared,surface_energy,param_0,real_group_sampling_width,global_cutoff
0,0.011257016830697882,0.00020534452088085602,32.961464177193584,0.0006442072219185356,0.11629198938923097,0
