,abs_amplitude,amplitude_squared,surface_energy,param_0,real_group_sampling_width,global_cutoff
0,0.017622755911557354,0.0004922427454252291,28.489444791448186,-0.0013043055657540332,0.1781827172210162,30
