,abs_amplitude,amplitude_squared,surface_energy,param_0,real_group_sampling_width,global_cutoff
0,0.6901001929946392,0.4762384243237054,6499.866002806888,-0.6901001929946392,0.004118332487134925,10
