,abs_amplitude,amplitude_squared,surface_energy,param_0,real_group_sampling_width,global_cutoff
0,0.009905409170736285,0.00015494112436158713,26.57118095376257,-2.859713442244384e-05,0.09666493075060205,1
