,abs_amplitude,amplitude_squared,surface_energy,param_0,real_group_sampling_width,global_cutoff
0,0.009574508015140626,0.00014543151882548142,13.75469830053261,-0.0005306033122413641,0.11350462807546484,123
