,abs_amplitude,amplitude_squared,surface_energy,param_0,real_group_sampling_width,global_cutoff
0,0.01177516320859891,0.00021165156313974603,10.761833803618547,-0.00015150768092131702,0.11385639198204947,37
