,abs_amplitude,amplitude_squared,surface_energy,param_0,real_group_sampling_width,global_cutoff
0,0.006825204709843421,7.340486867101341e-05,25.78412797642997,0.0003247988846687633,0.07015026591240865,5
