,abs_amplitude,amplitude_squared,surface_energy,param_0,real_group_sampling_width,global_cutoff
0,0.012951571414344372,0.00025952594509786984,28.46575898507646,-0.00039466789764580016,0.1439806188392621,113
