,abs_amplitude,amplitude_squared,surface_energy,param_0,real_group_sampling_width,global_cutoff
0,0.006322821226567483,6.237446998669553e-05,24.031748570899055,1.6679170695410884e-05,0.0659777548842099,4
