,abs_amplitude,amplitude_squared,surface_energy,param_0,real_group_sampling_width,global_cutoff
0,0.42726508346936826,0.1826450334777462,46.30304532577302,0.42726508346936826,0.0745699070572003,3
