,abs_amplitude,amplitude_squared,surface_energy,param_0,real_group_sampling_width,global_cutoff
0,0.6023294743444042,0.36303596058987603,52.16040130298046,0.6023294743444042,0.05596593100833432,0
