,abs_amplitude,amplitude_squared,surface_energy,param_0,real_group_sampling_width,global_cutoff
0,0.5764518715138831,0.3323415422168871,48.715575720873595,0.5764518715138831,0.05737919734688768,3
