,abs_amplitude,amplitude_squared,surface_energy,param_0,real_group_sampling_width,global_cutoff
0,0.5350970864602073,0.2863344335963892,376.8524005131654,-0.5350970864602073,0.019268083762059747,3
