,abs_amplitude,amplitude_squared,surface_energy,param_0,real_group_sampling_width,global_cutoff
0,0.3943506865638983,0.1558700174154202,37.82565042815149,0.3927784060792451,0.15141634483548336,7
