,abs_amplitude,amplitude_squared,surface_energy,param_0,real_group_sampling_width,global_cutoff
0,0.4593909769264835,0.21123316967833716,40.27065467859834,0.4593909769264835,0.11758172351141186,60
