,abs_amplitude,amplitude_squared,surface_energy,param_0,real_group_sampling_width,global_cutoff
0,0.6326179872229561,0.40022573296446334,72.59613303452439,0.6326179872229561,0.03732312379582696,3
