,abs_amplitude,amplitude_squared,surface_energy,param_0,real_group_sampling_width,global_cutoff
0,0.009201523441020917,0.00013053901157263092,14.889532660224772,-0.00077441109312227,0.09149669494183085,25
