,abs_amplitude,amplitude_squared,surface_energy,param_0,real_group_sampling_width,global_cutoff
0,0.04358906036584404,0.0028480052219111407,34.13126189518299,0.0004554837070196787,0.3721887351944973,7
