,abs_amplitude,amplitude_squared,surface_energy,param_0,real_group_sampling_width,global_cutoff
0,0.013423970680370295,0.00028671590387223774,30.895740859859586,0.0003982075991198626,0.13346900565528516,5
