,abs_amplitude,amplitude_squared,surface_energy,param_0,real_group_sampling_width,global_cutoff
0,0.5592849349807154,0.31283410725859384,59.58062221024817,-0.5592849349807154,0.05146998816726283,1
