,abs_amplitude,amplitude_squared,surface_energy,param_0,real_group_sampling_width,global_cutoff
0,0.39769463075256944,0.1581749264516544,295.63433874121796,-0.39769463075256944,0.03265073550822919,60
