,abs_amplitude,amplitude_squared,surface_energy,param_0,real_group_sampling_width,global_cutoff
0,0.6225598533006704,0.387636727489143,471.92407541183763,-0.6225598533006704,0.013637197411980165,2
