,abs_amplitude,amplitude_squared,surface_energy,param_0,real_group_sampling_width,global_cutoff
0,0.00829988752943423,0.00010737412021913692,18.22447773053488,0.0011802026107953644,0.08495241812611608,25
