,abs_amplitude,amplitude_squared,surface_energy,param_0,real_group_sampling_width,global_cutoff
0,0.008761839141978124,0.00012141397503419937,11.424492755118353,-0.00019709197218376048,0.09190680607674516,3
