,abs_amplitude,amplitude_squared,surface_energy,param_0,real_group_sampling_width,global_cutoff
0,0.00865302217474426,0.0001276330261999674,28.2897286016419,-0.00014607141385685862,0.08831099499918887,0
