,abs_amplitude,amplitude_squared,surface_energy,param_0,real_group_sampling_width,global_cutoff
0,0.0073373357038394454,8.607329745953415e-05,26.071859760762447,8.059703694221148e-05,0.07599603284074703,41
