,abs_amplitude,amplitude_squared,surface_energy,param_0,real_group_sampling_width,global_cutoff
0,0.006593034488813083,6.734443101771444e-05,13.679727917806547,-0.000246136226498918,0.06872607721517907,45
