,abs_amplitude,amplitude_squared,surface_energy,param_0,real_group_sampling_width,global_cutoff
0,0.6699167864528328,0.4488081867977585,549.8332088568085,0.6699167864528328,0.012543412425459215,4
