,abs_amplitude,amplitude_squared,surface_energy,param_0,real_group_sampling_width,global_cutoff
0,0.01173763617501814,0.00020496746789323776,28.291301375865498,6.498939476709691e-05,0.11273829493809938,17
