,abs_amplitude,amplitude_squared,surface_energy,param_0,real_group_sampling_width,global_cutoff
0,0.4635205924289021,0.21488109327863858,89.6704306107864,-0.4635205924289021,0.048677895373593044,24
