,abs_amplitude,amplitude_squared,surface_energy,param_0,real_group_sampling_width,global_cutoff
0,0.604236247291288,0.365185350540075,51.10461835016718,-0.604236247291288,0.054309228954674174,1
