,abs_amplitude,amplitude_squared,surface_energy,param_0,real_group_sampling_width,global_cutoff
0,0.008852602890752095,0.00012449501432043524,22.460811119648284,6.746089239234332e-05,0.0888565256909537,8
