,abs_amplitude,amplitude_squared,surface_energy,param_0,real_group_sampling_width,global_cutoff
0,0.541378694758514,0.2931367375181902,52.49414081919392,-0.541378694758514,0.055061305545357826,0
