,abs_amplitude,amplitude_squared,surface_energy,param_0,real_group_sampling_width,global_cutoff
0,0.045209435514220346,0.002982891084398545,43.26159367773202,0.0009924078646375832,0.37769140172868637,6
