,abs_amplitude,amplitude_squared,surface_energy,param_0,real_group_sampling_width,global_cutoff
0,0.00950484108325152,0.0001421623212398043,12.794375249125812,-0.00036710673106419087,0.09215792122292106,0
