,abs_amplitude,amplitude_squared,surface_energy,param_0,real_group_sampling_width,global_cutoff
0,0.5573641676441119,0.31070684580128716,46.73978777656723,-0.5573641676441119,0.06151886741851635,2
