,abs_amplitude,amplitude_squared,surface_energy,param_0,real_group_sampling_width,global_cutoff
0,0.5144987587327362,0.2647138366989141,360.78519315268903,-0.5144987587327362,0.020713280630886354,6
