,abs_amplitude,amplitude_squared,surface_energy,param_0,real_group_sampling_width,global_cutoff
0,0.6530469624413059,0.4264956809263932,518.7847137178807,-0.6530469624413059,0.013003670017680463,3
