,abs_amplitude,amplitude_squared,surface_energy,param_0,real_group_sampling_width,global_cutoff
0,0.01195143588078259,0.00021950673062993395,15.220603372483051,0.00016341484163708724,0.13063749738802355,12
