,abs_amplitude,amplitude_squared,surface_energy,param_0,real_group_sampling_width,global_cutoff
0,0.014603654428708914,0.0003430809610145913,23.416076806055248,-5.938955324307581e-06,0.15315879315140887,38
