,abs_amplitude,amplitude_squared,surface_energy,param_0,real_group_sampling_width,global_cutoff
0,0.6816290933992857,0.46462107220450266,301.6698728394992,-0.6816290933992857,0.015207694666865031,16
