,abs_amplitude,amplitude_squared,surface_energy,param_0,real_group_sampling_width,global_cutoff
0,0.011376743967933426,0.0002055465877111178,14.23315793120249,0.0005286673116886111,0.11155923702017395,12
