,abs_amplitude,amplitude_squared,surface_energy,param_0,real_group_sampling_width,global_cutoff
0,0.24020337594467514,0.05777204702645292,131.56643507017037,-0.24020337594467514,0.07875838233824435,39
