,abs_amplitude,amplitude_squared,surface_energy,param_0,real_group_sampling_width,global_cutoff
0,0.009164172272936949,0.0001329547968154766,12.507282035101813,-0.0001373172547776633,0.09456354126406764,0
