,abs_amplitude,amplitude_squared,surface_energy,param_0,real_group_sampling_width,global_cutoff
0,0.6668399143859154,0.44468451734021264,121.31795494284806,-0.6668399143859154,0.025645603576456195,5
