,abs_amplitude,amplitude_squared,surface_energy,param_0,real_group_sampling_width,global_cutoff
0,0.012425203752446412,0.00023638915757006023,15.610890979240882,0.000394895522171573,0.131853128177909,6
