,abs_amplitude,amplitude_squared,surface_energy,param_0,real_group_sampling_width,global_cutoff
0,0.00960087410090661,0.00014754913389938045,17.81845817996561,-0.0004829007754963575,0.11581562156636495,106
