,abs_amplitude,amplitude_squared,surface_energy,param_0,real_group_sampling_width,global_cutoff
0,0.012172430504590763,0.0002320592352779322,24.994369520388133,0.00017280708949462992,0.1208807166039841,0
