,abs_amplitude,amplitude_squared,surface_energy,param_0,real_group_sampling_width,global_cutoff
0,0.020381482569401244,0.0006457758382055034,48.04835987828304,0.0004494454764074266,0.19848156631813396,0
