,abs_amplitude,amplitude_squared,surface_energy,param_0,real_group_sampling_width,global_cutoff
0,0.009287731551828935,0.00013550507289890112,28.446697009519884,-0.00021660055165607047,0.10180820239118965,41
