,abs_amplitude,amplitude_squared,surface_energy,param_0,real_group_sampling_width,global_cutoff
0,0.6802630011495164,0.4627600249767607,570.4533275341076,-0.6802630011495164,0.011589273303218354,3
