,abs_amplitude,amplitude_squared,surface_energy,param_0,real_group_sampling_width,global_cutoff
0,0.00853674244015576,0.00011283404104103534,24.735229475847053,-0.0006025375249977632,0.08774724122730986,16
