,abs_amplitude,amplitude_squared,surface_energy,param_0,real_group_sampling_width,global_cutoff
0,0.5050076067235654,0.2551702643819318,42.70186982301246,-0.5050076067235654,0.10289742590594506,39
