,abs_amplitude,amplitude_squared,surface_energy,param_0,real_group_sampling_width,global_cutoff
0,0.0053490810057649435,4.8501253748446e-05,188.49604708066624,-0.00016241382730222123,0.058311369689939205,7
