,abs_amplitude,amplitude_squared,surface_energy,param_0,real_group_sampling_width,global_cutoff
0,0.3371250368379716,0.11365525474091136,3008.6211728964277,-0.3371250368379716,0.012104824287794589,1
