,abs_amplitude,amplitude_squared,surface_energy,param_0,real_group_sampling_width,global_cutoff
0,0.6117310508744693,0.374240071437097,68.28023837734558,0.6117310508744693,0.04158310873003921,8
