,abs_amplitude,amplitude_squared,surface_energy,param_0,real_group_sampling_width,global_cutoff
0,0.38366923603358255,0.14721635914396924,290.1282975846054,0.38366923603358255,0.036328401566580175,78
