,abs_amplitude,amplitude_squared,surface_energy,param_0,real_group_sampling_width,global_cutoff
0,0.006826662478672419,7.27004607443085e-05,24.282150466565795,-0.00011989599266121484,0.07260451970989608,72
