,abs_amplitude,amplitude_squared,surface_energy,param_0,real_group_sampling_width,global_cutoff
0,0.013607589089274308,0.0002734521914907625,16.781719925489746,0.00037701297557042477,0.13394163392611833,17
