,abs_amplitude,amplitude_squared,surface_energy,param_0,real_group_sampling_width,global_cutoff
0,0.023084599847319937,0.0008488638047828889,26.038901696087375,0.000165375932830366,0.2243585530871496,2
