,abs_amplitude,amplitude_squared,surface_energy,param_0,real_group_sampling_width,global_cutoff
0,0.008840285391947032,0.00012075035035281486,15.068762457270038,-0.00010224395820763332,0.08840012509627525,31
