,abs_amplitude,amplitude_squared,surface_energy,param_0,real_group_sampling_width,global_cutoff
0,0.048349796927325155,0.003435064291393016,38.05343191480509,-0.002018817838625608,0.393790205118154,4
