,abs_amplitude,amplitude_squared,surface_energy,param_0,real_group_sampling_width,global_cutoff
0,0.007934745137937307,0.00010206739383670462,16.946899085468722,-0.00032978622289125866,0.08455015712604493,55
