,abs_amplitude,amplitude_squared,surface_energy,param_0,real_group_sampling_width,global_cutoff
0,0.6418874546879003,0.4120367993487856,74.74676548155742,0.6418874546879003,0.03748145721007648,9
