,abs_amplitude,amplitude_squared,surface_energy,param_0,real_group_sampling_width,global_cutoff
0,0.01296272682838196,0.00024984971388406846,19.903684145233555,6.433536534721701e-05,0.17077249580764012,224
