,abs_amplitude,amplitude_squared,surface_energy,param_0,real_group_sampling_width,global_cutoff
0,0.01147551392353656,0.00019957118726901852,29.27817109703369,-0.0003365272024157606,0.11544344833518536,23
