,abs_amplitude,amplitude_squared,surface_energy,param_0,real_group_sampling_width,global_cutoff
0,0.007262267136622251,8.642533975672692e-05,10.352097650760282,4.886412962202247e-05,0.08048099030956064,8
