,abs_amplitude,amplitude_squared,surface_energy,param_0,real_group_sampling_width,global_cutoff
0,0.6043102277285798,0.365304302559567,99.86631337700243,-0.6043102277285798,0.033797537212207344,0
