,abs_amplitude,amplitude_squared,surface_energy,param_0,real_group_sampling_width,global_cutoff
0,0.008621807662351929,0.00011610519079325312,30.969723422332184,0.0003244961955260666,0.0930694926774288,1
