,abs_amplitude,amplitude_squared,surface_energy,param_0,real_group_sampling_width,global_cutoff
0,0.007234694577889148,8.136225457535702e-05,18.2743153443852,-0.0006343554966390103,0.07261280678905391,18
