,abs_amplitude,amplitude_squared,surface_energy,param_0,real_group_sampling_width,global_cutoff
0,0.0076409004857811115,9.177897065578242e-05,26.384445595022292,-0.00027735357709104334,0.08296732733622043,15
