,abs_amplitude,amplitude_squared,surface_energy,param_0,real_group_sampling_width,global_cutoff
0,0.16618750865359846,0.02784327009558918,125.64558926876944,0.16618750865359846,0.10947096925633916,1
