,abs_amplitude,amplitude_squared,surface_energy,param_0,real_group_sampling_width,global_cutoff
0,0.009937492448356986,0.00015522035916829655,13.102925514755897,-0.00021353671975502168,0.10585629864486717,59
