,abs_amplitude,amplitude_squared,surface_energy,param_0,real_group_sampling_width,global_cutoff
0,0.32738158445507204,0.10741234524065599,35.40528959364744,0.32738158445507204,0.12440766983719502,13
