,abs_amplitude,amplitude_squared,surface_energy,param_0,real_group_sampling_width,global_cutoff
0,0.011006798837379265,0.00019392884210502054,16.663067895915496,0.0005207848503327819,0.11495690907911382,8
