,abs_amplitude,amplitude_squared,surface_energy,param_0,real_group_sampling_width,global_cutoff
0,0.39676179691088315,0.15746745649126187,80.86106852603864,0.39676179691088315,0.057180676737909296,8
