,abs_amplitude,amplitude_squared,surface_energy,param_0,real_group_sampling_width,global_cutoff
0,0.3953700449262368,0.1565330718202202,35.73853365499145,-0.3953700449262368,0.1069224105176455,0
