,abs_amplitude,amplitude_squared,surface_energy,param_0,real_group_sampling_width,global_cutoff
0,0.006163131136694125,6.0815305413626294e-05,21.907359365532376,0.0005529456366420725,0.06767632245845415,24
