,abs_amplitude,amplitude_squared,surface_energy,param_0,real_group_sampling_width,global_cutoff
0,0.008643646747782,0.00011351425330168407,13.3284725593847,-0.00023796748246892766,0.08728588665383225,27
