,abs_amplitude,amplitude_squared,surface_energy,param_0,real_group_sampling_width,global_cutoff
0,0.6266549811592353,0.39271638958066696,477.1460684712804,0.6266549811592353,0.014163565786775188,3
