,abs_amplitude,amplitude_squared,surface_energy,param_0,real_group_sampling_width,global_cutoff
0,0.4805462236434971,0.23094122305625048,177.74139980022818,-0.4805462236434971,0.03265951778619854,1
