,abs_amplitude,amplitude_squared,surface_energy,param_0,real_group_sampling_width,global_cutoff
0,0.6393498624223743,0.40877338877479047,260.98013459601583,0.6393498624223743,0.018759902869175556,1
