,abs_amplitude,amplitude_squared,surface_energy,param_0,real_group_sampling_width,global_cutoff
0,0.6727429263705963,0.4525849453583887,554.9909042582665,-0.6727429263705963,0.012156167395590592,5
