,abs_amplitude,amplitude_squared,surface_energy,param_0,real_group_sampling_width,global_cutoff
0,0.024959659107666628,0.0009730049134335107,33.56284618889356,-9.479283674362352e-05,0.25054384175574673,7
