,abs_amplitude,amplitude_squared,surface_energy,param_0,real_group_sampling_width,global_cutoff
0,0.009390993482401801,0.0001405854580879383,11.088513662515643,-0.00015026302385455218,0.09376181214837301,9
