,abs_amplitude,amplitude_squared,surface_energy,param_0,real_group_sampling_width,global_cutoff
0,0.01312221729718555,0.00028598124838600673,33.67280189889476,0.0002665678943206923,0.16278351366143332,147
