,abs_amplitude,amplitude_squared,surface_energy,param_0,real_group_sampling_width,global_cutoff
0,0.013957781263385441,0.0002992608527209512,37.49128302190293,5.723981152128535e-05,0.14707540473187433,17
