,abs_amplitude,amplitude_squared,surface_energy,param_0,real_group_sampling_width,global_cutoff
0,0.5287829350777078,0.2797112306605297,43.40213882872111,0.5287829350777078,0.08008227790595204,49
