,abs_amplitude,amplitude_squared,surface_energy,param_0,real_group_sampling_width,global_cutoff
0,0.010889305938966764,0.00019489699598223447,12.493365085667854,7.590863628932474e-05,0.1173350976215705,4
