,abs_amplitude,amplitude_squared,surface_energy,param_0,real_group_sampling_width,global_cutoff
0,0.2779497726327213,0.07753778361049218,35.87327599917757,0.2779497726327213,0.1422802607523365,22
