,abs_amplitude,amplitude_squared,surface_energy,param_0,real_group_sampling_width,global_cutoff
0,0.6678018111654164,0.44596978408330673,103.4997830423293,0.6678018111654164,0.028466841138389005,6
