,abs_amplitude,amplitude_squared,surface_energy,param_0,real_group_sampling_width,global_cutoff
0,0.6499357284491543,0.4224228309894831,513.5924375752575,-0.6499357284491543,0.01324119919398475,4
