,abs_amplitude,amplitude_squared,surface_energy,param_0,real_group_sampling_width,global_cutoff
0,0.3061275902046916,0.09378497954863813,95.10786796268987,0.3061275902046916,0.072443492983718,0
