,abs_amplitude,amplitude_squared,surface_energy,param_0,real_group_sampling_width,global_cutoff
0,0.5320517614176488,0.2831113842639989,71.11617746593254,-0.5320517614176488,0.04676606552107548,8
