,abs_amplitude,amplitude_squared,surface_energy,param_0,real_group_sampling_width,global_cutoff
0,0.0076688200716361656,8.984843761047291e-05,7.883479168828576,-4.6073669246431464e-05,0.07904211946969839,10
