,abs_amplitude,amplitude_squared,surface_energy,param_0,real_group_sampling_width,global_cutoff
0,0.009513292528724416,0.00014334794928494963,12.209536089160544,-0.0007553942017177331,0.11021141712542964,102
