,abs_amplitude,amplitude_squared,surface_energy,param_0,real_group_sampling_width,global_cutoff
0,0.017190602977299706,0.00046391842379942514,34.17217980638412,-0.00145869196311215,0.17177692421712906,33
