,abs_amplitude,amplitude_squared,surface_energy,param_0,real_group_sampling_width,global_cutoff
0,0.014122597110530861,0.00031900850564820063,35.06138682880821,-0.0010504002288644182,0.13840129019927674,22
