,abs_amplitude,amplitude_squared,surface_energy,param_0,real_group_sampling_width,global_cutoff
0,0.01275229383615962,0.00024275623365450506,14.980275149512368,0.0012744584865660212,0.14461234718314855,191
