,abs_amplitude,amplitude_squared,surface_energy,param_0,real_group_sampling_width,global_cutoff
0,0.013403565292709028,0.00027973516783757037,17.8929979988872,1.99629097052532e-05,0.13908073780184044,31
