,abs_amplitude,amplitude_squared,surface_energy,param_0,real_group_sampling_width,global_cutoff
0,0.5283994065394559,0.27923376866005845,371.5066623107143,0.5283994065394559,0.020845241561320626,1
