,abs_amplitude,amplitude_squared,surface_energy,param_0,real_group_sampling_width,global_cutoff
0,0.010551548953588891,0.0001824868468063772,21.05409675173058,9.852598385186803e-05,0.11101639096165997,5
