,abs_amplitude,amplitude_squared,surface_energy,param_0,real_group_sampling_width,global_cutoff
0,0.0073632812357423425,8.39177983589499e-05,26.92840469664313,-0.0002521466472668482,0.07851073186822558,17
