,abs_amplitude,amplitude_squared,surface_energy,param_0,real_group_sampling_width,global_cutoff
0,0.6643480432628391,0.4415390633555615,102.56391488150729,0.6643480432628391,0.0291451354198206,0
