,abs_amplitude,amplitude_squared,surface_energy,param_0,real_group_sampling_width,global_cutoff
0,0.3881378018050018,0.15073273207385068,55.40755640697269,-0.3881378018050018,0.09089820018889935,182
