,abs_amplitude,amplitude_squared,surface_energy,param_0,real_group_sampling_width,global_cutoff
0,0.018765572147522915,0.000549073766718566,26.128520102668322,-0.0003840041081832744,0.192240104345085,12
