,abs_amplitude,amplitude_squared,surface_energy,param_0,real_group_sampling_width,global_cutoff
0,0.009339016248671254,0.0001384460975936908,10.336555589237284,0.0006370977433050564,0.09014306692044692,0
