,abs_amplitude,amplitude_squared,surface_energy,param_0,real_group_sampling_width,global_cutoff
0,0.012964230391225939,0.00027190438869885387,33.32564517359029,0.0010638738517732827,0.1415274463633492,55
