,abs_amplitude,amplitude_squared,surface_energy,param_0,real_group_sampling_width,global_cutoff
0,0.013553544191780618,0.00029149201873807253,18.175001999785003,0.0016640527893478797,0.13706371124212377,1
