,abs_amplitude,amplitude_squared,surface_energy,param_0,real_group_sampling_width,global_cutoff
0,0.02615797746860391,0.0010897841822685094,34.343349830441205,-0.0016245397859594116,0.25297220704249856,8
