,abs_amplitude,amplitude_squared,surface_energy,param_0,real_group_sampling_width,global_cutoff
0,0.44946609602811144,0.20224061755081668,39.8642213851293,-0.44946609602811144,0.12295488341175637,19
