,abs_amplitude,amplitude_squared,surface_energy,param_0,real_group_sampling_width,global_cutoff
0,0.5324123555372146,0.2836780423611435,197.46624976021013,0.5324123555372146,0.027728722976711532,0
