,abs_amplitude,amplitude_squared,surface_energy,param_0,real_group_sampling_width,global_cutoff
0,0.5240628818650961,0.2747517006844491,42.97220991850667,0.5240628818650961,0.08061026389112413,1
