,abs_amplitude,amplitude_squared,surface_energy,param_0,real_group_sampling_width,global_cutoff
0,0.44618949318104084,0.1991374700119869,60.364028667107576,0.44618949318104084,0.060125649004771464,4
