,abs_amplitude,amplitude_squared,surface_energy,param_0,real_group_sampling_width,global_cutoff
0,0.010140992890761981,0.00015533052147710238,22.507429028180244,0.00011955529627818053,0.09983416937661498,12
