,abs_amplitude,amplitude_squared,surface_energy,param_0,real_group_sampling_width,global_cutoff
0,0.6072426211518801,0.3687887897385515,51.55958398522664,0.6072426211518801,0.05827497218205974,44
