,abs_amplitude,amplitude_squared,surface_energy,param_0,real_group_sampling_width,global_cutoff
0,0.006288147927553497,5.951838389927885e-05,22.14808699680885,-0.00011644201852588343,0.06770094285674651,4
