,abs_amplitude,amplitude_squared,surface_energy,param_0,real_group_sampling_width,global_cutoff
0,0.01911869085852718,0.0005573969976085902,23.50246867591888,-0.0010133492646495481,0.18085797447830204,1
