,abs_amplitude,amplitude_squared,surface_energy,param_0,real_group_sampling_width,global_cutoff
0,0.37273239277578585,0.13900835672812012,63.84680323767008,-0.37273239277578585,0.07648495371829163,44
