,abs_amplitude,amplitude_squared,surface_energy,param_0,real_group_sampling_width,global_cutoff
0,0.007584110222523529,8.706544475665149e-05,16.68610285056462,-0.00010640484816828464,0.08167267115731555,21
