,abs_amplitude,amplitude_squared,surface_energy,param_0,real_group_sampling_width,global_cutoff
0,0.24409604364188583,0.06004682944717072,32.95572476472756,0.24218508176346837,0.17206004978436823,5
