,abs_amplitude,amplitude_squared,surface_energy,param_0,real_group_sampling_width,global_cutoff
0,0.053604633577549,0.004135880969934867,31.76150255521584,-0.0007945780865709749,0.45039217407416576,88
