,abs_amplitude,amplitude_squared,surface_energy,param_0,real_group_sampling_width,global_cutoff
0,0.00719157727484749,8.174149308709045e-05,20.85752222426482,-0.0004573706955547423,0.07533292178400709,0
