,abs_amplitude,amplitude_squared,surface_energy,param_0,real_group_sampling_width,global_cutoff
0,0.0094085323028149,0.00013739950339585692,9.529473184441718,0.0002766489381264708,0.09703075864863606,16
