,abs_amplitude,amplitude_squared,surface_energy,param_0,real_group_sampling_width,global_cutoff
0,0.014095048810203644,0.00030346324725576503,113.69623909231538,0.0005442869876584931,0.13519730418929488,6
