,abs_amplitude,amplitude_squared,surface_energy,param_0,real_group_sampling_width,global_cutoff
0,0.3998571919610893,0.15995102115061913,66.22869336421161,0.3998571919610893,0.07128218814402955,2
