,abs_amplitude,amplitude_squared,surface_energy,param_0,real_group_sampling_width,global_cutoff
0,0.347080953411082,0.12090938685936028,34.72667380548932,-0.347080953411082,0.17003975235230512,38
