,abs_amplitude,amplitude_squared,surface_energy,param_0,real_group_sampling_width,global_cutoff
0,0.009566022551785139,0.00014243792763174318,13.078685603761743,3.418246619000567e-05,0.0956279046295808,5
