,abs_amplitude,amplitude_squared,surface_energy,param_0,real_group_sampling_width,global_cutoff
0,0.01059395919685284,0.00016892208399537913,18.44371907751726,-4.839389152241255e-06,0.10417496665174815,7
