,abs_amplitude,amplitude_squared,surface_energy,param_0,real_group_sampling_width,global_cutoff
0,0.4943368082695503,0.24438924097860099,124.29395673362838,0.4943368082695503,0.0368450303817927,2
