,abs_amplitude,amplitude_squared,surface_energy,param_0,real_group_sampling_width,global_cutoff
0,0.31715238422046826,0.10106358124270054,33.06710593326561,0.31715238422046826,0.15623148234036607,1
