,abs_amplitude,amplitude_squared,surface_energy,param_0,real_group_sampling_width,global_cutoff
0,0.6440584688235448,0.41481763515945436,180.62923835510674,0.6440584688235448,0.020510315027327083,29
