,abs_amplitude,amplitude_squared,surface_energy,param_0,real_group_sampling_width,global_cutoff
0,0.5501791679811889,0.3027237824881942,74.01880595060088,0.5501791679811889,0.04541733617268381,2
