,abs_amplitude,amplitude_squared,surface_energy,param_0,real_group_sampling_width,global_cutoff
0,0.004553909771830379,3.396803748210882e-05,171.36008596602133,-0.00022988598500076868,0.04696943646005073,10
