,abs_amplitude,amplitude_squared,surface_energy,param_0,real_group_sampling_width,global_cutoff
0,0.5433431686739224,0.2952357825215516,137.62937027348124,-0.5433431686739224,0.030523732624731542,10
