,abs_amplitude,amplitude_squared,surface_energy,param_0,real_group_sampling_width,global_cutoff
0,0.010288860492807483,0.0001730850526572418,16.448612852635556,0.001389283746091276,0.11133993620222594,57
