,abs_amplitude,amplitude_squared,surface_energy,param_0,real_group_sampling_width,global_cutoff
0,0.009097124267088048,0.0001328356946753206,9.098320134740826,-0.0005499188806823263,0.09553050935534672,5
