,abs_amplitude,amplitude_squared,surface_energy,param_0,real_group_sampling_width,global_cutoff
0,0.6703746910466705,0.4494152012043854,91.55099481196574,0.6703746910466705,0.03007488842100037,2
