,abs_amplitude,amplitude_squared,surface_energy,param_0,real_group_sampling_width,global_cutoff
0,0.011454521442303304,0.00020728231068710987,13.191760239075657,-0.0005182982993632415,0.12151426690042118,83
