,abs_amplitude,amplitude_squared,surface_energy,param_0,real_group_sampling_width,global_cutoff
0,0.5707412391579093,0.32574612698987687,4495.90394873529,0.5707412391579093,0.006168776914551758,4
