,abs_amplitude,amplitude_squared,surface_energy,param_0,real_group_sampling_width,global_cutoff
0,0.5454327378535088,0.29756626882026554,44.70072250699878,0.5454327378535088,0.06923957335652728,1
