,abs_amplitude,amplitude_squared,surface_energy,param_0,real_group_sampling_width,global_cutoff
0,0.011843331780045431,0.0002154551535818763,16.617110270058774,0.0011731727866513089,0.12688472809160495,8
