,abs_amplitude,amplitude_squared,surface_energy,param_0,real_group_sampling_width,global_cutoff
0,0.008829948251588218,0.00012004934944666239,12.225670508394815,-0.00137459596320054,0.09116605525798492,19
