,abs_amplitude,amplitude_squared,surface_energy,param_0,real_group_sampling_width,global_cutoff
0,0.008959056747503979,0.0001291872697344208,24.418563909134544,-0.00028598813689462653,0.09124230570063428,0
