,abs_amplitude,amplitude_squared,surface_energy,param_0,real_group_sampling_width,global_cutoff
0,0.6467831676289822,0.4183660034342326,182.47864940290762,-0.6467831676289822,0.022305367112973196,2
