,abs_amplitude,amplitude_squared,surface_energy,param_0,real_group_sampling_width,global_cutoff
0,0.01034250126774559,0.00017825949405592706,17.50595953960301,-0.00034408570062703295,0.11490005291892821,117
