,abs_amplitude,amplitude_squared,surface_energy,param_0,real_group_sampling_width,global_cutoff
0,0.5474224303232663,0.29971596756215013,387.5259869483964,-0.5474224303232663,0.019249199575714866,2
