,abs_amplitude,amplitude_squared,surface_energy,param_0,real_group_sampling_width,global_cutoff
0,0.4459054846077473,0.19883317379337812,3492.53083908475,-0.4459054846077473,0.009137830392965616,3
