,abs_amplitude,amplitude_squared,surface_energy,param_0,real_group_sampling_width,global_cutoff
0,0.013119390582546976,0.00027943978123974616,23.476108932151018,-0.001097350161714314,0.1275670790443572,1
