,abs_amplitude,amplitude_squared,surface_energy,param_0,real_group_sampling_width,global_cutoff
0,0.00722841657929241,8.050022426200597e-05,25.811108624593725,-9.679217086289885e-05,0.07557132008851906,29
