,abs_amplitude,amplitude_squared,surface_energy,param_0,real_group_sampling_width,global_cutoff
0,0.4458053875441225,0.19878991604049398,70.96149479569496,-0.4458053875441225,0.061796516518782714,1
