,abs_amplitude,amplitude_squared,surface_energy,param_0,real_group_sampling_width,global_cutoff
0,0.43299000693417783,0.18754669537743332,51.91331169566635,-0.43299000693417783,0.06744743148243791,25
