,abs_amplitude,amplitude_squared,surface_energy,param_0,real_group_sampling_width,global_cutoff
0,0.42538234384625595,0.1811229603903771,36.82589793976931,0.42538234384625595,0.10754963474080625,20
