,abs_amplitude,amplitude_squared,surface_energy,param_0,real_group_sampling_width,global_cutoff
0,0.005885957599574327,5.272546684383425e-05,22.026385037355844,-7.794182140251077e-05,0.06533485237770041,67
