,abs_amplitude,amplitude_squared,surface_energy,param_0,real_group_sampling_width,global_cutoff
0,0.3433891768486357,0.118020876789159,52.40782443746472,0.3433891768486357,0.08502468283399374,4
