,abs_amplitude,amplitude_squared,surface_energy,param_0,real_group_sampling_width,global_cutoff
0,0.4748951535920861,0.22572182599370919,41.08252618362637,0.47296495072434014,0.12075368170717107,5
