,abs_amplitude,amplitude_squared,surface_energy,param_0,real_group_sampling_width,global_cutoff
0,0.41576643505720684,0.17289180042647165,108.85073843481793,0.41576643505720684,0.05016756627617456,16
