,abs_amplitude,amplitude_squared,surface_energy,param_0,real_group_sampling_width,global_cutoff
0,0.013362465388106315,0.00029361530577452007,17.746893821315155,0.0004683550052495365,0.1352468341219077,0
