,abs_amplitude,amplitude_squared,surface_energy,param_0,real_group_sampling_width,global_cutoff
0,0.1755707844424278,0.030911374671278195,239.8609252897843,-0.1755707844424278,0.0829439735508148,26
