,abs_amplitude,amplitude_squared,surface_energy,param_0,real_group_sampling_width,global_cutoff
0,0.010996721358169046,0.00018430525563608473,17.435527980726235,-0.0003484642845202844,0.10660737685008877,8
