,abs_amplitude,amplitude_squared,surface_energy,param_0,real_group_sampling_width,global_cutoff
0,0.011243092567057463,0.00019543335942750597,13.816986021548562,-0.000621030798091944,0.11066541920468333,23
