,abs_amplitude,amplitude_squared,surface_energy,param_0,real_group_sampling_width,global_cutoff
0,0.016953923837683342,0.0004380969833339583,30.130457810804995,0.0009697654946891249,0.16199920750727745,2
