,abs_amplitude,amplitude_squared,surface_energy,param_0,real_group_sampling_width,global_cutoff
0,0.2647704895545635,0.07095845371659955,32.96640424442251,-0.2647704895545635,0.24628077580968646,244
