,abs_amplitude,amplitude_squared,surface_energy,param_0,real_group_sampling_width,global_cutoff
0,0.009050909998976515,0.00012686147388846805,11.152513806329866,0.0003175731770450604,0.08850856118804107,1
