,abs_amplitude,amplitude_squared,surface_energy,param_0,real_group_sampling_width,global_cutoff
0,0.5171870088765733,0.2676045037404595,43.50963427032491,-0.5171870088765733,0.09867358591304169,11
