,abs_amplitude,amplitude_squared,surface_energy,param_0,real_group_sampling_width,global_cutoff
0,0.013906337178850592,0.00029214027528507596,19.123256493982904,0.0002567028957137882,0.13726671605888247,33
