,abs_amplitude,amplitude_squared,surface_energy,param_0,real_group_sampling_width,global_cutoff
0,0.011235695544044725,0.0001925528760938209,26.549164084773622,-0.00022995019940238648,0.11154379603889228,9
