,abs_amplitude,amplitude_squared,surface_energy,param_0,real_group_sampling_width,global_cutoff
0,0.28096045415418447,0.07908551178941357,57.839808200308184,0.28096045415418447,0.10237360546567213,43
