,abs_amplitude,amplitude_squared,surface_energy,param_0,real_group_sampling_width,global_cutoff
0,0.01258030966099185,0.00025316322718976325,14.049920922351173,-0.00075138974703977,0.1274675021637049,31
