,abs_amplitude,amplitude_squared,surface_energy,param_0,real_group_sampling_width,global_cutoff
0,0.008584506038616322,0.0001166816040738903,25.019555999099246,0.0007171665271453084,0.09731182603086615,124
