,abs_amplitude,amplitude_squared,surface_energy,param_0,real_group_sampling_width,global_cutoff
0,0.5376587398567354,0.2892034344927094,44.75790517402987,-0.5376587398567354,0.06531668610936595,1
