,abs_amplitude,amplitude_squared,surface_energy,param_0,real_group_sampling_width,global_cutoff
0,0.6262861033086279,0.3922625821205546,60.8799458619795,-0.6262861033086279,0.04363494969398631,2
