,abs_amplitude,amplitude_squared,surface_energy,param_0,real_group_sampling_width,global_cutoff
0,0.008984118524500706,0.00012635945657842775,29.480853063437145,0.00019805095707163477,0.09207933472553476,0
