,abs_amplitude,amplitude_squared,surface_energy,param_0,real_group_sampling_width,global_cutoff
0,0.005765613660326566,5.24317135011659e-05,25.27761687713314,-0.00038732062692028833,0.06752790846422597,61
