,abs_amplitude,amplitude_squared,surface_energy,param_0,real_group_sampling_width,global_cutoff
0,0.4449429737006276,0.19813080794798077,37.75950748024744,-0.4449429737006276,0.09563519981237695,0
