,abs_amplitude,amplitude_squared,surface_energy,param_0,real_group_sampling_width,global_cutoff
0,0.5915779230155589,0.3499765317388804,118.40561785416729,-0.5915779230155589,0.03111156891663881,6
