,abs_amplitude,amplitude_squared,surface_energy,param_0,real_group_sampling_width,global_cutoff
0,0.012004651841560259,0.0002237538478464171,14.705786248533377,-0.00028345023748067155,0.12500943485638968,1
