,abs_amplitude,amplitude_squared,surface_energy,param_0,real_group_sampling_width,global_cutoff
0,0.009948230631683512,0.00016136346879108959,19.080271397771657,-0.0010148326594666434,0.11049557892896145,17
