,abs_amplitude,amplitude_squared,surface_energy,param_0,real_group_sampling_width,global_cutoff
0,0.007534674946113498,9.059466911375505e-05,17.022726311342424,0.0011189987321222658,0.08162188955767119,127
