,abs_amplitude,amplitude_squared,surface_energy,param_0,real_group_sampling_width,global_cutoff
0,0.6782535022224804,0.4600279795474198,6217.071054390582,0.6782535022224804,0.004425623929044339,6
