,abs_amplitude,amplitude_squared,surface_energy,param_0,real_group_sampling_width,global_cutoff
0,0.015597012092377195,0.00038254941987073897,20.62468074208425,0.00029662435295638964,0.15986981525413024,31
