,abs_amplitude,amplitude_squared,surface_energy,param_0,real_group_sampling_width,global_cutoff
0,0.3639084736829667,0.13291821774870596,37.006934190437676,-0.362445144946651,0.1904577974391446,6
