,abs_amplitude,amplitude_squared,surface_energy,param_0,real_group_sampling_width,global_cutoff
0,0.008614383353272179,0.00012110854467876048,30.671961321555486,-0.0008782099318380026,0.08839138178184439,0
