,abs_amplitude,amplitude_squared,surface_energy,param_0,real_group_sampling_width,global_cutoff
0,0.006196902483731874,6.154333506346482e-05,194.20807736078342,-0.0002986399354101452,0.06569344788635649,55
