,abs_amplitude,amplitude_squared,surface_energy,param_0,real_group_sampling_width,global_cutoff
0,0.009218670104281953,0.00013671574354218435,11.316165482658452,-0.0006284447908858219,0.09976724329686541,20
