,abs_amplitude,amplitude_squared,surface_energy,param_0,real_group_sampling_width,global_cutoff
0,0.00760535044004661,9.143449138631844e-05,8.185475602943548,0.00034244556303575504,0.08013873105406277,27
