,abs_amplitude,amplitude_squared,surface_energy,param_0,real_group_sampling_width,global_cutoff
0,0.00972195643760991,0.00014742232822003383,15.353179988903005,-0.0004920950454671441,0.09377170769080574,9
