,abs_amplitude,amplitude_squared,surface_energy,param_0,real_group_sampling_width,global_cutoff
0,0.4256095459951237,0.18135621766816423,37.34851487429309,-0.4256095459951237,0.12906592371219677,122
