,abs_amplitude,amplitude_squared,surface_energy,param_0,real_group_sampling_width,global_cutoff
0,0.006918185538880243,7.683913528771334e-05,11.824949286867428,0.0004667780536623899,0.07336579253064959,0
