,abs_amplitude,amplitude_squared,surface_energy,param_0,real_group_sampling_width,global_cutoff
0,0.009508654644714462,0.0001408394601489929,68.91280878702884,-0.0007203560492473049,0.10194392081831348,0
