,abs_amplitude,amplitude_squared,surface_energy,param_0,real_group_sampling_width,global_cutoff
0,0.009321377009882384,0.000137118108290422,20.249640240973022,-0.0007953311088643255,0.1029994899977439,95
