,abs_amplitude,amplitude_squared,surface_energy,param_0,real_group_sampling_width,global_cutoff
0,0.5961959584374183,0.35547557482623776,65.39110606357842,0.5961959584374183,0.04514124951682714,30
