,abs_amplitude,amplitude_squared,surface_energy,param_0,real_group_sampling_width,global_cutoff
0,0.019581066500992266,0.0005765935567852326,36.37683465650495,0.0009403637679205302,0.2093911253686572,80
