,abs_amplitude,amplitude_squared,surface_energy,param_0,real_group_sampling_width,global_cutoff
0,0.6526951899231805,0.4262008771961821,77.60983520782678,-0.6526951899231805,0.03617603152175124,0
