,abs_amplitude,amplitude_squared,surface_energy,param_0,real_group_sampling_width,global_cutoff
0,0.4448021215274998,0.19787226674274944,317.5292244903271,-0.4448021215274998,0.03510210751915653,0
