,abs_amplitude,amplitude_squared,surface_energy,param_0,real_group_sampling_width,global_cutoff
0,0.5048527441681306,0.25499137283825885,41.68023718671352,-0.5048527441681306,0.0903828053283703,45
