,abs_amplitude,amplitude_squared,surface_energy,param_0,real_group_sampling_width,global_cutoff
0,0.43711425235323437,0.19114653697345144,47.049971647106084,-0.43711425235323437,0.07214544109606434,2
