,abs_amplitude,amplitude_squared,surface_energy,param_0,real_group_sampling_width,global_cutoff
0,0.4994549496076149,0.2495170040987176,45.03211083417376,0.4994549496076149,0.06808320503416986,14
