,abs_amplitude,amplitude_squared,surface_energy,param_0,real_group_sampling_width,global_cutoff
0,0.5225510524086234,0.2731443618910475,44.866405230536614,-0.5225510524086234,0.06855375863053968,1
