,abs_amplitude,amplitude_squared,surface_energy,param_0,real_group_sampling_width,global_cutoff
0,0.013828626607078481,0.00028662878010718673,17.95249636927616,-0.00014547839922713013,0.12756617230220435,20
