,abs_amplitude,amplitude_squared,surface_energy,param_0,real_group_sampling_width,global_cutoff
0,0.008805525561477323,0.00011794140004107629,19.33338423241263,6.315564451671344e-05,0.08840891363164628,3
