,abs_amplitude,amplitude_squared,surface_energy,param_0,real_group_sampling_width,global_cutoff
0,0.006985648716696451,7.722499662513121e-05,15.407550592661341,0.00045686858184842196,0.0725234124145679,17
