,abs_amplitude,amplitude_squared,surface_energy,param_0,real_group_sampling_width,global_cutoff
0,0.006822088770726183,7.366933771562755e-05,13.911627321485442,0.0010049485536702807,0.07500286637388053,103
