,abs_amplitude,amplitude_squared,surface_energy,param_0,real_group_sampling_width,global_cutoff
0,0.007478408271852265,8.777898638875167e-05,7.419755060945846,0.0007161129855567453,0.07908534000924679,6
