,abs_amplitude,amplitude_squared,surface_energy,param_0,real_group_sampling_width,global_cutoff
0,0.5512035271050473,0.30384710998307335,87.26637345899427,0.5512035271050473,0.03932056798905845,2
