,abs_amplitude,amplitude_squared,surface_energy,param_0,real_group_sampling_width,global_cutoff
0,0.5187312334019755,0.26921236572719515,99.8245890962998,-0.5187312334019755,0.03924588986829968,0
