,abs_amplitude,amplitude_squared,surface_energy,param_0,real_group_sampling_width,global_cutoff
0,0.5893424173059764,0.3475231986691676,55.054809000955736,-0.5893424173059764,0.05458369653825604,0
