,abs_amplitude,amplitude_squared,surface_energy,param_0,real_group_sampling_width,global_cutoff
0,0.41130797789549184,0.1692559266261925,50.208754432616175,0.41130797789549184,0.07324259904753831,1
