,abs_amplitude,amplitude_squared,surface_energy,param_0,real_group_sampling_width,global_cutoff
0,0.021684097402454458,0.0007297428464828386,40.05116325869315,0.0015433617659527563,0.2114247329757527,0
