,abs_amplitude,amplitude_squared,surface_energy,param_0,real_group_sampling_width,global_cutoff
0,0.3782420865499255,0.1431781132621404,43.301356824760035,-0.3782420865499255,0.08853645758137806,21
