,abs_amplitude,amplitude_squared,surface_energy,param_0,real_group_sampling_width,global_cutoff
0,0.12128277217956066,0.01489334871042165,234.18166066635374,0.12128277217956066,0.12990430343842765,184
