,abs_amplitude,amplitude_squared,surface_energy,param_0,real_group_sampling_width,global_cutoff
0,0.018824667441116914,0.0005016673651919801,2513.274383414021,0.0006532837883298635,0.21521483844450065,155
