,abs_amplitude,amplitude_squared,surface_energy,param_0,real_group_sampling_width,global_cutoff
0,0.010652982294313173,0.0001802143073309223,12.501097515458996,-0.000482707012437803,0.11233263045836361,80
