,abs_amplitude,amplitude_squared,surface_energy,param_0,real_group_sampling_width,global_cutoff
0,0.675782995591786,0.4566836037662975,6160.4006713837,-0.675782995591786,0.004724815272387887,3
