,abs_amplitude,amplitude_squared,surface_energy,param_0,real_group_sampling_width,global_cutoff
0,0.6666198621805199,0.44439728238945786,81.17281719517557,0.6666198621805199,0.03204466152614878,18
