,abs_amplitude,amplitude_squared,surface_energy,param_0,real_group_sampling_width,global_cutoff
0,0.008034648685374374,9.860039507763856e-05,27.009632748948352,0.0004371873980323347,0.07823333042958942,24
