,abs_amplitude,amplitude_squared,surface_energy,param_0,real_group_sampling_width,global_cutoff
0,0.5482489617106377,0.30057763676810484,4262.215133639117,0.5482489617106377,0.006493064223355745,3
