,abs_amplitude,amplitude_squared,surface_energy,param_0,real_group_sampling_width,global_cutoff
0,0.010271998347898324,0.00016838097183217185,25.946031220925317,-0.0006429892916371105,0.10410580383288187,4
