,abs_amplitude,amplitude_squared,surface_energy,param_0,real_group_sampling_width,global_cutoff
0,0.01585989044306511,0.00037739588319663875,31.85893548011805,0.0018087318542166495,0.16054538704655072,47
