,abs_amplitude,amplitude_squared,surface_energy,param_0,real_group_sampling_width,global_cutoff
0,0.012367446738277148,0.00024471237347422974,14.148091086694999,0.0009164047382520718,0.12846752685834376,1
