,abs_amplitude,amplitude_squared,surface_energy,param_0,real_group_sampling_width,global_cutoff
0,0.6126457431288305,0.37536404898197956,58.55456309817609,0.6126457431288305,0.04613164350557735,13
