,abs_amplitude,amplitude_squared,surface_energy,param_0,real_group_sampling_width,global_cutoff
0,0.00815861734175551,0.00010661275356519317,22.03249898839822,0.0001484455115257906,0.08169719437755538,0
