,abs_amplitude,amplitude_squared,surface_energy,param_0,real_group_sampling_width,global_cutoff
0,0.007600251547762364,9.130528739358526e-05,22.576422856460812,1.38898507656011e-05,0.07604887464740984,26
