,abs_amplitude,amplitude_squared,surface_energy,param_0,real_group_sampling_width,global_cutoff
0,0.01698151404878637,0.0004423342599567062,24.977194537331183,0.0009025422901070006,0.17032012762798704,8
