,abs_amplitude,amplitude_squared,surface_energy,param_0,real_group_sampling_width,global_cutoff
0,0.3409977614904732,0.11641938155475702,45.916667516431424,0.3409977614904732,0.10185753671854753,1
