,abs_amplitude,amplitude_squared,surface_energy,param_0,real_group_sampling_width,global_cutoff
0,0.5051157106382994,0.25517693208285414,96.93473020996045,-0.5051157106382994,0.04102530263181158,2
