,abs_amplitude,amplitude_squared,surface_energy,param_0,real_group_sampling_width,global_cutoff
0,0.4906842214769226,0.24085508700497132,76.82707532123817,-0.4906842214769226,0.0469872918794027,0
