,abs_amplitude,amplitude_squared,surface_energy,param_0,real_group_sampling_width,global_cutoff
0,0.03660118761460017,0.0019884825228773007,50.512245839321494,-0.0018820792206705257,0.36142410158257887,125
