,abs_amplitude,amplitude_squared,surface_energy,param_0,real_group_sampling_width,global_cutoff
0,0.5632070724344431,0.3172104207647336,211.4186400222172,-0.5632070724344431,0.024397619394017536,3
