,abs_amplitude,amplitude_squared,surface_energy,param_0,real_group_sampling_width,global_cutoff
0,0.2562968687269218,0.06585778411896935,56.62835730441815,-0.2562968687269218,0.11292957321851403,12
