,abs_amplitude,amplitude_squared,surface_energy,param_0,real_group_sampling_width,global_cutoff
0,0.4517964271412587,0.2043876991758115,42.489474190454914,0.4517964271412587,0.13707684994672242,3
