,abs_amplitude,amplitude_squared,surface_energy,param_0,real_group_sampling_width,global_cutoff
0,0.01903458436266675,0.0006114555884089687,27.047279873634203,0.0022112649993796763,0.19973135904266298,0
