,abs_amplitude,amplitude_squared,surface_energy,param_0,real_group_sampling_width,global_cutoff
0,0.012764161834455102,0.00024834313203300274,19.47469761317056,0.00017026539984081918,0.12160751134481185,2
