,abs_amplitude,amplitude_squared,surface_energy,param_0,real_group_sampling_width,global_cutoff
0,0.6528226148227803,0.4263419460342343,142.3213803429482,0.6528226148227803,0.02647704042439922,0
