,abs_amplitude,amplitude_squared,surface_energy,param_0,real_group_sampling_width,global_cutoff
0,0.6454977583092771,0.41669277823173,84.25059884379692,-0.6454977583092771,0.0354346145007294,1
