,abs_amplitude,amplitude_squared,surface_energy,param_0,real_group_sampling_width,global_cutoff
0,0.6237833878800002,0.3891363789695622,64.79425797365182,-0.6237833878800002,0.04460755698957816,0
