,abs_amplitude,amplitude_squared,surface_energy,param_0,real_group_sampling_width,global_cutoff
0,0.006029546440515346,5.636899801975008e-05,18.54859792272152,0.00030283569261838235,0.0653448911621052,11
