,abs_amplitude,amplitude_squared,surface_energy,param_0,real_group_sampling_width,global_cutoff
0,0.573807562050667,0.3292627167832969,216.97503891618157,-0.573807562050667,0.023810724459062755,11
