,abs_amplitude,amplitude_squared,surface_energy,param_0,real_group_sampling_width,global_cutoff
0,0.009553066693072697,0.00014321967294000343,30.634896527555306,0.0006774183479914551,0.10350076764427496,0
