,abs_amplitude,amplitude_squared,surface_energy,param_0,real_group_sampling_width,global_cutoff
0,0.0066402730621927955,6.600327150165708e-05,15.302703968341765,-0.0001198040713939123,0.06933788903569857,6
