,abs_amplitude,amplitude_squared,surface_energy,param_0,real_group_sampling_width,global_cutoff
0,0.009187078736800131,0.00013444626708630498,12.805069688645185,0.000388347881131977,0.099362221583206,17
