,abs_amplitude,amplitude_squared,surface_energy,param_0,real_group_sampling_width,global_cutoff
0,0.6664614150342879,0.444173962475873,285.4487592983749,-0.6664614150342879,0.01648536572554089,2
