,abs_amplitude,amplitude_squared,surface_energy,param_0,real_group_sampling_width,global_cutoff
0,0.01057928845725543,0.00017145354945248973,26.317448454676192,-0.0006464822555933238,0.10959580093889194,10
