,abs_amplitude,amplitude_squared,surface_energy,param_0,real_group_sampling_width,global_cutoff
0,0.559574243900666,0.3131708900461803,48.638071624217815,-0.559574243900666,0.05587060161054912,3
