,abs_amplitude,amplitude_squared,surface_energy,param_0,real_group_sampling_width,global_cutoff
0,0.016623377322079923,0.00043912884903531005,26.14792510718261,-0.0007715607004894995,0.1645286653407037,0
