,abs_amplitude,amplitude_squared,surface_energy,param_0,real_group_sampling_width,global_cutoff
0,0.009228709468321059,0.00013437395228478724,11.657108084537368,-0.0005774530239083906,0.09411896372864487,0
