,abs_amplitude,amplitude_squared,surface_energy,param_0,real_group_sampling_width,global_cutoff
0,0.292656937669319,0.08597832348714023,34.18318559159467,0.292656937669319,0.1632063282090672,179
