,abs_amplitude,amplitude_squared,surface_energy,param_0,real_group_sampling_width,global_cutoff
0,0.010978857890018172,0.0001895772070582693,14.580251220460884,0.000868152049519238,0.11201892859400542,17
