,abs_amplitude,amplitude_squared,surface_energy,param_0,real_group_sampling_width,global_cutoff
0,0.5305748970732783,0.2815252813532742,133.8339049932609,0.5305748970732783,0.032848739788538195,3
