,abs_amplitude,amplitude_squared,surface_energy,param_0,real_group_sampling_width,global_cutoff
0,0.5870229736968245,0.344609701139181,116.98675447835662,0.5870229736968245,0.03206237493231066,3
