,abs_amplitude,amplitude_squared,surface_energy,param_0,real_group_sampling_width,global_cutoff
0,0.006912783466890809,7.368510161434623e-05,15.166789223098498,6.405385689328825e-05,0.07282871076217437,15
