,abs_amplitude,amplitude_squared,surface_energy,param_0,real_group_sampling_width,global_cutoff
0,0.011682059289039403,0.00020940602469923707,32.567806423859786,0.0006763064906392645,0.11706952301850541,4
