,abs_amplitude,amplitude_squared,surface_energy,param_0,real_group_sampling_width,global_cutoff
0,0.5403064499022482,0.2920135002164109,44.26101766586157,0.5403064499022482,0.08193761409826332,1
