,abs_amplitude,amplitude_squared,surface_energy,param_0,real_group_sampling_width,global_cutoff
0,0.509771741923872,0.25991256216059655,59.51189894156811,0.509771741923872,0.055807133859258756,5
