,abs_amplitude,amplitude_squared,surface_energy,param_0,real_group_sampling_width,global_cutoff
0,0.007465819674683638,8.69582781252942e-05,16.370569335239566,-6.318322158725567e-05,0.07307827374864082,0
