,abs_amplitude,amplitude_squared,surface_energy,param_0,real_group_sampling_width,global_cutoff
0,0.013829891818110082,0.00030637443227557806,24.16657241117286,0.0002601917911394878,0.14027848050052275,22
