,abs_amplitude,amplitude_squared,surface_energy,param_0,real_group_sampling_width,global_cutoff
0,0.008618406282513385,0.00011766368094590834,13.600492993907938,0.0001688699312580216,0.08659830508276767,0
