,abs_amplitude,amplitude_squared,surface_energy,param_0,real_group_sampling_width,global_cutoff
0,0.021315053891565232,0.0006910307729657618,37.47919510561041,-0.0023754786075418925,0.22757264477882327,155
