,abs_amplitude,amplitude_squared,surface_energy,param_0,real_group_sampling_width,global_cutoff
0,0.01402592487587235,0.0003199537486335355,19.513554852359157,-0.0009149803030909534,0.13970590480190026,29
