,abs_amplitude,amplitude_squared,surface_energy,param_0,real_group_sampling_width,global_cutoff
0,0.007549673382978781,8.994947073385796e-05,20.944407358973542,-0.0003986769634814182,0.07953365038497191,0
