,abs_amplitude,amplitude_squared,surface_energy,param_0,real_group_sampling_width,global_cutoff
0,0.66735827557042,0.4453740263739696,149.28499807188436,-0.66735827557042,0.023796522227577756,2
