,abs_amplitude,amplitude_squared,surface_energy,param_0,real_group_sampling_width,global_cutoff
0,0.3178744953226686,0.10123438295847895,37.23009908229299,-0.3178744953226686,0.12547245254873515,52
