,abs_amplitude,amplitude_squared,surface_energy,param_0,real_group_sampling_width,global_cutoff
0,0.015372606177057048,0.0003736295695515914,21.51050432605393,-0.0018922735495271595,0.14885163257764236,0
