,abs_amplitude,amplitude_squared,surface_energy,param_0,real_group_sampling_width,global_cutoff
0,0.009136409496282603,0.00012527402346602823,8.81398297283025,0.0006562081619474097,0.09716817624404149,36
