,abs_amplitude,amplitude_squared,surface_energy,param_0,real_group_sampling_width,global_cutoff
0,0.008697842507584444,0.0001166332360619845,25.303864635106258,-0.00011499621626176439,0.0869430622820249,10
