,abs_amplitude,amplitude_squared,surface_energy,param_0,real_group_sampling_width,global_cutoff
0,0.01044535005992134,0.00017345324728700796,11.455998798596585,-0.0008643548852381571,0.1107922119699987,13
