,abs_amplitude,amplitude_squared,surface_energy,param_0,real_group_sampling_width,global_cutoff
0,0.5765208750267646,0.33241746010881384,53.296963043084055,-0.5765208750267646,0.053847074805258424,2
