,abs_amplitude,amplitude_squared,surface_energy,param_0,real_group_sampling_width,global_cutoff
0,0.6289574176745362,0.39560913979369244,71.87822178588775,-0.6289574176745362,0.03991458259847713,21
