,abs_amplitude,amplitude_squared,surface_energy,param_0,real_group_sampling_width,global_cutoff
0,0.01040892181719816,0.00016468385568213755,13.129566618829072,0.0006355483639289079,0.1051239355288963,9
