,abs_amplitude,amplitude_squared,surface_energy,param_0,real_group_sampling_width,global_cutoff
0,0.46856247812110985,0.21958108031086146,118.53107837297196,0.46856247812110985,0.04070392905399376,0
