,abs_amplitude,amplitude_squared,surface_energy,param_0,real_group_sampling_width,global_cutoff
0,0.012182762149367544,0.000228410380229851,15.800336782870442,0.0007197285349996361,0.11854809334715175,2
