,abs_amplitude,amplitude_squared,surface_energy,param_0,real_group_sampling_width,global_cutoff
0,0.01007173901316215,0.0001606102727433057,24.69562072940382,0.00016681520526509727,0.0996933596022983,6
