,abs_amplitude,amplitude_squared,surface_energy,param_0,real_group_sampling_width,global_cutoff
0,0.5943930050295325,0.3533061793068301,435.1876083523752,0.5943930050295325,0.01644091587726723,3
