,abs_amplitude,amplitude_squared,surface_energy,param_0,real_group_sampling_width,global_cutoff
0,0.6140134253825703,0.37701810672263447,241.81703277576113,-0.6140134253825703,0.02044388801213754,2
