,abs_amplitude,amplitude_squared,surface_energy,param_0,real_group_sampling_width,global_cutoff
0,0.0091931367617038,0.0001335726215235815,33.44823299152449,-0.0007323804044320091,0.10336369637747898,12
