,abs_amplitude,amplitude_squared,surface_energy,param_0,real_group_sampling_width,global_cutoff
0,0.010607822590686971,0.00017294264553672408,26.258642279763926,0.000817164382591119,0.10384104685712171,15
