,abs_amplitude,amplitude_squared,surface_energy,param_0,real_group_sampling_width,global_cutoff
0,0.012835665058098734,0.0002457204535745799,18.663456492747116,-0.00041228400826042323,0.13304345421717995,103
