,abs_amplitude,amplitude_squared,surface_energy,param_0,real_group_sampling_width,global_cutoff
0,0.013664756606154417,0.0002888165474637315,16.30804759858121,0.00011789668559106998,0.13432003017935515,10
