,abs_amplitude,amplitude_squared,surface_energy,param_0,real_group_sampling_width,global_cutoff
0,0.5333049867205504,0.28445527384011826,83.80166892404276,-0.5333049867205504,0.042224651447214316,0
