,abs_amplitude,amplitude_squared,surface_energy,param_0,real_group_sampling_width,global_cutoff
0,0.6101916753244696,0.3723394123749993,239.06881596666233,-0.6101916753244696,0.020654780656380163,1
