,abs_amplitude,amplitude_squared,surface_energy,param_0,real_group_sampling_width,global_cutoff
0,0.5394772232682793,0.2910762023646724,200.2623096384108,0.5394772232682793,0.026336315992188355,2
