,abs_amplitude,amplitude_squared,surface_energy,param_0,real_group_sampling_width,global_cutoff
0,0.02311795825256966,0.0008120755231396192,32.392069153828935,-0.0006647383022020218,0.23202587139778585,55
