,abs_amplitude,amplitude_squared,surface_energy,param_0,real_group_sampling_width,global_cutoff
0,0.31052398947688464,0.09665884046510878,34.79479590718123,0.31052398947688464,0.14653448845058023,110
