,abs_amplitude,amplitude_squared,surface_energy,param_0,real_group_sampling_width,global_cutoff
0,0.009718745850044046,0.0001515847928187004,29.697134206586423,0.0001592088868448376,0.10466716983953994,33
