,abs_amplitude,amplitude_squared,surface_energy,param_0,real_group_sampling_width,global_cutoff
0,0.054061128132369525,0.0042403183901347655,28.560312551410476,-0.0015499283383265778,0.3997540304511383,1
