,abs_amplitude,amplitude_squared,surface_energy,param_0,real_group_sampling_width,global_cutoff
0,0.020043544399590912,0.0006397535067143778,24.461717145852333,-0.0006658246735491606,0.19760706051957241,5
