,abs_amplitude,amplitude_squared,surface_energy,param_0,real_group_sampling_width,global_cutoff
0,0.6910447062612962,0.4775499324579253,312.4485279535861,-0.6910447062612962,0.01564987079868269,1
