,abs_amplitude,amplitude_squared,surface_energy,param_0,real_group_sampling_width,global_cutoff
0,0.006051950189941562,5.8100505092923706e-05,20.867158433250236,-0.0006410633688308449,0.08064276501406571,321
