,abs_amplitude,amplitude_squared,surface_energy,param_0,real_group_sampling_width,global_cutoff
0,0.5957563391236674,0.35501997680312236,97.58660279276961,0.5957563391236674,0.03484491299152863,0
