,abs_amplitude,amplitude_squared,surface_energy,param_0,real_group_sampling_width,global_cutoff
0,0.6616910200481975,0.43785353994102283,191.6939880127824,-0.6616910200481975,0.0209231004803335,1
