,abs_amplitude,amplitude_squared,surface_energy,param_0,real_group_sampling_width,global_cutoff
0,0.010213828511416367,0.00016179014115202042,27.50899217709424,0.0005503402784629573,0.1032233145021207,13
