,abs_amplitude,amplitude_squared,surface_energy,param_0,real_group_sampling_width,global_cutoff
0,0.010119131870483699,0.00015450967407014683,31.885318467250787,0.001088704987294562,0.09798208348360245,11
