,abs_amplitude,amplitude_squared,surface_energy,param_0,real_group_sampling_width,global_cutoff
0,0.012131790115103264,0.0002327466149543526,15.597010578131263,-0.000598813955025498,0.12536537893177457,13
