,abs_amplitude,amplitude_squared,surface_energy,param_0,real_group_sampling_width,global_cutoff
0,0.007733962235052359,9.541284281231938e-05,20.12843047182743,0.0001245783605945295,0.0828280056096009,0
