,abs_amplitude,amplitude_squared,surface_energy,param_0,real_group_sampling_width,global_cutoff
0,0.008849444843214089,0.0001236130026049143,16.49031890870624,0.0005777526013187867,0.093833263198506,14
