,abs_amplitude,amplitude_squared,surface_energy,param_0,real_group_sampling_width,global_cutoff
0,0.6441067853433107,0.414898438708403,5534.252853647964,-0.6441067853433107,0.0051934132390860106,2
