,abs_amplitude,amplitude_squared,surface_energy,param_0,real_group_sampling_width,global_cutoff
0,0.5494330849795475,0.3019523844536775,47.563104012832795,-0.5494330849795475,0.060560790318692576,1
