,abs_amplitude,amplitude_squared,surface_energy,param_0,real_group_sampling_width,global_cutoff
0,0.010401873316022648,0.00017220514145573572,20.63190444417472,-0.0013264109950536283,0.10130699184560271,0
