,abs_amplitude,amplitude_squared,surface_energy,param_0,real_group_sampling_width,global_cutoff
0,0.5012723246390574,0.25129501865781484,126.20823449410507,0.5012723246390574,0.03677603020807908,2
