,abs_amplitude,amplitude_squared,surface_energy,param_0,real_group_sampling_width,global_cutoff
0,0.6572107977060337,0.43193777837269454,99.73777584565816,0.6572107977060337,0.0306862990316287,3
