,abs_amplitude,amplitude_squared,surface_energy,param_0,real_group_sampling_width,global_cutoff
0,0.018498127055464855,0.0005495240857662663,23.022867293130915,-0.0005373928692612211,0.16626785298160068,0
