,abs_amplitude,amplitude_squared,surface_energy,param_0,real_group_sampling_width,global_cutoff
0,0.008154503338030826,0.00010296385055167005,15.77644105261635,0.0001787879746107437,0.08506674139130678,3
