,abs_amplitude,amplitude_squared,surface_energy,param_0,real_group_sampling_width,global_cutoff
0,0.5029136661098441,0.25296539341545554,58.67280004290826,0.5029136661098441,0.05888025996146215,106
