,abs_amplitude,amplitude_squared,surface_energy,param_0,real_group_sampling_width,global_cutoff
0,0.6071884697060462,0.3689197819558555,162.06808879432967,-0.6071884697060462,0.02512194802848249,0
