,abs_amplitude,amplitude_squared,surface_energy,param_0,real_group_sampling_width,global_cutoff
0,0.4790667457467065,0.2295683348487352,56.148329239542264,-0.4790667457467065,0.05887088700350954,0
