,abs_amplitude,amplitude_squared,surface_energy,param_0,real_group_sampling_width,global_cutoff
0,0.00837907516257448,0.00010487255647922584,64.8591284811249,-0.000949101520965512,0.08464183156971215,0
