,abs_amplitude,amplitude_squared,surface_energy,param_0,real_group_sampling_width,global_cutoff
0,0.00829363383398918,0.00010856793407495212,13.036189847019305,2.3557463231749842e-05,0.08482425166872617,0
