,abs_amplitude,amplitude_squared,surface_energy,param_0,real_group_sampling_width,global_cutoff
0,0.007011263537463243,7.524750102760263e-05,20.777565228479013,-0.00014939754113066768,0.07444631650553181,6
