,abs_amplitude,amplitude_squared,surface_energy,param_0,real_group_sampling_width,global_cutoff
0,0.007020639300348651,7.739941844989921e-05,23.78152616577948,4.961725167131733e-05,0.0711777841470557,15
