,abs_amplitude,amplitude_squared,surface_energy,param_0,real_group_sampling_width,global_cutoff
0,0.6826542589460279,0.4660188000311352,575.6003281231073,-0.6826542589460279,0.011713881910804991,4
