,abs_amplitude,amplitude_squared,surface_energy,param_0,real_group_sampling_width,global_cutoff
0,0.009672449058187597,0.0001425400411871289,18.75623142310707,0.00025720993489835914,0.10085028417957387,16
