,abs_amplitude,amplitude_squared,surface_energy,param_0,real_group_sampling_width,global_cutoff
0,0.6598384699402963,0.4354256687244338,100.68012952356686,0.6598384699402963,0.029874916051069077,0
