,abs_amplitude,amplitude_squared,surface_energy,param_0,real_group_sampling_width,global_cutoff
0,0.1987215642193713,0.039989311163499124,40.69747334085109,-0.19816736424883474,0.17640481414478873,55
