,abs_amplitude,amplitude_squared,surface_energy,param_0,real_group_sampling_width,global_cutoff
0,0.3600857339683957,0.12985265204469296,36.62256412244807,-0.3600857339683957,0.11197931463627495,18
