,abs_amplitude,amplitude_squared,surface_energy,param_0,real_group_sampling_width,global_cutoff
0,0.608483824756766,0.3702768081942473,75.2620220803495,0.608483824756766,0.0402445571306811,1
