,abs_amplitude,amplitude_squared,surface_energy,param_0,real_group_sampling_width,global_cutoff
0,0.6421226686708197,0.4123346006916941,95.0203368596208,0.6421226686708197,0.0338118895830558,1
