,abs_amplitude,amplitude_squared,surface_energy,param_0,real_group_sampling_width,global_cutoff
0,0.011845245446706277,0.0002096917024714195,22.564384897088658,0.00011793803860909514,0.12373943436651615,18
