,abs_amplitude,amplitude_squared,surface_energy,param_0,real_group_sampling_width,global_cutoff
0,0.24586560229943874,0.06048853655961341,251.1565068231579,0.24586560229943874,0.06008042178986521,137
