,abs_amplitude,amplitude_squared,surface_energy,param_0,real_group_sampling_width,global_cutoff
0,0.41604201471835645,0.17320642992179408,41.935117338091665,-0.41604201471835645,0.08624984867192238,47
