,abs_amplitude,amplitude_squared,surface_energy,param_0,real_group_sampling_width,global_cutoff
0,0.007303652379363176,8.241086885021232e-05,21.378957149493093,-0.00012796886356489394,0.07766583701870129,14
