,abs_amplitude,amplitude_squared,surface_energy,param_0,real_group_sampling_width,global_cutoff
0,0.41277572894005937,0.17043642131061962,67.41555559475445,0.41277572894005937,0.06224247544267985,17
