,abs_amplitude,amplitude_squared,surface_energy,param_0,real_group_sampling_width,global_cutoff
0,0.011884126992271565,0.0002171288814752892,19.44019612922382,-0.0009519988622823457,0.12053057239820868,0
