,abs_amplitude,amplitude_squared,surface_energy,param_0,real_group_sampling_width,global_cutoff
0,0.006869288861019728,7.376534063657875e-05,18.77786255232945,-0.0006936649742312847,0.06841714810726797,5
