,abs_amplitude,amplitude_squared,surface_energy,param_0,real_group_sampling_width,global_cutoff
0,0.5539800600264216,0.3069302628891314,58.85096857797986,0.5539800600264216,0.05081816337208541,1
