,abs_amplitude,amplitude_squared,surface_energy,param_0,real_group_sampling_width,global_cutoff
0,0.008006220088695766,9.972829184672054e-05,10.764539479008164,-0.0009087322415862524,0.08287771616392262,21
