,abs_amplitude,amplitude_squared,surface_energy,param_0,real_group_sampling_width,global_cutoff
0,0.5912258468274869,0.34979543947574937,96.44670232174794,-0.5912258468274869,0.036183436427808996,0
