,abs_amplitude,amplitude_squared,surface_energy,param_0,real_group_sampling_width,global_cutoff
0,0.6072669463765562,0.3688117534409814,450.9663347370578,0.6072669463765562,0.0147285114410613,2
