,abs_amplitude,amplitude_squared,surface_energy,param_0,real_group_sampling_width,global_cutoff
0,0.014831714322235815,0.00034299441175328804,29.028047812911964,0.0003516573412178424,0.16123765867990822,80
