,abs_amplitude,amplitude_squared,surface_energy,param_0,real_group_sampling_width,global_cutoff
0,0.010005888237161885,0.000151733310720387,13.69847834730033,-6.913025610665422e-05,0.10036241972504377,0
