,abs_amplitude,amplitude_squared,surface_energy,param_0,real_group_sampling_width,global_cutoff
0,0.45335093427612466,0.20556067952479076,88.20971903523485,0.45335093427612466,0.05325486216271377,85
