,abs_amplitude,amplitude_squared,surface_energy,param_0,real_group_sampling_width,global_cutoff
0,0.013665304378170012,0.0003063743493381737,36.05158343796845,0.000640228035137638,0.13895886629100027,2
