,abs_amplitude,amplitude_squared,surface_energy,param_0,real_group_sampling_width,global_cutoff
0,0.6258007602826607,0.39164677212144916,71.15969590541579,0.6258007602826607,0.03845747122318173,1
