,abs_amplitude,amplitude_squared,surface_energy,param_0,real_group_sampling_width,global_cutoff
0,0.014747033516180702,0.00031483802651903725,30.548659567305254,0.0007957664935354518,0.1675337769635781,325
