,abs_amplitude,amplitude_squared,surface_energy,param_0,real_group_sampling_width,global_cutoff
0,0.39532690143786753,0.15631105301413767,154.88239903999684,-0.39532690143786753,0.0503047865732421,181
