,abs_amplitude,amplitude_squared,surface_energy,param_0,real_group_sampling_width,global_cutoff
0,0.008394538036994413,0.00011064006763098362,10.42903664224157,-8.477717810991349e-05,0.08706221925084054,14
