,abs_amplitude,amplitude_squared,surface_energy,param_0,real_group_sampling_width,global_cutoff
0,0.008296784554675566,0.00010883370665071694,24.16659363949967,0.0006831534079732801,0.08908029565056516,58
