,abs_amplitude,amplitude_squared,surface_energy,param_0,real_group_sampling_width,global_cutoff
0,0.41035893408542484,0.16852453150606764,39.043816739945946,-0.41035893408542484,0.09349889050335052,1
