,abs_amplitude,amplitude_squared,surface_energy,param_0,real_group_sampling_width,global_cutoff
0,0.014337090212342099,0.00031964786108158895,32.978594210763696,6.513911267848937e-06,0.13897301917519678,25
