,abs_amplitude,amplitude_squared,surface_energy,param_0,real_group_sampling_width,global_cutoff
0,0.6222081198804545,0.38733753340670485,57.17920199180051,-0.6222081198804545,0.04806009607362072,1
