,abs_amplitude,amplitude_squared,surface_energy,param_0,real_group_sampling_width,global_cutoff
0,0.006252384006356489,6.255432811255148e-05,20.403486308011217,2.9494111613230488e-05,0.06401027372310145,64
