,abs_amplitude,amplitude_squared,surface_energy,param_0,real_group_sampling_width,global_cutoff
0,0.008452966543629654,0.00011227675702674897,18.196124755942744,0.0008228441632393194,0.09531244346001895,72
