,abs_amplitude,amplitude_squared,surface_energy,param_0,real_group_sampling_width,global_cutoff
0,0.006887474260835581,7.522870598012749e-05,25.289644419645736,4.8140642807284706e-05,0.07247213662778736,7
