,abs_amplitude,amplitude_squared,surface_energy,param_0,real_group_sampling_width,global_cutoff
0,0.5120455032822487,0.2622165185707805,98.38010924387206,0.5120455032822487,0.04152891025711385,5
