,abs_amplitude,amplitude_squared,surface_energy,param_0,real_group_sampling_width,global_cutoff
0,0.01274195043115565,0.0002512271291082154,43.120369629696825,0.00014636378177256055,0.133416921624375,52
