,abs_amplitude,amplitude_squared,surface_energy,param_0,real_group_sampling_width,global_cutoff
0,0.3509832057521641,0.12351748508548151,34.010809683466526,-0.3509832057521641,0.1398277433367099,2
