,abs_amplitude,amplitude_squared,surface_energy,param_0,real_group_sampling_width,global_cutoff
0,0.010585429317308997,0.0001708808859850845,10.941411382384137,-4.3946698149784345e-05,0.1050213935660575,3
