,abs_amplitude,amplitude_squared,surface_energy,param_0,real_group_sampling_width,global_cutoff
0,0.0076963094008744215,9.261871301483771e-05,9.62991579701768,0.00015088488600725075,0.0769479847665331,0
