,abs_amplitude,amplitude_squared,surface_energy,param_0,real_group_sampling_width,global_cutoff
0,0.5289151364864266,0.2798579123201395,44.31620344224849,-0.5289151364864266,0.08325339585678017,41
