,abs_amplitude,amplitude_squared,surface_energy,param_0,real_group_sampling_width,global_cutoff
0,0.1418241698966142,0.02162525262837047,33.1396621756171,0.0038885182872517377,0.40125604295428713,3
