,abs_amplitude,amplitude_squared,surface_energy,param_0,real_group_sampling_width,global_cutoff
0,0.009456075720197509,0.00014138275402877495,21.738568558381573,-0.00011847704280940684,0.09508154320891596,3
