,abs_amplitude,amplitude_squared,surface_energy,param_0,real_group_sampling_width,global_cutoff
0,0.010451872649723424,0.00017171548452953029,18.131131544183685,0.00038815761841699814,0.10536164236655625,18
