,abs_amplitude,amplitude_squared,surface_energy,param_0,real_group_sampling_width,global_cutoff
0,0.6175629670584926,0.38141481630124524,54.12000923240137,0.6175629670584926,0.05139033409794279,1
