,abs_amplitude,amplitude_squared,surface_energy,param_0,real_group_sampling_width,global_cutoff
0,0.012699347037049738,0.00024890073843485014,23.149014557799994,0.0008721845488225632,0.13481878624386168,27
