,abs_amplitude,amplitude_squared,surface_energy,param_0,real_group_sampling_width,global_cutoff
0,0.008290230319206731,0.00010638784259244201,14.960451609293571,9.43740878802235e-05,0.0874697291885619,0
