,abs_amplitude,amplitude_squared,surface_energy,param_0,real_group_sampling_width,global_cutoff
0,0.006862957030410831,7.476238463326625e-05,9.738236363703756,8.368900940896801e-05,0.074173306048212,0
