,abs_amplitude,amplitude_squared,surface_energy,param_0,real_group_sampling_width,global_cutoff
0,0.005867587199519731,5.312658511047026e-05,24.808641690433344,0.00033077774651042496,0.06458949159106311,51
