,abs_amplitude,amplitude_squared,surface_energy,param_0,real_group_sampling_width,global_cutoff
0,0.009207136254639146,0.00013672845121789562,9.382643817132971,-0.00034477571272941115,0.0923209492733906,1
