,abs_amplitude,amplitude_squared,surface_energy,param_0,real_group_sampling_width,global_cutoff
0,0.5165075534038858,0.2668720736522525,42.397658054995304,-0.5165075534038858,0.0812543399261302,16
