,abs_amplitude,amplitude_squared,surface_energy,param_0,real_group_sampling_width,global_cutoff
0,0.01181508270194244,0.00021777037401405115,22.370035760599404,0.00027177699673234065,0.11662395638318206,87
