,abs_amplitude,amplitude_squared,surface_energy,param_0,real_group_sampling_width,global_cutoff
0,0.009832554018654844,0.0001521363242462152,30.947521603363025,-0.00024686111720836646,0.10141651832357981,4
