,abs_amplitude,amplitude_squared,surface_energy,param_0,real_group_sampling_width,global_cutoff
0,0.23042556926410337,0.053268382570832225,89.13450371006242,-0.23042556926410337,0.10414792452811664,67
