,abs_amplitude,amplitude_squared,surface_energy,param_0,real_group_sampling_width,global_cutoff
0,0.010707452263924402,0.00017924541812682995,25.330584680780998,0.0001955154556333454,0.11251810907595704,0
