,abs_amplitude,amplitude_squared,surface_energy,param_0,real_group_sampling_width,global_cutoff
0,0.00979379523518214,0.00014832485001190114,11.566532718519502,2.915291308313302e-05,0.10633328773832483,9
