,abs_amplitude,amplitude_squared,surface_energy,param_0,real_group_sampling_width,global_cutoff
0,0.38748676337367643,0.15021111072343465,65.03907522240962,0.38748676337367643,0.06926544245255224,23
