,abs_amplitude,amplitude_squared,surface_energy,param_0,real_group_sampling_width,global_cutoff
0,0.00603006157761675,5.701306996682077e-05,22.953840801987592,-0.00010570402595147349,0.06225292985771879,0
