,abs_amplitude,amplitude_squared,surface_energy,param_0,real_group_sampling_width,global_cutoff
0,0.0112220670957624,0.0001857636718087177,32.23878754729986,0.0003835048686964332,0.12573380267547854,134
