,abs_amplitude,amplitude_squared,surface_energy,param_0,real_group_sampling_width,global_cutoff
0,0.5999850177158618,0.36012154657887235,98.72748755017642,-0.5999850177158618,0.03277833221780779,1
