,abs_amplitude,amplitude_squared,surface_energy,param_0,real_group_sampling_width,global_cutoff
0,0.014605010969107884,0.0003358811715945038,20.25205349858755,0.0004375853554730837,0.14631807424405102,2
