,abs_amplitude,amplitude_squared,surface_energy,param_0,real_group_sampling_width,global_cutoff
0,0.6361753066382346,0.40473919241902073,93.12858582835985,0.6361753066382346,0.03422086144219412,1
