,abs_amplitude,amplitude_squared,surface_energy,param_0,real_group_sampling_width,global_cutoff
0,0.009347611243438763,0.00013473267020120948,11.61394101177929,0.00024923347631189473,0.0970791499575229,0
