,abs_amplitude,amplitude_squared,surface_energy,param_0,real_group_sampling_width,global_cutoff
0,0.4247445722885087,0.18047403655894467,58.387450416422745,0.4247445722885087,0.06610049001122036,1
