,abs_amplitude,amplitude_squared,surface_energy,param_0,real_group_sampling_width,global_cutoff
0,0.013438334932209908,0.00028430495309281824,17.548210103757803,0.0021895097858430626,0.1394163656309312,127
