,abs_amplitude,amplitude_squared,surface_energy,param_0,real_group_sampling_width,global_cutoff
0,0.5200652842991078,0.27054713532090097,43.26638069245862,-0.5200652842991078,0.07103615981496425,3
