,abs_amplitude,amplitude_squared,surface_energy,param_0,real_group_sampling_width,global_cutoff
0,0.5629044145757853,0.31690131607526795,51.53553417336736,0.5629044145757853,0.052966133204327984,24
