,abs_amplitude,amplitude_squared,surface_energy,param_0,real_group_sampling_width,global_cutoff
0,0.03688276131828621,0.0021592514436215697,36.68492570631989,-0.0006240205241910752,0.32456440634876393,1
