,abs_amplitude,amplitude_squared,surface_energy,param_0,real_group_sampling_width,global_cutoff
0,0.4614455026852281,0.2130804469346239,38.690993915272,-0.4614455026852281,0.09378848580613978,0
