,abs_amplitude,amplitude_squared,surface_energy,param_0,real_group_sampling_width,global_cutoff
0,0.007139678839359464,7.890792157126881e-05,19.29321330899456,-1.6607894937607785e-06,0.09091576282489983,148
