,abs_amplitude,amplitude_squared,surface_energy,param_0,real_group_sampling_width,global_cutoff
0,0.4467812197290202,0.19971187527441284,43.93341733354118,-0.4467812197290202,0.08384340694890113,56
