,abs_amplitude,amplitude_squared,surface_energy,param_0,real_group_sampling_width,global_cutoff
0,0.0108448076268401,0.00018929967140993807,12.497444514002666,-0.0006870213635174376,0.108074892267058,29
