,abs_amplitude,amplitude_squared,surface_energy,param_0,real_group_sampling_width,global_cutoff
0,0.532121861783882,0.2832220872360717,44.26096884184817,0.532121861783882,0.06716958324406991,0
