,abs_amplitude,amplitude_squared,surface_energy,param_0,real_group_sampling_width,global_cutoff
0,0.013696147996412191,0.000288531587949297,17.379518032519325,-0.0006781384200377321,0.1381976031515965,11
