,abs_amplitude,amplitude_squared,surface_energy,param_0,real_group_sampling_width,global_cutoff
0,0.06682720781131989,0.006418643308268263,30.747848371672507,0.00014183046027398734,0.48869907426688186,2
