,abs_amplitude,amplitude_squared,surface_energy,param_0,real_group_sampling_width,global_cutoff
0,0.5881119429345159,0.34592134128675567,50.193586393068976,0.5881119429345159,0.05767531381481656,1
