,abs_amplitude,amplitude_squared,surface_energy,param_0,real_group_sampling_width,global_cutoff
0,0.006914364707594669,7.511023976908282e-05,12.759416017658735,-0.00028831747551476077,0.07485056663003375,0
