,abs_amplitude,amplitude_squared,surface_energy,param_0,real_group_sampling_width,global_cutoff
0,0.6122158188912544,0.3748302966730511,76.08247169959841,0.6122158188912544,0.03898097796571083,0
