,abs_amplitude,amplitude_squared,surface_energy,param_0,real_group_sampling_width,global_cutoff
0,0.007834390620379165,9.69465871817024e-05,18.771883146340677,0.0002348047054145569,0.07402528569782181,26
