,abs_amplitude,amplitude_squared,surface_energy,param_0,real_group_sampling_width,global_cutoff
0,0.0134818480142446,0.0002901648151030566,44.35235651542038,-6.375781286781651e-05,0.13870591369063667,0
