,abs_amplitude,amplitude_squared,surface_energy,param_0,real_group_sampling_width,global_cutoff
0,0.6028888445462447,0.3635046546752099,445.71284577943237,-0.6028888445462447,0.01538536195701906,3
