,abs_amplitude,amplitude_squared,surface_energy,param_0,real_group_sampling_width,global_cutoff
0,0.007760888077554291,9.581053216542e-05,16.522098913549943,0.00022877265741206622,0.07831667225306697,2
