,abs_amplitude,amplitude_squared,surface_energy,param_0,real_group_sampling_width,global_cutoff
0,0.015491270166361539,0.0003937331110281714,21.10430056665504,-0.0020662081291111427,0.15518657224847182,30
