,abs_amplitude,amplitude_squared,surface_energy,param_0,real_group_sampling_width,global_cutoff
0,0.012453921933895027,0.00024373526902298108,20.20955180133281,1.5809078853221198e-05,0.1362009416475103,46
