,abs_amplitude,amplitude_squared,surface_energy,param_0,real_group_sampling_width,global_cutoff
0,0.011628076672278461,0.0002179591669823134,14.330583867482128,-0.00029561975174202855,0.12830878984122135,12
