,abs_amplitude,amplitude_squared,surface_energy,param_0,real_group_sampling_width,global_cutoff
0,0.012989190662453454,0.00027176125125158304,36.796975275637266,-0.002008298438764807,0.15194250913535437,89
