,abs_amplitude,amplitude_squared,surface_energy,param_0,real_group_sampling_width,global_cutoff
0,0.24249576021940966,0.059421229963344945,31.68630943387742,-0.24249576021940966,0.1903715851749727,2
