,abs_amplitude,amplitude_squared,surface_energy,param_0,real_group_sampling_width,global_cutoff
0,0.007427958811004372,8.756140188414957e-05,23.936410116967412,-0.0005222120800590888,0.07982432483627061,0
