,abs_amplitude,amplitude_squared,surface_energy,param_0,real_group_sampling_width,global_cutoff
0,0.5855217513735722,0.34287576406133957,54.46864897360946,-0.5855217513735722,0.053607069252703934,1
