,abs_amplitude,amplitude_squared,surface_energy,param_0,real_group_sampling_width,global_cutoff
0,0.3125849930482563,0.09775949022213416,140.37370516743735,0.3125849930482563,0.059383372457927366,2
