,abs_amplitude,amplitude_squared,surface_energy,param_0,real_group_sampling_width,global_cutoff
0,0.6156788746771554,0.3790854319205063,5075.1635711692625,-0.6156788746771554,0.00572793675733883,2
