,abs_amplitude,amplitude_squared,surface_energy,param_0,real_group_sampling_width,global_cutoff
0,0.017187475489951587,0.00045098852994394527,34.90701991379086,0.0008398236298117642,0.18022608342599722,1
