,abs_amplitude,amplitude_squared,surface_energy,param_0,real_group_sampling_width,global_cutoff
0,0.427320283948514,0.1826440857973858,110.7951263633913,0.427320283948514,0.04718271042171888,0
