,abs_amplitude,amplitude_squared,surface_energy,param_0,real_group_sampling_width,global_cutoff
0,0.020367327579766725,0.0006443477031735014,30.440778418247604,-0.00017847502766424062,0.185192922924128,0
