,abs_amplitude,amplitude_squared,surface_energy,param_0,real_group_sampling_width,global_cutoff
0,0.4773059627193385,0.22793164182773068,39.620336403249325,0.4773059627193385,0.10081453206243626,94
