,abs_amplitude,amplitude_squared,surface_energy,param_0,real_group_sampling_width,global_cutoff
0,0.5248261656745229,0.27550514045229946,47.40597701364959,-0.5248261656745229,0.065457102886858,93
