,abs_amplitude,amplitude_squared,surface_energy,param_0,real_group_sampling_width,global_cutoff
0,0.0072412668582714935,7.923851236774275e-05,27.472380960625856,-7.486283063591593e-05,0.09189748128297065,113
