,abs_amplitude,amplitude_squared,surface_energy,param_0,real_group_sampling_width,global_cutoff
0,0.007207098519093627,7.857695611519239e-05,23.464657795375185,2.7161364622550062e-05,0.07446799332744543,0
