,abs_amplitude,amplitude_squared,surface_energy,param_0,real_group_sampling_width,global_cutoff
0,0.01047521902011607,0.00016694698080160384,25.65951411462644,-9.08648958757985e-05,0.11477337840854744,66
