,abs_amplitude,amplitude_squared,surface_energy,param_0,real_group_sampling_width,global_cutoff
0,0.006750499896716488,6.999248304186653e-05,17.3334074366451,-0.0005403392197443293,0.07009811106452947,5
