,abs_amplitude,amplitude_squared,surface_energy,param_0,real_group_sampling_width,global_cutoff
0,0.5427573972563017,0.29463938968309417,49.17939873003768,0.5427573972563017,0.06132237359880313,37
