,abs_amplitude,amplitude_squared,surface_energy,param_0,real_group_sampling_width,global_cutoff
0,0.007537583243591437,8.838129666750914e-05,24.507580437805107,0.0006710196907004875,0.07721109699728208,26
