,abs_amplitude,amplitude_squared,surface_energy,param_0,real_group_sampling_width,global_cutoff
0,0.00743538031717561,8.472424950889106e-05,6.956025900978237,-0.00013107271877723576,0.07934683348999073,3
