,abs_amplitude,amplitude_squared,surface_energy,param_0,real_group_sampling_width,global_cutoff
0,0.012425913893744993,0.00024501615960812714,14.869118025856078,-0.0007805015477437465,0.12660235383592633,10
