,abs_amplitude,amplitude_squared,surface_energy,param_0,real_group_sampling_width,global_cutoff
0,0.00916478526370284,0.00013015602578019623,17.271790380151984,0.0006116397786727165,0.09603451307292164,17
