,abs_amplitude,amplitude_squared,surface_energy,param_0,real_group_sampling_width,global_cutoff
0,0.2866561879574314,0.08267652717161388,32.17297824650048,0.2866561879574314,0.16393480439157523,11
