,abs_amplitude,amplitude_squared,surface_energy,param_0,real_group_sampling_width,global_cutoff
0,0.006162500724983174,5.8259244187949096e-05,23.185706562256584,0.0003322550693216437,0.05998487355674328,3
