,abs_amplitude,amplitude_squared,surface_energy,param_0,real_group_sampling_width,global_cutoff
0,0.009179099015475317,0.00013152254837700772,22.334096123983926,0.0007707031542343699,0.09443314773121715,3
