,abs_amplitude,amplitude_squared,surface_energy,param_0,real_group_sampling_width,global_cutoff
0,0.5395690230818948,0.29123218541136175,45.12166435059129,-0.5395690230818948,0.09674044211709344,5
