,abs_amplitude,amplitude_squared,surface_energy,param_0,real_group_sampling_width,global_cutoff
0,0.009563359547606162,0.00013870340933213392,18.16516896511122,-0.0012097674994311224,0.09518227105950454,22
