,abs_amplitude,amplitude_squared,surface_energy,param_0,real_group_sampling_width,global_cutoff
0,0.5817292652552912,0.3384438378017522,53.88298386137138,0.5817292652552912,0.0518259982188213,122
