,abs_amplitude,amplitude_squared,surface_energy,param_0,real_group_sampling_width,global_cutoff
0,0.6720784755286692,0.45181778767416,92.36207393355761,-0.6720784755286692,0.03151549953218503,0
