,abs_amplitude,amplitude_squared,surface_energy,param_0,real_group_sampling_width,global_cutoff
0,0.5345159220194984,0.28579281578599874,43.83171324658907,0.5345159220194984,0.07832016202590456,34
