,abs_amplitude,amplitude_squared,surface_energy,param_0,real_group_sampling_width,global_cutoff
0,0.6426958615612984,0.4130734770685881,83.4363425351692,-0.6426958615612984,0.031283074598547754,20
