,abs_amplitude,amplitude_squared,surface_energy,param_0,real_group_sampling_width,global_cutoff
0,0.04092053302671644,0.002627575990901091,32.456628615444664,0.00427241417790003,0.3651557575261401,8
