,abs_amplitude,amplitude_squared,surface_energy,param_0,real_group_sampling_width,global_cutoff
0,0.6227684674370086,0.3879184263824866,60.29981134894892,-0.6227684674370086,0.04675975670197743,1
