,abs_amplitude,amplitude_squared,surface_energy,param_0,real_group_sampling_width,global_cutoff
0,0.006848277548530831,7.103958070270858e-05,20.222271535956693,-0.0006093634502094294,0.07291673766722724,98
