,abs_amplitude,amplitude_squared,surface_energy,param_0,real_group_sampling_width,global_cutoff
0,0.006182066612615897,6.374125665869262e-05,20.70369303996372,-0.00015090246397082258,0.06658375488023607,48
