,abs_amplitude,amplitude_squared,surface_energy,param_0,real_group_sampling_width,global_cutoff
0,0.5688982262040266,0.32368999748382754,49.71134101447995,-0.5688982262040266,0.06450888795175673,9
