,abs_amplitude,amplitude_squared,surface_energy,param_0,real_group_sampling_width,global_cutoff
0,0.007765519489021519,9.456976654519668e-05,10.592882856492887,-0.0004823815114008274,0.08381213249665616,89
