,abs_amplitude,amplitude_squared,surface_energy,param_0,real_group_sampling_width,global_cutoff
0,0.006773843038730619,7.254732818344665e-05,22.42176006941467,0.00014159728322143337,0.07713841202919396,24
