,abs_amplitude,amplitude_squared,surface_energy,param_0,real_group_sampling_width,global_cutoff
0,0.5757161499100408,0.3314528844511468,4554.137739880788,-0.5757161499100408,0.005962958448635091,3
