,abs_amplitude,amplitude_squared,surface_energy,param_0,real_group_sampling_width,global_cutoff
0,0.25435407509092717,0.06505367589314422,35.192470168796135,0.25435407509092717,0.15561333305222616,59
