,abs_amplitude,amplitude_squared,surface_energy,param_0,real_group_sampling_width,global_cutoff
0,0.007297947485879444,8.04559470639179e-05,25.550392893514733,-0.00024547339434335854,0.0771016009698347,47
