,abs_amplitude,amplitude_squared,surface_energy,param_0,real_group_sampling_width,global_cutoff
0,0.011422832774684645,0.00020549530923657746,21.383119800122056,0.0007397653502342255,0.11670940213746354,6
