,abs_amplitude,amplitude_squared,surface_energy,param_0,real_group_sampling_width,global_cutoff
0,0.010046275412658057,0.00016598261672718227,13.158979230076335,0.00015852798716197702,0.11970659064972168,147
