,abs_amplitude,amplitude_squared,surface_energy,param_0,real_group_sampling_width,global_cutoff
0,0.0314557287050592,0.0014127696616244312,81.07378232167216,0.002785712684331619,0.268339104685525,1
