,abs_amplitude,amplitude_squared,surface_energy,param_0,real_group_sampling_width,global_cutoff
0,0.007539401335485358,9.048583294341235e-05,23.204014804672326,-0.0002684030300158764,0.07550621056450556,2
