,abs_amplitude,amplitude_squared,surface_energy,param_0,real_group_sampling_width,global_cutoff
0,0.007417310679023295,8.698038232177152e-05,23.392404346281552,-0.00022751713226279463,0.07951746203417133,4
