,abs_amplitude,amplitude_squared,surface_energy,param_0,real_group_sampling_width,global_cutoff
0,0.00833664736520214,0.00011128077554544677,21.607825818941034,0.001050687600939184,0.08839621741544408,5
