,abs_amplitude,amplitude_squared,surface_energy,param_0,real_group_sampling_width,global_cutoff
0,0.008769446926663012,0.00012024678720925538,11.37274454077413,0.00036611258797505935,0.09244345819026122,12
