,abs_amplitude,amplitude_squared,surface_energy,param_0,real_group_sampling_width,global_cutoff
0,0.008135026753192465,0.00010788663698248114,18.496481985360916,-0.000744957293463938,0.07939475819485124,10
