,abs_amplitude,amplitude_squared,surface_energy,param_0,real_group_sampling_width,global_cutoff
0,0.011658484007715162,0.00020997080613808207,35.1994962598037,0.00041067497742519333,0.11872384504616658,52
