,abs_amplitude,amplitude_squared,surface_energy,param_0,real_group_sampling_width,global_cutoff
0,0.2974148016512182,0.08845816367510238,2886.0221903772613,0.2974148016512182,0.013646484897359732,3
