,abs_amplitude,amplitude_squared,surface_energy,param_0,real_group_sampling_width,global_cutoff
0,0.5372821058176676,0.2887236312871896,48.588832556517254,0.5372821058176676,0.06213903173467261,0
