,abs_amplitude,amplitude_squared,surface_energy,param_0,real_group_sampling_width,global_cutoff
0,0.5243315388998624,0.2749577103985339,61.18640808954989,-0.5243315388998624,0.052360264889025676,60
