,abs_amplitude,amplitude_squared,surface_energy,param_0,real_group_sampling_width,global_cutoff
0,0.0067853832970516175,6.99271588121796e-05,28.41819265253008,-3.546747029228046e-05,0.0753591869319482,32
