,abs_amplitude,amplitude_squared,surface_energy,param_0,real_group_sampling_width,global_cutoff
0,0.1688886404777299,0.03319056753876886,34.535833037130786,-0.011388040717396925,0.6274215641034803,8
