,abs_amplitude,amplitude_squared,surface_energy,param_0,real_group_sampling_width,global_cutoff
0,0.007461351874544916,8.60624702312543e-05,14.018748330270325,-7.074696818764238e-05,0.07425757453240442,5
