,abs_amplitude,amplitude_squared,surface_energy,param_0,real_group_sampling_width,global_cutoff
0,0.011867501547936834,0.00021517023640733933,14.56412345717305,0.0007157097547191641,0.12197319884771708,5
