,abs_amplitude,amplitude_squared,surface_energy,param_0,real_group_sampling_width,global_cutoff
0,0.5823222835008346,0.33911400050941765,115.5662795297268,0.5823222835008346,0.03275752364906027,1
