,abs_amplitude,amplitude_squared,surface_energy,param_0,real_group_sampling_width,global_cutoff
0,0.41087335466897185,0.16882677104304322,301.12675299408824,-0.41087335466897185,0.03369486630961851,159
