,abs_amplitude,amplitude_squared,surface_energy,param_0,real_group_sampling_width,global_cutoff
0,0.00707260369910407,7.652242960704677e-05,24.246791247932865,-0.0001344641428083283,0.07647669310777937,5
