,abs_amplitude,amplitude_squared,surface_energy,param_0,real_group_sampling_width,global_cutoff
0,0.007974163103010707,9.532666229276489e-05,28.431159942405777,0.0008105397787012929,0.08626014851994546,6
