,abs_amplitude,amplitude_squared,surface_energy,param_0,real_group_sampling_width,global_cutoff
0,0.5185312677324723,0.268923888649604,54.45533312208679,0.5185312677324723,0.05758995701504418,1
