,abs_amplitude,amplitude_squared,surface_energy,param_0,real_group_sampling_width,global_cutoff
0,0.4922080506745275,0.2423918441120524,40.817137989051794,-0.4922080506745275,0.0950534236024002,1
