,abs_amplitude,amplitude_squared,surface_energy,param_0,real_group_sampling_width,global_cutoff
0,0.6743971019950108,0.45481593782228924,293.5680004491224,-0.6743971019950108,0.01768328857178066,2
