,abs_amplitude,amplitude_squared,surface_energy,param_0,real_group_sampling_width,global_cutoff
0,0.010131046682126903,0.00016134939135162562,18.09338713476424,0.000951831227086238,0.10777104812481061,0
