,abs_amplitude,amplitude_squared,surface_energy,param_0,real_group_sampling_width,global_cutoff
0,0.006373509570669506,6.393815199723099e-05,23.83328559301806,9.049142883644851e-05,0.06689030313265636,31
