,abs_amplitude,amplitude_squared,surface_energy,param_0,real_group_sampling_width,global_cutoff
0,0.45888350715089044,0.21059738634552386,116.6027547582768,-0.45888350715089044,0.041974600985506844,38
