,abs_amplitude,amplitude_squared,surface_energy,param_0,real_group_sampling_width,global_cutoff
0,0.5895146457568842,0.3476221484379616,429.92525292330373,-0.5895146457568842,0.015989007189947828,2
