,abs_amplitude,amplitude_squared,surface_energy,param_0,real_group_sampling_width,global_cutoff
0,0.045596092306178886,0.003100274052281327,28.778314420554103,-0.001967700364899071,0.38409723916577265,5
