,abs_amplitude,amplitude_squared,surface_energy,param_0,real_group_sampling_width,global_cutoff
0,0.007853384500593742,9.3817392237926e-05,11.265167822498531,-0.0008127861722709657,0.08768008068726339,152
