,abs_amplitude,amplitude_squared,surface_energy,param_0,real_group_sampling_width,global_cutoff
0,0.6753192842776884,0.4560576852712048,560.1484865305855,0.6753192842776884,0.011634872725295,18
