,abs_amplitude,amplitude_squared,surface_energy,param_0,real_group_sampling_width,global_cutoff
0,0.01122137766827662,0.00020597601750755988,23.027926500447506,-0.0010106654785619683,0.1151808625166455,56
