,abs_amplitude,amplitude_squared,surface_energy,param_0,real_group_sampling_width,global_cutoff
0,0.014571986127878696,0.00032730862413997685,28.29316721177818,0.00064875129336528,0.15462376042683706,0
