,abs_amplitude,amplitude_squared,surface_energy,param_0,real_group_sampling_width,global_cutoff
0,0.6640710121968512,0.4410054003856198,80.46060088911044,0.6640710121968512,0.034943975745294946,3
