,abs_amplitude,amplitude_squared,surface_energy,param_0,real_group_sampling_width,global_cutoff
0,0.6290669810911561,0.39579467208126734,61.46083002035263,0.6290669810911561,0.04356264628836354,0
