,abs_amplitude,amplitude_squared,surface_energy,param_0,real_group_sampling_width,global_cutoff
0,0.007605662933679902,9.062434741753496e-05,28.288449151201657,-0.0007533775493446684,0.07630775629751316,20
