,abs_amplitude,amplitude_squared,surface_energy,param_0,real_group_sampling_width,global_cutoff
0,0.615362846080105,0.3786943986747546,69.00094945828563,-0.615362846080105,0.04112245547904324,6
