,abs_amplitude,amplitude_squared,surface_energy,param_0,real_group_sampling_width,global_cutoff
0,0.00909701565758168,0.00012691334960754976,12.510006306882968,-0.00021996316904410008,0.09477323940850245,28
