,abs_amplitude,amplitude_squared,surface_energy,param_0,real_group_sampling_width,global_cutoff
0,0.6197863074349326,0.38413717163394895,5132.708328847386,0.6197863074349326,0.005554991501832917,3
