,abs_amplitude,amplitude_squared,surface_energy,param_0,real_group_sampling_width,global_cutoff
0,0.009087518623372128,0.00013009913315844236,13.362945980343842,0.0007141279307911374,0.08973867854667336,1
