,abs_amplitude,amplitude_squared,surface_energy,param_0,real_group_sampling_width,global_cutoff
0,0.006962501580028943,7.473314137931517e-05,14.607201176953183,-0.000303018875909071,0.0656288112629299,22
