,abs_amplitude,amplitude_squared,surface_energy,param_0,real_group_sampling_width,global_cutoff
0,0.011931348249015967,0.00023313265288906276,12.483688179263368,0.0006601772329997748,0.11502322099210797,20
