,abs_amplitude,amplitude_squared,surface_energy,param_0,real_group_sampling_width,global_cutoff
0,0.015555793805337344,0.0003881645256090269,30.49782172558459,0.0005679668018379574,0.16045564308733615,45
