,abs_amplitude,amplitude_squared,surface_energy,param_0,real_group_sampling_width,global_cutoff
0,0.010426718891369608,0.00016579272639109737,10.316202442453653,0.00109704591361379,0.10347596677612399,46
