,abs_amplitude,amplitude_squared,surface_energy,param_0,real_group_sampling_width,global_cutoff
0,0.007599427113927975,9.03535314554727e-05,18.524700993354923,-0.00037624676379301435,0.08561920755304064,129
