,abs_amplitude,amplitude_squared,surface_energy,param_0,real_group_sampling_width,global_cutoff
0,0.011447219805285418,0.00020562701095585818,19.285443800421834,-0.0007844813465117318,0.12227413673446601,5
