,abs_amplitude,amplitude_squared,surface_energy,param_0,real_group_sampling_width,global_cutoff
0,0.014127295507407326,0.00031696205207130707,17.267322213593832,0.0013842340066126389,0.15395966532336858,95
