,abs_amplitude,amplitude_squared,surface_energy,param_0,real_group_sampling_width,global_cutoff
0,0.626175024483382,0.39212846288862085,57.70857645852567,-0.626175024483382,0.04650865383816763,0
