,abs_amplitude,amplitude_squared,surface_energy,param_0,real_group_sampling_width,global_cutoff
0,0.5547493664323437,0.30776120886360486,141.4141780754343,-0.5547493664323437,0.03001665836618512,3
