,abs_amplitude,amplitude_squared,surface_energy,param_0,real_group_sampling_width,global_cutoff
0,0.017217781929527044,0.00045083963657210956,24.134566198561057,0.0007191179489215348,0.19378910635806465,150
