,abs_amplitude,amplitude_squared,surface_energy,param_0,real_group_sampling_width,global_cutoff
0,0.6678652021937038,0.4460441058370101,5990.138819907308,-0.6678652021937038,0.003933409419899488,19
