,abs_amplitude,amplitude_squared,surface_energy,param_0,real_group_sampling_width,global_cutoff
0,0.5829277283295924,0.33997154624734066,63.2187479314103,-0.5829277283295924,0.04719565394475217,0
