,abs_amplitude,amplitude_squared,surface_energy,param_0,real_group_sampling_width,global_cutoff
0,0.006306467669919643,6.463743348882086e-05,16.23011392726572,0.00027733205117606163,0.06917109631734912,16
