,abs_amplitude,amplitude_squared,surface_energy,param_0,real_group_sampling_width,global_cutoff
0,0.6358595625657019,0.4043439406543106,62.61982944081273,-0.6358595625657019,0.042221383751377004,12
