,abs_amplitude,amplitude_squared,surface_energy,param_0,real_group_sampling_width,global_cutoff
0,0.6818961929317863,0.4652578865202464,206.3801623938983,0.6818961929317863,0.0196992987273004,0
