,abs_amplitude,amplitude_squared,surface_energy,param_0,real_group_sampling_width,global_cutoff
0,0.229280717899939,0.05281039356613562,55.4132613827084,-0.229280717899939,0.123384463090977,12
