,abs_amplitude,amplitude_squared,surface_energy,param_0,real_group_sampling_width,global_cutoff
0,0.08957756384144028,0.00984661182727567,44.29070796364904,-0.00366878056546319,0.4839593036095262,7
