,abs_amplitude,amplitude_squared,surface_energy,param_0,real_group_sampling_width,global_cutoff
0,0.29583905477638067,0.08754781535216398,262.3750627260879,-0.29583905477638067,0.050442880378393784,116
