,abs_amplitude,amplitude_squared,surface_energy,param_0,real_group_sampling_width,global_cutoff
0,0.0097071765989699,0.0001533353844017105,19.73817237096927,-0.0006607370440176517,0.10997715879390554,49
