,abs_amplitude,amplitude_squared,surface_energy,param_0,real_group_sampling_width,global_cutoff
0,0.6198844435829756,0.38435089463997407,128.29901836511632,-0.6198844435829756,0.028490319782218124,0
