,abs_amplitude,amplitude_squared,surface_energy,param_0,real_group_sampling_width,global_cutoff
0,0.00868508634894696,0.00011851463441734522,22.176475565573167,0.0002573551525508737,0.09041087333953982,0
