,abs_amplitude,amplitude_squared,surface_energy,param_0,real_group_sampling_width,global_cutoff
0,0.5722408311882923,0.327528946366084,47.25783318877527,-0.5722408311882923,0.07874737786893465,252
