,abs_amplitude,amplitude_squared,surface_energy,param_0,real_group_sampling_width,global_cutoff
0,0.008236210844777932,0.00010943811095236984,27.99187437418204,-0.0001471455438159796,0.08832248349343712,3
