,abs_amplitude,amplitude_squared,surface_energy,param_0,real_group_sampling_width,global_cutoff
0,0.61840117380785,0.3824367530475368,88.38506493612059,0.61840117380785,0.03649774903763571,1
