,abs_amplitude,amplitude_squared,surface_energy,param_0,real_group_sampling_width,global_cutoff
0,0.4524815362087104,0.20490920997391096,38.652526137412046,0.4524815362087104,0.10834151005080303,2
