,abs_amplitude,amplitude_squared,surface_energy,param_0,real_group_sampling_width,global_cutoff
0,0.009011544113510343,0.00012691360562045896,22.631861037647038,6.352941762995247e-05,0.09646253635895204,0
