,abs_amplitude,amplitude_squared,surface_energy,param_0,real_group_sampling_width,global_cutoff
0,0.5624514197805074,0.31637408504538456,89.56892467407995,-0.5624514197805074,0.039220329049372095,3
