,abs_amplitude,amplitude_squared,surface_energy,param_0,real_group_sampling_width,global_cutoff
0,0.007269154947458199,8.131059762599992e-05,8.578997537684183,-0.00010626053039743798,0.07574632988828897,12
