,abs_amplitude,amplitude_squared,surface_energy,param_0,real_group_sampling_width,global_cutoff
0,0.24760345220226743,0.0613116982610269,2762.652493110544,-0.24760345220226743,0.016083443832063397,39
