,abs_amplitude,amplitude_squared,surface_energy,param_0,real_group_sampling_width,global_cutoff
0,0.007212772292470381,8.2769213028097e-05,29.376409458793987,0.00023283683605432464,0.07773739066629298,0
