,abs_amplitude,amplitude_squared,surface_energy,param_0,real_group_sampling_width,global_cutoff
0,0.008069997083506097,0.00010337998636684917,17.680454952346032,0.0003887435740861548,0.08181689643077965,33
