,abs_amplitude,amplitude_squared,surface_energy,param_0,real_group_sampling_width,global_cutoff
0,0.007402857435986834,8.706885942918355e-05,28.01642759293067,-0.00024293515335818786,0.07786049757264675,53
