,abs_amplitude,amplitude_squared,surface_energy,param_0,real_group_sampling_width,global_cutoff
0,0.5998611861259179,0.3598993132200063,121.24030844732458,0.5998611861259179,0.03005329616837732,0
