,abs_amplitude,amplitude_squared,surface_energy,param_0,real_group_sampling_width,global_cutoff
0,0.011936424743649985,0.0002229225750584075,16.316005405132472,-0.0006211730455762402,0.11387031935518262,7
