,abs_amplitude,amplitude_squared,surface_energy,param_0,real_group_sampling_width,global_cutoff
0,0.008097616489666523,0.00010375800941841862,7.944801274014908,4.4761566184020885e-05,0.08098617147468219,1
