,abs_amplitude,amplitude_squared,surface_energy,param_0,real_group_sampling_width,global_cutoff
0,0.007610972014334535,9.093387179451682e-05,17.273057758066873,-0.00014747745261650853,0.07249448183179243,7
