,abs_amplitude,amplitude_squared,surface_energy,param_0,real_group_sampling_width,global_cutoff
0,0.011192790888600819,0.00018914824174882046,31.580873381697288,0.0010788240620366945,0.11516606433501692,4
