,abs_amplitude,amplitude_squared,surface_energy,param_0,real_group_sampling_width,global_cutoff
0,0.5685386191074522,0.3232428938107967,214.19854239802856,-0.5685386191074522,0.02424895216028866,7
