,abs_amplitude,amplitude_squared,surface_energy,param_0,real_group_sampling_width,global_cutoff
0,0.1472261155408354,0.02239574294110829,52.971193168015795,-0.007177990250123673,0.2105354149216192,2
