,abs_amplitude,amplitude_squared,surface_energy,param_0,real_group_sampling_width,global_cutoff
0,0.007379719498412405,8.444733072905035e-05,27.200408917283667,0.0005126921201802392,0.07834929314020639,2
