,abs_amplitude,amplitude_squared,surface_energy,param_0,real_group_sampling_width,global_cutoff
0,0.20028541815477868,0.04054636661338315,46.33837937344052,-0.19954365831789392,0.1544535180158173,13
