,abs_amplitude,amplitude_squared,surface_energy,param_0,real_group_sampling_width,global_cutoff
0,0.6642323538587924,0.44121304444637566,120.19662078913488,0.6642323538587924,0.026618055211004795,3
