,abs_amplitude,amplitude_squared,surface_energy,param_0,real_group_sampling_width,global_cutoff
0,0.29570654783165,0.08766533041814419,39.514312711089474,0.29570654783165,0.11537396182392977,2
