,abs_amplitude,amplitude_squared,surface_energy,param_0,real_group_sampling_width,global_cutoff
0,0.00914697845182574,0.00013085860474413742,32.1609125811809,-1.9378450130694633e-05,0.09368673880163225,7
