,abs_amplitude,amplitude_squared,surface_energy,param_0,real_group_sampling_width,global_cutoff
0,0.005647330299204812,5.133642252412637e-05,24.57677072091067,0.00017101002209104604,0.06245216999854424,88
