,abs_amplitude,amplitude_squared,surface_energy,param_0,real_group_sampling_width,global_cutoff
0,0.007842306541672405,9.472933175651228e-05,13.818269222153981,-0.0002876089303073976,0.07924179722542711,10
