,abs_amplitude,amplitude_squared,surface_energy,param_0,real_group_sampling_width,global_cutoff
0,0.6495581998263728,0.4219488269198772,65.5123025753511,-0.6495581998263728,0.04070170893343674,1
