,abs_amplitude,amplitude_squared,surface_energy,param_0,real_group_sampling_width,global_cutoff
0,0.40711422793864666,0.16607487062520124,38.23428627145112,0.40711422793864666,0.1519654203298236,64
