,abs_amplitude,amplitude_squared,surface_energy,param_0,real_group_sampling_width,global_cutoff
0,0.007629392623683817,9.08977142980459e-05,25.568436434106644,0.0006912388251964475,0.0906117604588613,171
