,abs_amplitude,amplitude_squared,surface_energy,param_0,real_group_sampling_width,global_cutoff
0,0.6118491304596237,0.3743668924987851,163.92704184835142,0.6118491304596237,0.024425717116488575,11
