,abs_amplitude,amplitude_squared,surface_energy,param_0,real_group_sampling_width,global_cutoff
0,0.014199804442751712,0.0003141386257526696,20.80569401856819,0.00024274372125638143,0.1511258656198806,44
