,abs_amplitude,amplitude_squared,surface_energy,param_0,real_group_sampling_width,global_cutoff
0,0.4327148823687642,0.1872791950798084,85.27956806270093,-0.4327148823687642,0.05511147216005637,83
