,abs_amplitude,amplitude_squared,surface_energy,param_0,real_group_sampling_width,global_cutoff
0,0.013679006548342943,0.00028966777326240394,31.93714447484135,0.0014648946692161836,0.13643152331830524,32
