,abs_amplitude,amplitude_squared,surface_energy,param_0,real_group_sampling_width,global_cutoff
0,0.009035900458429481,0.00012563973670742446,18.480490273898678,-0.0004148073312964613,0.08796854910220185,18
