,abs_amplitude,amplitude_squared,surface_energy,param_0,real_group_sampling_width,global_cutoff
0,0.007822226094774905,9.408208960233091e-05,19.040417838240042,-0.0006515726070867778,0.08414114350861508,42
