,abs_amplitude,amplitude_squared,surface_energy,param_0,real_group_sampling_width,global_cutoff
0,0.009171430708498064,0.00013623463388476558,19.058507184935547,-0.00037031296431668214,0.10019884000746596,71
