,abs_amplitude,amplitude_squared,surface_energy,param_0,real_group_sampling_width,global_cutoff
0,0.3850459863934375,0.1482623326804659,3191.2193535795773,-0.3850459863934375,0.010942921290755265,1
