,abs_amplitude,amplitude_squared,surface_energy,param_0,real_group_sampling_width,global_cutoff
0,0.013776580038630939,0.00029266458300102646,37.14414035604012,0.0012256556683065928,0.1420180162586385,15
