,abs_amplitude,amplitude_squared,surface_energy,param_0,real_group_sampling_width,global_cutoff
0,0.5870460312465471,0.3449113711063477,71.15037270931425,-0.5870460312465471,0.04298362438228654,0
