,abs_amplitude,amplitude_squared,surface_energy,param_0,real_group_sampling_width,global_cutoff
0,0.015436610191663607,0.0003779552848430193,20.49883517308137,0.0023997916935562177,0.14636863962627736,12
