,abs_amplitude,amplitude_squared,surface_energy,param_0,real_group_sampling_width,global_cutoff
0,0.0070920833421026334,8.088196380653783e-05,26.853972900442297,-0.0007631855641801901,0.06961060946360678,0
