,abs_amplitude,amplitude_squared,surface_energy,param_0,real_group_sampling_width,global_cutoff
0,0.5304668884856365,0.28144968084861344,47.99769823509209,0.5304668884856365,0.06456057831639253,1
