,abs_amplitude,amplitude_squared,surface_energy,param_0,real_group_sampling_width,global_cutoff
0,0.009910245215202632,0.00015790839000838654,38.192387904429125,-0.000657272489819764,0.10626841200693848,23
