,abs_amplitude,amplitude_squared,surface_energy,param_0,real_group_sampling_width,global_cutoff
0,0.006693782270088597,7.140587510849168e-05,27.896772126326265,-0.00033289927712814584,0.0708293511451431,0
