,abs_amplitude,amplitude_squared,surface_energy,param_0,real_group_sampling_width,global_cutoff
0,0.008965888965887944,0.00012834063422902334,21.14295457791587,-0.00029874284738483977,0.09213035749513174,8
