,abs_amplitude,amplitude_squared,surface_energy,param_0,real_group_sampling_width,global_cutoff
0,0.010072952623860695,0.0001571483663701295,32.82311611859619,-0.0011487774707535602,0.10290650193037211,12
