,abs_amplitude,amplitude_squared,surface_energy,param_0,real_group_sampling_width,global_cutoff
0,0.009604871595017625,0.00014106124771269833,27.82152208014623,-0.0008537439249749561,0.11490295754270093,114
