,abs_amplitude,amplitude_squared,surface_energy,param_0,real_group_sampling_width,global_cutoff
0,0.6334028014581738,0.4012161196924263,80.99084512812308,0.6334028014581738,0.03393463585625465,25
