,abs_amplitude,amplitude_squared,surface_energy,param_0,real_group_sampling_width,global_cutoff
0,0.5718229106545074,0.3270029240978854,77.8723336458235,0.5718229106545074,0.042565305113758584,1
