,abs_amplitude,amplitude_squared,surface_energy,param_0,real_group_sampling_width,global_cutoff
0,0.23356391750676744,0.0561273348664633,32.524611854507974,0.02378926215596763,0.25798236632296984,17
