,abs_amplitude,amplitude_squared,surface_energy,param_0,real_group_sampling_width,global_cutoff
0,0.42444336848655384,0.18020590422253502,68.59998610569865,-0.42444336848655384,0.06431092034549392,50
