,abs_amplitude,amplitude_squared,surface_energy,param_0,real_group_sampling_width,global_cutoff
0,0.5653747456788101,0.3196490151964769,4437.5990972012105,-0.5653747456788101,0.006416586376387162,3
