,abs_amplitude,amplitude_squared,surface_energy,param_0,real_group_sampling_width,global_cutoff
0,0.009932694653785655,0.000159688411192013,16.255514798542233,5.408840645131805e-05,0.10677324307728223,14
