,abs_amplitude,amplitude_squared,surface_energy,param_0,real_group_sampling_width,global_cutoff
0,0.018210793979017155,0.0005178784432933619,22.54324057954781,-0.0014712342068415281,0.17194110784668495,9
