,abs_amplitude,amplitude_squared,surface_energy,param_0,real_group_sampling_width,global_cutoff
0,0.5282694609082564,0.27920566475443953,43.32022152839869,-0.5282694609082564,0.07322518306235862,0
