,abs_amplitude,amplitude_squared,surface_energy,param_0,real_group_sampling_width,global_cutoff
0,0.49614907436626543,0.2462366382523662,42.698995223462035,-0.49614907436626543,0.0751325726121966,17
