,abs_amplitude,amplitude_squared,surface_energy,param_0,real_group_sampling_width,global_cutoff
0,0.031939024703782605,0.0016546662056562376,35.514203308773595,-0.003050206304774852,0.28642703712270634,24
