,abs_amplitude,amplitude_squared,surface_energy,param_0,real_group_sampling_width,global_cutoff
0,0.012797765189754194,0.00026094926075249713,15.151463956501905,-0.0007772332022628002,0.12649862093314168,2
