,abs_amplitude,amplitude_squared,surface_energy,param_0,real_group_sampling_width,global_cutoff
0,0.5535084208327233,0.3065916332469394,4320.868479052829,0.5535084208327233,0.006825431687231189,0
