,abs_amplitude,amplitude_squared,surface_energy,param_0,real_group_sampling_width,global_cutoff
0,0.022807830561986812,0.0007886762860404651,25.47289111108776,0.0008411360930268833,0.20758062223611473,0
