,abs_amplitude,amplitude_squared,surface_energy,param_0,real_group_sampling_width,global_cutoff
0,0.11982552401079968,0.0168143196878436,29.999924847549856,0.018667739310968882,0.520903906102109,0
