,abs_amplitude,amplitude_squared,surface_energy,param_0,real_group_sampling_width,global_cutoff
0,0.6473414395406487,0.41906775424572795,5591.393823168623,0.6473414395406487,0.00524886250016951,1
