,abs_amplitude,amplitude_squared,surface_energy,param_0,real_group_sampling_width,global_cutoff
0,0.006311006497650309,6.175259450069975e-05,22.722028102166874,0.00028590938829177166,0.06097757021609193,13
