,abs_amplitude,amplitude_squared,surface_energy,param_0,real_group_sampling_width,global_cutoff
0,0.6114891457589169,0.37392161898017556,456.20904791231584,0.6114891457589169,0.01486966939826138,7
