,abs_amplitude,amplitude_squared,surface_energy,param_0,real_group_sampling_width,global_cutoff
0,0.007224955962089545,8.301494963659374e-05,10.433854572106556,-0.00033384089471996274,0.07381321955067416,0
