,abs_amplitude,amplitude_squared,surface_energy,param_0,real_group_sampling_width,global_cutoff
0,0.0068105647881119245,7.457175844130606e-05,20.52723194882644,-0.0006141921342493499,0.08354381655278814,142
