,abs_amplitude,amplitude_squared,surface_energy,param_0,real_group_sampling_width,global_cutoff
0,0.42008420259333695,0.17649222610756476,160.63434811390457,0.42008420259333695,0.04128666601024558,1
