,abs_amplitude,amplitude_squared,surface_energy,param_0,real_group_sampling_width,global_cutoff
0,0.010204959093522304,0.00016271089894854938,9.869355863535827,0.0007802298689491742,0.10654440213263314,24
