,abs_amplitude,amplitude_squared,surface_energy,param_0,real_group_sampling_width,global_cutoff
0,0.007395835451938491,8.694040562796866e-05,19.553974252985377,0.00021300103197797738,0.07609664144256027,0
