,abs_amplitude,amplitude_squared,surface_energy,param_0,real_group_sampling_width,global_cutoff
0,0.368312620049803,0.13570909600840678,77.89840367415765,0.368312620049803,0.06879793949496303,73
