,abs_amplitude,amplitude_squared,surface_energy,param_0,real_group_sampling_width,global_cutoff
0,0.010588211608795613,0.00017585373246308328,11.108870725975892,0.0009170347884504431,0.1114637029681996,2
