,abs_amplitude,amplitude_squared,surface_energy,param_0,real_group_sampling_width,global_cutoff
0,0.3169209111088473,0.10052811773952523,73.4261512682054,0.3169209111088473,0.08010021144122417,1
