,abs_amplitude,amplitude_squared,surface_energy,param_0,real_group_sampling_width,global_cutoff
0,0.010584692237453019,0.00017890232701057445,16.777590423455653,0.0004611963394170787,0.1094056204988686,16
