,abs_amplitude,amplitude_squared,surface_energy,param_0,real_group_sampling_width,global_cutoff
0,0.010967804011314742,0.00018822509160038828,17.010188229163678,0.00035491641689921344,0.11992407798045428,19
