,abs_amplitude,amplitude_squared,surface_energy,param_0,real_group_sampling_width,global_cutoff
0,0.45750433645272987,0.2094120095434657,39.9759106077354,0.45750433645272987,0.08294680651405716,1
