,abs_amplitude,amplitude_squared,surface_energy,param_0,real_group_sampling_width,global_cutoff
0,0.3748744529239301,0.14062006420716133,54.40996773902318,-0.3748744529239301,0.0752710946071239,27
