,abs_amplitude,amplitude_squared,surface_energy,param_0,real_group_sampling_width,global_cutoff
0,0.4824699666659088,0.23283220814732067,50.76632675196984,0.4824699666659088,0.06381851275331389,0
