,abs_amplitude,amplitude_squared,surface_energy,param_0,real_group_sampling_width,global_cutoff
0,0.5963358545101491,0.35563754033879336,72.79598704279373,-0.5963358545101491,0.04018543973868571,22
