,abs_amplitude,amplitude_squared,surface_energy,param_0,real_group_sampling_width,global_cutoff
0,0.5980965527442309,0.3577587461694262,53.4541750379532,-0.5980965527442309,0.054212608368280804,13
