,abs_amplitude,amplitude_squared,surface_energy,param_0,real_group_sampling_width,global_cutoff
0,0.33570163456596325,0.11271637138323683,273.5236150532442,0.33570163456596325,0.04045594700941632,28
