,abs_amplitude,amplitude_squared,surface_energy,param_0,real_group_sampling_width,global_cutoff
0,0.6423229573148667,0.4126229476170713,263.7107604009508,0.6423229573148667,0.01942244924652825,2
