,abs_amplitude,amplitude_squared,surface_energy,param_0,real_group_sampling_width,global_cutoff
0,0.5347866190822418,0.28604660126889,51.84055249428565,0.5347866190822418,0.06495863749616809,117
