,abs_amplitude,amplitude_squared,surface_energy,param_0,real_group_sampling_width,global_cutoff
0,0.007627279272134588,9.303980163044646e-05,23.88221313411445,-2.791600761054427e-05,0.08776873862275093,78
