,abs_amplitude,amplitude_squared,surface_energy,param_0,real_group_sampling_width,global_cutoff
0,0.5576095562890573,0.31093768393260945,208.63505271555823,0.5576095562890573,0.025801292620226624,2
