,abs_amplitude,amplitude_squared,surface_energy,param_0,real_group_sampling_width,global_cutoff
0,0.0133826969339601,0.00030102427468253344,74.99338350619182,0.0010352641578562944,0.12981971474394222,2
