,abs_amplitude,amplitude_squared,surface_energy,param_0,real_group_sampling_width,global_cutoff
0,0.010657553481631497,0.00017898232623522853,13.885955172996736,0.000390278034320668,0.1155585813258999,1
