,abs_amplitude,amplitude_squared,surface_energy,param_0,real_group_sampling_width,global_cutoff
0,0.014494576317020634,0.0003376794495960674,23.640122745354734,0.00022865427116284967,0.1767383567376102,79
