,abs_amplitude,amplitude_squared,surface_energy,param_0,real_group_sampling_width,global_cutoff
0,0.011313342223107916,0.0001984460596302593,12.09853362593851,-0.0001741441374235827,0.13220406569290452,0
