,abs_amplitude,amplitude_squared,surface_energy,param_0,real_group_sampling_width,global_cutoff
0,0.48925906742934133,0.23938857823420986,180.5730141526614,0.48925906742934133,0.03183623355167992,2
