,abs_amplitude,amplitude_squared,surface_energy,param_0,real_group_sampling_width,global_cutoff
0,0.5740935698692841,0.3296281788306555,50.24731004921926,-0.5740935698692841,0.056857291356501555,42
