,abs_amplitude,amplitude_squared,surface_energy,param_0,real_group_sampling_width,global_cutoff
0,0.566624772865675,0.3210870986871456,76.91066096060999,-0.566624772865675,0.04176149401012157,4
