,abs_amplitude,amplitude_squared,surface_energy,param_0,real_group_sampling_width,global_cutoff
0,0.007632148958891779,9.097827136212272e-05,8.907689959147465,0.0007922504124077253,0.08050963111263032,0
