,abs_amplitude,amplitude_squared,surface_energy,param_0,real_group_sampling_width,global_cutoff
0,0.011113782052976355,0.00019271320803314682,70.93971501499652,0.00045047300873934167,0.1135826950899054,54
