,abs_amplitude,amplitude_squared,surface_energy,param_0,real_group_sampling_width,global_cutoff
0,0.5991057175115437,0.3589693507144269,4844.2721496903705,0.5991057175115437,0.005886386369063576,3
