,abs_amplitude,amplitude_squared,surface_energy,param_0,real_group_sampling_width,global_cutoff
0,0.008614217558711536,0.00010991320123359927,27.862612348497194,0.0017148804803903813,0.11661270669315915,338
