,abs_amplitude,amplitude_squared,surface_energy,param_0,real_group_sampling_width,global_cutoff
0,0.6235060288609127,0.38880869870955426,105.544331619524,0.6235060288609127,0.03188116718163103,1
