,abs_amplitude,amplitude_squared,surface_energy,param_0,real_group_sampling_width,global_cutoff
0,0.6014598696228228,0.36178991363180923,233.56563543941417,-0.6014598696228228,0.021339726549592798,1
