,abs_amplitude,amplitude_squared,surface_energy,param_0,real_group_sampling_width,global_cutoff
0,0.011621351060353387,0.00021493826151751123,15.432874038134328,-0.00046349004283940894,0.12862804027768507,2
