,abs_amplitude,amplitude_squared,surface_energy,param_0,real_group_sampling_width,global_cutoff
0,0.5499904865933957,0.30255965290277237,45.11866512510239,-0.5499904865933957,0.0736221059519425,47
