,abs_amplitude,amplitude_squared,surface_energy,param_0,real_group_sampling_width,global_cutoff
0,0.6047631249198632,0.3658078980138388,122.65481238305637,-0.6047631249198632,0.030043392864750985,0
