,abs_amplitude,amplitude_squared,surface_energy,param_0,real_group_sampling_width,global_cutoff
0,0.007805848291903122,9.69323912091033e-05,28.99978469507816,-1.7234729201494463e-05,0.08316535825517012,3
