,abs_amplitude,amplitude_squared,surface_energy,param_0,real_group_sampling_width,global_cutoff
0,0.4875172905636865,0.23771900604204788,56.99099986869011,-0.4875172905636865,0.05907008574978916,6
