,abs_amplitude,amplitude_squared,surface_energy,param_0,real_group_sampling_width,global_cutoff
0,0.013363774339559526,0.00030165054241565394,35.40849110684256,0.000621865209563615,0.13825804990267623,1
