,abs_amplitude,amplitude_squared,surface_energy,param_0,real_group_sampling_width,global_cutoff
0,0.009445196877666335,0.00013639927533530425,17.569595630518066,-0.0004105454498826532,0.09855669116233161,0
