,abs_amplitude,amplitude_squared,surface_energy,param_0,real_group_sampling_width,global_cutoff
0,0.007803062079287253,9.432333842061743e-05,10.111403353141656,0.00014930564225403898,0.07835755529116313,9
