,abs_amplitude,amplitude_squared,surface_energy,param_0,real_group_sampling_width,global_cutoff
0,0.3703633227539416,0.13717040503810887,3130.5166220693814,0.3703633227539416,0.010502245716847415,21
