,abs_amplitude,amplitude_squared,surface_energy,param_0,real_group_sampling_width,global_cutoff
0,0.4891632771728244,0.2393781818946623,42.155789639452586,-0.4891632771728244,0.07459475843471162,1
