,abs_amplitude,amplitude_squared,surface_energy,param_0,real_group_sampling_width,global_cutoff
0,0.00784455020022229,9.828057567567462e-05,9.51288376302022,6.0968470007585636e-05,0.08024632615348418,2
