,abs_amplitude,amplitude_squared,surface_energy,param_0,real_group_sampling_width,global_cutoff
0,0.00858906535439663,0.00011927415658064058,13.557675821856815,-0.0009750082879523619,0.08209417961030956,19
