,abs_amplitude,amplitude_squared,surface_energy,param_0,real_group_sampling_width,global_cutoff
0,0.009506341251805253,0.00014120082033340447,9.66696980660334,0.0005419429307347296,0.09197304572003175,0
