,abs_amplitude,amplitude_squared,surface_energy,param_0,real_group_sampling_width,global_cutoff
0,0.5551370622373469,0.30823940964053065,45.61936530476784,-0.5551370622373469,0.07022498482746825,1
