,abs_amplitude,amplitude_squared,surface_energy,param_0,real_group_sampling_width,global_cutoff
0,0.009584963833915125,0.00014551930746813433,22.81999405128774,0.0006739745728605315,0.11917279549159708,190
