,abs_amplitude,amplitude_squared,surface_energy,param_0,real_group_sampling_width,global_cutoff
0,0.6566244451968469,0.431155837969596,5762.536181661297,-0.6566244451968469,0.0038713497422298068,33
