,abs_amplitude,amplitude_squared,surface_energy,param_0,real_group_sampling_width,global_cutoff
0,0.5908598191931149,0.3491248836065767,154.58432553621708,-0.5908598191931149,0.02581900263462508,31
