,abs_amplitude,amplitude_squared,surface_energy,param_0,real_group_sampling_width,global_cutoff
0,0.011678620172088892,0.0002117918406405592,21.40470175430529,0.000538668951081592,0.159409191998694,227
