,abs_amplitude,amplitude_squared,surface_energy,param_0,real_group_sampling_width,global_cutoff
0,0.011706876778346665,0.00021508289578675812,17.357387779970985,-0.00034644440799937425,0.12050177041455148,20
