,abs_amplitude,amplitude_squared,surface_energy,param_0,real_group_sampling_width,global_cutoff
0,0.011283537751270067,0.00020156339047291768,15.621684251572189,0.00035509641260687673,0.11394903741456572,7
