,abs_amplitude,amplitude_squared,surface_energy,param_0,real_group_sampling_width,global_cutoff
0,0.012525137749999206,0.00024436199329211123,14.389500894533024,-0.0008167862450358382,0.12082697845969383,5
