,abs_amplitude,amplitude_squared,surface_energy,param_0,real_group_sampling_width,global_cutoff
0,0.008451709108659767,0.00011055547155707811,19.951758831668023,-0.0005358890345718946,0.09665354240738533,50
