,abs_amplitude,amplitude_squared,surface_energy,param_0,real_group_sampling_width,global_cutoff
0,0.0063133224647932305,5.922596110750822e-05,17.157492349796243,-0.00010695078626857096,0.06330098297215876,0
