,abs_amplitude,amplitude_squared,surface_energy,param_0,real_group_sampling_width,global_cutoff
0,0.3456021220567919,0.11965176902956318,36.01452370908823,0.3456021220567919,0.12068524519120878,16
