,abs_amplitude,amplitude_squared,surface_energy,param_0,real_group_sampling_width,global_cutoff
0,0.007213300009662847,8.283207994563268e-05,11.315031594841138,-0.00030343923517955955,0.07785337674405468,47
