,abs_amplitude,amplitude_squared,surface_energy,param_0,real_group_sampling_width,global_cutoff
0,0.20730749692162534,0.04309232144740858,128.61128047606206,-0.20730749692162534,0.0876019364636258,0
