,abs_amplitude,amplitude_squared,surface_energy,param_0,real_group_sampling_width,global_cutoff
0,0.00867903924462026,0.00012043259626705148,31.565305524178807,-8.555912976478575e-05,0.09127957787972142,31
