,abs_amplitude,amplitude_squared,surface_energy,param_0,real_group_sampling_width,global_cutoff
0,0.462673085790887,0.21408404434965755,172.06210196531268,-0.462673085790887,0.033331462288814784,17
