,abs_amplitude,amplitude_squared,surface_energy,param_0,real_group_sampling_width,global_cutoff
0,0.5974453289080973,0.35697686091106384,56.22250623838649,-0.5974453289080973,0.05482189633133301,1
