,abs_amplitude,amplitude_squared,surface_energy,param_0,real_group_sampling_width,global_cutoff
0,0.39837797783743484,0.15922798591566012,40.956012904902494,-0.39837797783743484,0.18248764956683397,41
