,abs_amplitude,amplitude_squared,surface_energy,param_0,real_group_sampling_width,global_cutoff
0,0.4127100309690232,0.17055113978605807,36.91285580744256,0.4127100309690232,0.1199504875413929,18
