,abs_amplitude,amplitude_squared,surface_energy,param_0,real_group_sampling_width,global_cutoff
0,0.4081775832491482,0.16663645224476217,157.7618223626107,0.4081775832491482,0.042013013576010616,31
