,abs_amplitude,amplitude_squared,surface_energy,param_0,real_group_sampling_width,global_cutoff
0,0.009778293461696699,0.0001509788985567848,25.63337906857107,-9.951059454455103e-05,0.10494660821748539,1
