,abs_amplitude,amplitude_squared,surface_energy,param_0,real_group_sampling_width,global_cutoff
0,0.028383857061569002,0.0012314308928253678,26.483341985084923,-0.002197703217175951,0.24399116252383662,0
