,abs_amplitude,amplitude_squared,surface_energy,param_0,real_group_sampling_width,global_cutoff
0,0.5359637028489992,0.28742749417807195,135.73558870834432,-0.5359637028489992,0.031178989909577633,0
