,abs_amplitude,amplitude_squared,surface_energy,param_0,real_group_sampling_width,global_cutoff
0,0.010403111578012755,0.00016690347659145425,33.13574397751289,0.0002085620910626538,0.10344024260457368,12
