,abs_amplitude,amplitude_squared,surface_energy,param_0,real_group_sampling_width,global_cutoff
0,0.5764437508385093,0.33235250479104583,57.050649146219534,0.5764437508385093,0.0485840698469106,1
