,abs_amplitude,amplitude_squared,surface_energy,param_0,real_group_sampling_width,global_cutoff
0,0.007640929796575187,9.21936212325092e-05,15.382551256015386,0.00010608705988692675,0.08088105389328673,12
