,abs_amplitude,amplitude_squared,surface_energy,param_0,real_group_sampling_width,global_cutoff
0,0.01177711091467802,0.0002302691537099911,29.203994762666763,-0.0005433718905245947,0.12935721110046125,2
