,abs_amplitude,amplitude_squared,surface_energy,param_0,real_group_sampling_width,global_cutoff
0,0.605016042631226,0.3660730592594374,57.38935485931048,0.605016042631226,0.04696766602736612,16
