,abs_amplitude,amplitude_squared,surface_energy,param_0,real_group_sampling_width,global_cutoff
0,0.5111548956791717,0.2613937038642215,43.105844217013725,0.5111548956791717,0.0935372395256288,46
