,abs_amplitude,amplitude_squared,surface_energy,param_0,real_group_sampling_width,global_cutoff
0,0.0041410309107264235,2.8244033464211788e-05,2450.442714947923,-2.8797449191898364e-05,0.044925845225481716,0
