,abs_amplitude,amplitude_squared,surface_energy,param_0,real_group_sampling_width,global_cutoff
0,0.4721027050010949,0.22289628548356902,174.9044075325236,0.4721027050010949,0.031655107573967924,1
