,abs_amplitude,amplitude_squared,surface_energy,param_0,real_group_sampling_width,global_cutoff
0,0.006441958636009593,6.712662650226972e-05,24.532439279492625,-0.0004500614011587403,0.08833845689604698,288
