,abs_amplitude,amplitude_squared,surface_energy,param_0,real_group_sampling_width,global_cutoff
0,0.010551162664301644,0.0001697667707239658,27.196421344733185,-0.0009617364560440528,0.10970723065956406,62
