,abs_amplitude,amplitude_squared,surface_energy,param_0,real_group_sampling_width,global_cutoff
0,0.014145157453953937,0.0003188168200047269,21.46479788846083,-0.00027331432668516626,0.1446466693251218,38
