,abs_amplitude,amplitude_squared,surface_energy,param_0,real_group_sampling_width,global_cutoff
0,0.22539212438475859,0.05376213866655662,34.94969303039348,0.019555375319929225,0.3929334920044834,165
