,abs_amplitude,amplitude_squared,surface_energy,param_0,real_group_sampling_width,global_cutoff
0,0.5385398090529773,0.290138174149399,46.48615191483675,-0.5385398090529773,0.06389400363176406,0
