,abs_amplitude,amplitude_squared,surface_energy,param_0,real_group_sampling_width,global_cutoff
0,0.6731817298107359,0.4531739858098329,6103.686123835554,-0.6731817298107359,0.004894207150114303,1
