,abs_amplitude,amplitude_squared,surface_energy,param_0,real_group_sampling_width,global_cutoff
0,0.006961265204923116,7.814942681526194e-05,12.037219397791642,-0.0002956123812956787,0.07586708808681035,0
