,abs_amplitude,amplitude_squared,surface_energy,param_0,real_group_sampling_width,global_cutoff
0,0.007685084432798939,9.593263801489487e-05,8.11537058123187,-0.0003114166047257629,0.07695637990124891,0
