,abs_amplitude,amplitude_squared,surface_energy,param_0,real_group_sampling_width,global_cutoff
0,0.009288583565991534,0.00013667259337505299,18.760726374775967,1.4483891576062141e-05,0.09250142098721723,0
