,abs_amplitude,amplitude_squared,surface_energy,param_0,real_group_sampling_width,global_cutoff
0,0.012692766562725194,0.0002492930009203239,23.516446822931293,0.00018600910819724863,0.1308013954458277,0
