,abs_amplitude,amplitude_squared,surface_energy,param_0,real_group_sampling_width,global_cutoff
0,0.011247166328881708,0.0002018253469039068,24.343759977098024,-0.0006090249420760131,0.11441109009004467,0
