,abs_amplitude,amplitude_squared,surface_energy,param_0,real_group_sampling_width,global_cutoff
0,0.5854132913832241,0.34282333170374074,80.75235824458828,-0.5854132913832241,0.037197985935821104,0
