,abs_amplitude,amplitude_squared,surface_energy,param_0,real_group_sampling_width,global_cutoff
0,0.0031873101937056596,1.571303400043177e-05,2387.6109108278556,7.899997850267135e-05,0.033806762423434174,6
