,abs_amplitude,amplitude_squared,surface_energy,param_0,real_group_sampling_width,global_cutoff
0,0.02629782987054113,0.0010758160221969381,26.859827948053915,-0.0002457929974399146,0.31668388384265905,331
