,abs_amplitude,amplitude_squared,surface_energy,param_0,real_group_sampling_width,global_cutoff
0,0.01745021772450872,0.0004811348320962306,26.538217122489684,0.00030998840896893356,0.16864739386631733,9
