,abs_amplitude,amplitude_squared,surface_energy,param_0,real_group_sampling_width,global_cutoff
0,0.6527338202141225,0.42608578645519524,66.08979634538676,0.6527338202141225,0.039235971422454774,2
