,abs_amplitude,amplitude_squared,surface_energy,param_0,real_group_sampling_width,global_cutoff
0,0.017259106915800657,0.0005104373313340788,24.509297293240813,-0.0009410086292556928,0.24650157423182287,354
