,abs_amplitude,amplitude_squared,surface_energy,param_0,real_group_sampling_width,global_cutoff
0,0.022956587793985496,0.0008169361657631799,26.291830093348583,0.0009039238027091733,0.21082610154724393,12
