,abs_amplitude,amplitude_squared,surface_energy,param_0,real_group_sampling_width,global_cutoff
0,0.03272834909542604,0.0016360237841935453,28.51994536410762,-0.004009621364698376,0.27976864668292856,2
