,abs_amplitude,amplitude_squared,surface_energy,param_0,real_group_sampling_width,global_cutoff
0,0.674579061729635,0.45506595128197724,124.67733549601371,0.674579061729635,0.025139958935042155,17
