,abs_amplitude,amplitude_squared,surface_energy,param_0,real_group_sampling_width,global_cutoff
0,0.011927109827258342,0.00022466369398315894,35.85745308236298,0.0003324120894183719,0.12357037125008422,79
