,abs_amplitude,amplitude_squared,surface_energy,param_0,real_group_sampling_width,global_cutoff
0,0.006668678602144879,7.096461155666721e-05,12.05676601605666,-0.0001646025821591249,0.07361298389412997,15
