,abs_amplitude,amplitude_squared,surface_energy,param_0,real_group_sampling_width,global_cutoff
0,0.6751756187449449,0.45586771054409403,200.8750767886308,-0.6751756187449449,0.019511688443274496,1
