,abs_amplitude,amplitude_squared,surface_energy,param_0,real_group_sampling_width,global_cutoff
0,0.017892981738759778,0.0004848282385123753,33.804775270097366,0.0002183544954449268,0.17218461220374565,1
