,abs_amplitude,amplitude_squared,surface_energy,param_0,real_group_sampling_width,global_cutoff
0,0.008929054734446197,0.00012879311097569512,27.396386141585413,-0.0004111596385727867,0.09981267236184943,163
