,abs_amplitude,amplitude_squared,surface_energy,param_0,real_group_sampling_width,global_cutoff
0,0.6557678523290911,0.43013571453140903,188.0155256771619,0.6557678523290911,0.02215012503215882,1
