,abs_amplitude,amplitude_squared,surface_energy,param_0,real_group_sampling_width,global_cutoff
0,0.0185934265819494,0.0005661067197559509,23.367722731831055,-0.0032600291929122424,0.21556449822564147,309
