,abs_amplitude,amplitude_squared,surface_energy,param_0,real_group_sampling_width,global_cutoff
0,0.009546720968479583,0.00014260851310347566,16.080705863219112,4.216069674472267e-05,0.09907070833600438,0
