,abs_amplitude,amplitude_squared,surface_energy,param_0,real_group_sampling_width,global_cutoff
0,0.00620035499747993,6.075369302692535e-05,20.17161646539908,-0.00015992798015170126,0.07009080998640523,56
