,abs_amplitude,amplitude_squared,surface_energy,param_0,real_group_sampling_width,global_cutoff
0,0.4763365058572896,0.22698597925795025,43.24434042903041,-0.4763365058572896,0.0778336625272159,0
