,abs_amplitude,amplitude_squared,surface_energy,param_0,real_group_sampling_width,global_cutoff
0,0.007326247874710033,8.172842340849461e-05,9.042711628809025,0.000688806948819185,0.07309089040704338,25
