,abs_amplitude,amplitude_squared,surface_energy,param_0,real_group_sampling_width,global_cutoff
0,0.5451641368564738,0.2973073511040559,86.11394217164228,0.5451641368564738,0.040909822195028665,1
