,abs_amplitude,amplitude_squared,surface_energy,param_0,real_group_sampling_width,global_cutoff
0,0.577628299401752,0.3336718711344252,114.14422750974654,0.577628299401752,0.03318352675601314,2
