,abs_amplitude,amplitude_squared,surface_energy,param_0,real_group_sampling_width,global_cutoff
0,0.45965712286011545,0.21138156235036218,42.048508159743776,0.45965712286011545,0.07836745249409956,21
