,abs_amplitude,amplitude_squared,surface_energy,param_0,real_group_sampling_width,global_cutoff
0,0.0063770604197063265,6.624661624915955e-05,27.035717875506254,-0.0006638452359290862,0.0658359065752188,1
