,abs_amplitude,amplitude_squared,surface_energy,param_0,real_group_sampling_width,global_cutoff
0,0.008206303846348515,0.00010144723199597745,28.715497895301755,-0.0007550301557300875,0.08337919020736109,0
