,abs_amplitude,amplitude_squared,surface_energy,param_0,real_group_sampling_width,global_cutoff
0,0.009451959139481318,0.00014243404655903114,24.716397417251187,-1.2504824100639508e-05,0.09148012110544683,19
