,abs_amplitude,amplitude_squared,surface_energy,param_0,real_group_sampling_width,global_cutoff
0,0.45335188684055283,0.2055448587111544,169.21408065222673,-0.45335188684055283,0.035942396914675434,12
