,abs_amplitude,amplitude_squared,surface_energy,param_0,real_group_sampling_width,global_cutoff
0,0.02050474564424308,0.0006446656184248974,24.34081674797918,0.0015146941736939388,0.1863252803902545,1
