,abs_amplitude,amplitude_squared,surface_energy,param_0,real_group_sampling_width,global_cutoff
0,0.012959075801380589,0.00026337067274751104,13.814665102789592,-0.0006808723892646831,0.12241736417606963,23
