,abs_amplitude,amplitude_squared,surface_energy,param_0,real_group_sampling_width,global_cutoff
0,0.006079180228324777,5.582912830285379e-05,21.794557481740622,0.0001925925348979259,0.06312895652337222,0
