,abs_amplitude,amplitude_squared,surface_energy,param_0,real_group_sampling_width,global_cutoff
0,0.0062630344726501115,6.036970631991416e-05,25.51842029885345,-0.00033947631721133496,0.0636006168293118,5
