,abs_amplitude,amplitude_squared,surface_energy,param_0,real_group_sampling_width,global_cutoff
0,0.61683688619157,0.380512249298034,63.508621146413084,0.61683688619157,0.04392496943115995,2
