,abs_amplitude,amplitude_squared,surface_energy,param_0,real_group_sampling_width,global_cutoff
0,0.007612994835495003,9.136217444497955e-05,17.20755735091415,-9.411709262541532e-05,0.07691298382195927,0
