,abs_amplitude,amplitude_squared,surface_energy,param_0,real_group_sampling_width,global_cutoff
0,0.575377041291664,0.3310629455986735,414.0703895120885,-0.575377041291664,0.01655340043238164,2
