,abs_amplitude,amplitude_squared,surface_energy,param_0,real_group_sampling_width,global_cutoff
0,0.006012193221234959,5.6378234191784585e-05,24.113108092259214,0.0001777160908110599,0.061229815753767486,47
