,abs_amplitude,amplitude_squared,surface_energy,param_0,real_group_sampling_width,global_cutoff
0,0.01739192417914951,0.0004786689317439217,116.68817761752129,-0.00012262045158311586,0.16935635963524018,0
