,abs_amplitude,amplitude_squared,surface_energy,param_0,real_group_sampling_width,global_cutoff
0,0.010098873713680782,0.0001602570358772579,13.442148969257277,-0.0008334227655839952,0.1026445400552864,50
