,abs_amplitude,amplitude_squared,surface_energy,param_0,real_group_sampling_width,global_cutoff
0,0.011762884447165242,0.00022828051006168218,24.300094177955113,0.00010066534821212709,0.12256273721039562,39
