,abs_amplitude,amplitude_squared,surface_energy,param_0,real_group_sampling_width,global_cutoff
0,0.014776619699004984,0.00033855311078641206,19.18579707296019,0.0006918074415814428,0.14340452895155076,22
