,abs_amplitude,amplitude_squared,surface_energy,param_0,real_group_sampling_width,global_cutoff
0,0.0068400179227131675,7.378152533407877e-05,13.447917229918946,0.0001479035553583508,0.07067084386169391,4
