,abs_amplitude,amplitude_squared,surface_energy,param_0,real_group_sampling_width,global_cutoff
0,0.008453448232555104,0.00011275588965200467,10.51978927149551,-0.0006289779502065161,0.09793029744790643,2
