,abs_amplitude,amplitude_squared,surface_energy,param_0,real_group_sampling_width,global_cutoff
0,0.008519194886216101,0.00011041022857097532,11.993333601519112,0.00024487762166483485,0.09649355816991434,98
