,abs_amplitude,amplitude_squared,surface_energy,param_0,real_group_sampling_width,global_cutoff
0,0.010832264247073096,0.00018607176855310904,11.023610712436513,-0.0007918558167591156,0.11817066236185658,29
