,abs_amplitude,amplitude_squared,surface_energy,param_0,real_group_sampling_width,global_cutoff
0,0.014864731981772784,0.0003529812474857859,35.75570549230518,0.0007823374987446297,0.14194781082446936,9
