,abs_amplitude,amplitude_squared,surface_energy,param_0,real_group_sampling_width,global_cutoff
0,0.007460545249360038,8.626492408051717e-05,18.250392297504938,0.00020799526899906604,0.07501373274492813,7
