,abs_amplitude,amplitude_squared,surface_energy,param_0,real_group_sampling_width,global_cutoff
0,0.017521158368995184,0.00046919534145322344,31.967628368485734,0.00032077960866304774,0.16317333453744767,4
