,abs_amplitude,amplitude_squared,surface_energy,param_0,real_group_sampling_width,global_cutoff
0,0.2407230759999749,0.058694596128368075,31.146139689115007,-0.2407230759999749,0.19764723105061657,0
