,abs_amplitude,amplitude_squared,surface_energy,param_0,real_group_sampling_width,global_cutoff
0,0.506050025683922,0.25615929492869094,45.626695964759556,-0.506050025683922,0.06886861695894358,6
