,abs_amplitude,amplitude_squared,surface_energy,param_0,real_group_sampling_width,global_cutoff
0,0.6305847279216518,0.3976546859113548,173.22354507663925,-0.6305847279216518,0.023216093980381436,1
