,abs_amplitude,amplitude_squared,surface_energy,param_0,real_group_sampling_width,global_cutoff
0,0.013840387641861032,0.0003054348453418436,17.47695117117067,0.000288365097643529,0.13974886465285938,5
