,abs_amplitude,amplitude_squared,surface_energy,param_0,real_group_sampling_width,global_cutoff
0,0.3919655975238557,0.15377242858862433,44.05406759666758,-0.3919655975238557,0.08734503547579403,0
