,abs_amplitude,amplitude_squared,surface_energy,param_0,real_group_sampling_width,global_cutoff
0,0.015091705503675093,0.00036225027049922545,19.141407077524338,0.0006410789217361894,0.14510303969454905,0
