,abs_amplitude,amplitude_squared,surface_energy,param_0,real_group_sampling_width,global_cutoff
0,0.006448025026065152,6.670882509364159e-05,15.53456417467218,0.00011399738318689737,0.07187497052957502,84
