,abs_amplitude,amplitude_squared,surface_energy,param_0,real_group_sampling_width,global_cutoff
0,0.523230040894743,0.273855892942966,42.859035477940964,-0.523230040894743,0.07984971973167007,9
