,abs_amplitude,amplitude_squared,surface_energy,param_0,real_group_sampling_width,global_cutoff
0,0.00938669198770804,0.0001361618653583297,8.93390407068524,-0.0004902454535864835,0.09639821223413692,16
