,abs_amplitude,amplitude_squared,surface_energy,param_0,real_group_sampling_width,global_cutoff
0,0.4425758674007387,0.19588980832523592,166.3602338539233,-0.4425758674007387,0.03543815662466387,4
