,abs_amplitude,amplitude_squared,surface_energy,param_0,real_group_sampling_width,global_cutoff
0,0.010142276043358508,0.00015836617612673533,12.829995989762542,-0.0009516744855050735,0.10933971022431593,78
