,abs_amplitude,amplitude_squared,surface_energy,param_0,real_group_sampling_width,global_cutoff
0,0.008322506251256846,0.00010766123568714065,24.75252247728912,7.98717555144752e-05,0.08318780183343086,104
