,abs_amplitude,amplitude_squared,surface_energy,param_0,real_group_sampling_width,global_cutoff
0,0.6467517577208184,0.4183819951802874,64.93543349708001,0.6467517577208184,0.04099653043751359,1
