,abs_amplitude,amplitude_squared,surface_energy,param_0,real_group_sampling_width,global_cutoff
0,0.5711885609818058,0.3262845282116195,147.0730038673116,-0.5711885609818058,0.02997984251009097,2
