,abs_amplitude,amplitude_squared,surface_energy,param_0,real_group_sampling_width,global_cutoff
0,0.6301915346955972,0.39716487333642797,66.07769279509489,0.6301915346955972,0.04124516589400062,1
