,abs_amplitude,amplitude_squared,surface_energy,param_0,real_group_sampling_width,global_cutoff
0,0.5739205221386546,0.3294123619764253,61.76490803889925,-0.5739205221386546,0.0466306985146616,15
