,abs_amplitude,amplitude_squared,surface_energy,param_0,real_group_sampling_width,global_cutoff
0,0.47942013595746413,0.22995617101783353,40.270770684353316,-0.47942013595746413,0.08165341012275114,1
