,abs_amplitude,amplitude_squared,surface_energy,param_0,real_group_sampling_width,global_cutoff
0,0.6404367970449731,0.4101699149587518,111.19704865422067,-0.6404367970449731,0.028699305810405414,3
