,abs_amplitude,amplitude_squared,surface_energy,param_0,real_group_sampling_width,global_cutoff
0,0.008351689974806994,0.00010868954294448211,30.1370763723553,0.0002805665961192115,0.08125379275630702,1
