,abs_amplitude,amplitude_squared,surface_energy,param_0,real_group_sampling_width,global_cutoff
0,0.007057588188414629,7.805623808322951e-05,13.963125817531031,-0.0006463565342607281,0.07948012164135539,120
