,abs_amplitude,amplitude_squared,surface_energy,param_0,real_group_sampling_width,global_cutoff
0,0.6192815587934124,0.3835445320949198,56.64710256907175,0.6192815587934124,0.046365276430159086,1
