,abs_amplitude,amplitude_squared,surface_energy,param_0,real_group_sampling_width,global_cutoff
0,0.007508571627998546,9.00903311270075e-05,15.643256044755233,0.0006480669095962253,0.07662991029843974,3
