,abs_amplitude,amplitude_squared,surface_energy,param_0,real_group_sampling_width,global_cutoff
0,0.2667251551728864,0.07121158671506345,134.51166754650285,0.2667251551728864,0.06883511386076693,62
