,abs_amplitude,amplitude_squared,surface_energy,param_0,real_group_sampling_width,global_cutoff
0,0.010132407685501561,0.00015762058231548937,32.1979248753951,0.0006918564846714494,0.12472148477846792,191
