,abs_amplitude,amplitude_squared,surface_energy,param_0,real_group_sampling_width,global_cutoff
0,0.39056786463109017,0.15282970080260927,36.0400683243102,-0.39056786463109017,0.14086168025392234,28
