,abs_amplitude,amplitude_squared,surface_energy,param_0,real_group_sampling_width,global_cutoff
0,0.015107226006382238,0.00036494668722754467,22.05403201037425,-0.00033043366779334594,0.1533143100017047,9
