,abs_amplitude,amplitude_squared,surface_energy,param_0,real_group_sampling_width,global_cutoff
0,0.009733347408032545,0.0001494241792292088,14.379903782971104,0.0008161178829939838,0.10106522591140908,11
