,abs_amplitude,amplitude_squared,surface_energy,param_0,real_group_sampling_width,global_cutoff
0,0.009150816599480244,0.00013383999071714162,13.647269913139727,0.0002878335045544744,0.09373652764653644,12
