,abs_amplitude,amplitude_squared,surface_energy,param_0,real_group_sampling_width,global_cutoff
0,0.5802464535137333,0.3368729514413924,4612.4150363904555,-0.5802464535137333,0.006482483572342599,0
