,abs_amplitude,amplitude_squared,surface_energy,param_0,real_group_sampling_width,global_cutoff
0,0.009584625578576363,0.00013869616413653686,23.52525319277026,-0.00033503597328028484,0.09335918444775135,6
