,abs_amplitude,amplitude_squared,surface_energy,param_0,real_group_sampling_width,global_cutoff
0,0.008109171669192854,0.00010389744193245927,27.293966383306746,0.0007143902508458325,0.08377426627882023,3
