,abs_amplitude,amplitude_squared,surface_energy,param_0,real_group_sampling_width,global_cutoff
0,0.012392784168419619,0.0002332657689230707,22.095174808174935,0.0004560288364314772,0.13903815114117277,85
