,abs_amplitude,amplitude_squared,surface_energy,param_0,real_group_sampling_width,global_cutoff
0,0.6148197401093286,0.37802034749089053,87.43394600000867,0.6148197401093286,0.036763440380787465,29
