,abs_amplitude,amplitude_squared,surface_energy,param_0,real_group_sampling_width,global_cutoff
0,0.4885256751324775,0.23872097634691258,47.24338081236016,-0.4885256751324775,0.06520127101093103,6
