,abs_amplitude,amplitude_squared,surface_energy,param_0,real_group_sampling_width,global_cutoff
0,0.01110441233587726,0.00019425897788727904,20.725167284277454,0.0010224116754110862,0.11123713654888974,23
