,abs_amplitude,amplitude_squared,surface_energy,param_0,real_group_sampling_width,global_cutoff
0,0.2969964223622635,0.08848449446110358,36.55255160470602,0.2969964223622635,0.1296250764764058,14
