,abs_amplitude,amplitude_squared,surface_energy,param_0,real_group_sampling_width,global_cutoff
0,0.026610670701472078,0.0011075959423794948,33.953135677738416,-0.0034760761208118707,0.2739756572959736,189
