,abs_amplitude,amplitude_squared,surface_energy,param_0,real_group_sampling_width,global_cutoff
0,0.011552083415917697,0.00021379395463076362,23.60579570227126,-8.384196824991621e-06,0.12200697786258476,19
