,abs_amplitude,amplitude_squared,surface_energy,param_0,real_group_sampling_width,global_cutoff
0,0.5857163711551119,0.34309483388958456,58.34641737892395,-0.5857163711551119,0.045659092263274796,1
