,abs_amplitude,amplitude_squared,surface_energy,param_0,real_group_sampling_width,global_cutoff
0,0.5273046003240125,0.2780768564306789,82.64326633316944,-0.5273046003240125,0.04172095490738913,2
