,abs_amplitude,amplitude_squared,surface_energy,param_0,real_group_sampling_width,global_cutoff
0,0.006772371375197562,7.217182426735466e-05,15.070893570236558,0.0009250803411458827,0.07629767600931503,186
