,abs_amplitude,amplitude_squared,surface_energy,param_0,real_group_sampling_width,global_cutoff
0,0.6192241417976768,0.3834414776420851,466.68672261076915,0.6192241417976768,0.01424515431346866,22
