,abs_amplitude,amplitude_squared,surface_energy,param_0,real_group_sampling_width,global_cutoff
0,0.009306513659097928,0.00013630831413929262,19.356289906185772,0.00043625860016072615,0.09419522283417693,14
