,abs_amplitude,amplitude_squared,surface_energy,param_0,real_group_sampling_width,global_cutoff
0,0.4374505414079889,0.19153405889276323,37.75926867744014,-0.4374505414079889,0.09868484701442876,0
