,abs_amplitude,amplitude_squared,surface_energy,param_0,real_group_sampling_width,global_cutoff
0,0.008216325504122669,0.00011222530015639128,12.254058708964259,-0.0006228568394727597,0.08320527415738196,0
