,abs_amplitude,amplitude_squared,surface_energy,param_0,real_group_sampling_width,global_cutoff
0,0.007639855402082466,9.191356048448453e-05,26.11244488086406,-0.0008380165956592266,0.0996373604011823,290
