,abs_amplitude,amplitude_squared,surface_energy,param_0,real_group_sampling_width,global_cutoff
0,0.007657278298942912,9.271086693694541e-05,11.765820868427685,0.00024751531678360577,0.07675004209907972,0
