,abs_amplitude,amplitude_squared,surface_energy,param_0,real_group_sampling_width,global_cutoff
0,0.4646054970195535,0.2159652968146372,39.267850840129455,-0.4646054970195535,0.08607731507654842,30
