,abs_amplitude,amplitude_squared,surface_energy,param_0,real_group_sampling_width,global_cutoff
0,0.2525010209337011,0.06440256958601781,31.645456212257685,-0.2525010209337011,0.2097154190340813,36
