,abs_amplitude,amplitude_squared,surface_energy,param_0,real_group_sampling_width,global_cutoff
0,0.46583877124471995,0.21700648800946987,3612.1281219615294,-0.46583877124471995,0.008015492164112212,3
