,abs_amplitude,amplitude_squared,surface_energy,param_0,real_group_sampling_width,global_cutoff
0,0.00855660846057329,0.00011271394309819932,20.186288181663315,8.664422562887231e-05,0.09055141626136222,0
