,abs_amplitude,amplitude_squared,surface_energy,param_0,real_group_sampling_width,global_cutoff
0,0.6620330942766065,0.43828951073726047,534.3227993400145,0.6620330942766065,0.011972594531404257,55
