,abs_amplitude,amplitude_squared,surface_energy,param_0,real_group_sampling_width,global_cutoff
0,0.20600046540074687,0.043604708593835945,30.6312561329736,0.20600046540074687,0.26645148502331634,433
