,abs_amplitude,amplitude_squared,surface_energy,param_0,real_group_sampling_width,global_cutoff
0,0.556517417985592,0.30973719982359876,74.98392125727486,0.556517417985592,0.041852991149340844,15
