,abs_amplitude,amplitude_squared,surface_energy,param_0,real_group_sampling_width,global_cutoff
0,0.015822516177672555,0.00038431627802464996,24.58687468570532,0.0022310650622906405,0.15780349550251543,12
