,abs_amplitude,amplitude_squared,surface_energy,param_0,real_group_sampling_width,global_cutoff
0,0.6470724953900817,0.4187053502791461,508.39836037066885,-0.6470724953900817,0.013398253416270023,7
