,abs_amplitude,amplitude_squared,surface_energy,param_0,real_group_sampling_width,global_cutoff
0,0.6533362080806638,0.42689822738171374,5705.608450385966,0.6533362080806638,0.005158853892671758,1
