,abs_amplitude,amplitude_squared,surface_energy,param_0,real_group_sampling_width,global_cutoff
0,0.010328670214284071,0.00016184067133402833,11.01847036160419,0.0009668080015556618,0.09730758043403213,7
