,abs_amplitude,amplitude_squared,surface_energy,param_0,real_group_sampling_width,global_cutoff
0,0.006361576805699505,6.145309056033126e-05,18.084928786547525,0.0005447554672683889,0.06533260455742503,32
