,abs_amplitude,amplitude_squared,surface_energy,param_0,real_group_sampling_width,global_cutoff
0,0.015735508840833873,0.0003726335785848925,45.58437741965229,0.0014209818511718225,0.15638449210558286,1
