,abs_amplitude,amplitude_squared,surface_energy,param_0,real_group_sampling_width,global_cutoff
0,0.4264573712156572,0.18196028426333197,42.602245687468226,0.4264573712156572,0.0846222139869489,11
