,abs_amplitude,amplitude_squared,surface_energy,param_0,real_group_sampling_width,global_cutoff
0,0.13178934785525645,0.020344561167639878,30.215995366567142,0.008180840648425055,0.5738192202387247,20
