,abs_amplitude,amplitude_squared,surface_energy,param_0,real_group_sampling_width,global_cutoff
0,0.01176475013496944,0.00022256265741733378,26.975501982059086,-0.000528847227492504,0.11455446211330639,0
