,abs_amplitude,amplitude_squared,surface_energy,param_0,real_group_sampling_width,global_cutoff
0,0.5535554652892217,0.3064284749854172,392.8469207858326,-0.5535554652892217,0.018424050231710686,22
