,abs_amplitude,amplitude_squared,surface_energy,param_0,real_group_sampling_width,global_cutoff
0,0.006388001255418175,6.376705085695954e-05,22.870333162073706,0.00012885765193924645,0.06581562605756985,1
