,abs_amplitude,amplitude_squared,surface_energy,param_0,real_group_sampling_width,global_cutoff
0,0.4921907520259603,0.24225243683383926,3790.6455689352765,0.4921907520259603,0.007872700302468744,2
