,abs_amplitude,amplitude_squared,surface_energy,param_0,real_group_sampling_width,global_cutoff
0,0.007045423058096328,7.971529548950924e-05,28.832389466794442,-3.995945536832536e-05,0.07669789818689308,63
