,abs_amplitude,amplitude_squared,surface_energy,param_0,real_group_sampling_width,global_cutoff
0,0.2889588684046265,0.08432759158820494,33.407615680160305,-0.2889588684046265,0.20950492926563505,17
