,abs_amplitude,amplitude_squared,surface_energy,param_0,real_group_sampling_width,global_cutoff
0,0.44412064443447496,0.19741297704606858,38.218284480611,-0.44412064443447496,0.11826178529137328,4
