,abs_amplitude,amplitude_squared,surface_energy,param_0,real_group_sampling_width,global_cutoff
0,0.5850414504487278,0.3422775388345658,424.6416380421338,-0.5850414504487278,0.01685003253583592,4
