,abs_amplitude,amplitude_squared,surface_energy,param_0,real_group_sampling_width,global_cutoff
0,0.4666998796059754,0.21790482642025516,40.52188027149146,-0.4666998796059754,0.07713490663153999,1
