,abs_amplitude,amplitude_squared,surface_energy,param_0,real_group_sampling_width,global_cutoff
0,0.01200196240842286,0.00023369214318650413,20.944396097458746,-0.0001467212858039671,0.12793482731102374,0
