,abs_amplitude,amplitude_squared,surface_energy,param_0,real_group_sampling_width,global_cutoff
0,0.011180277545632345,0.00018925725002012477,29.607106404324043,-0.0006083626988889858,0.11260249082634853,19
