,abs_amplitude,amplitude_squared,surface_energy,param_0,real_group_sampling_width,global_cutoff
0,0.6022818895267249,0.3627762223467057,53.987171703573765,0.6022818895267249,0.0558766234389962,5
