,abs_amplitude,amplitude_squared,surface_energy,param_0,real_group_sampling_width,global_cutoff
0,0.009233510014600967,0.0001369365563612968,16.880635225164443,0.0003515788389902464,0.10073738345673267,20
