,abs_amplitude,amplitude_squared,surface_energy,param_0,real_group_sampling_width,global_cutoff
0,0.010631682096944744,0.00018095642592769233,28.949163056882977,0.00020544842708592988,0.12080623036276004,58
