,abs_amplitude,amplitude_squared,surface_energy,param_0,real_group_sampling_width,global_cutoff
0,0.6190632585187072,0.38326273978781367,69.72113049512649,0.6190632585187072,0.03979760300769179,2
