,abs_amplitude,amplitude_squared,surface_energy,param_0,real_group_sampling_width,global_cutoff
0,0.5074033037423044,0.2574643356378507,355.4122970414487,0.5074033037423044,0.021279259208118812,2
