,abs_amplitude,amplitude_squared,surface_energy,param_0,real_group_sampling_width,global_cutoff
0,0.6568210985320542,0.4314324746342543,71.83240879273762,0.6568210985320542,0.03992259374932995,4
