,abs_amplitude,amplitude_squared,surface_energy,param_0,real_group_sampling_width,global_cutoff
0,0.5529836650594271,0.3058226957799097,65.35397752643738,-0.5529836650594271,0.04798477775994768,7
