,abs_amplitude,amplitude_squared,surface_energy,param_0,real_group_sampling_width,global_cutoff
0,0.006817792260571775,7.725807383900323e-05,21.528565147961185,3.059655172133727e-05,0.07118416570250694,2
