,abs_amplitude,amplitude_squared,surface_energy,param_0,real_group_sampling_width,global_cutoff
0,0.15836986135002026,0.0259130555751034,45.316349316148425,-0.011155415275325885,0.21030657694061047,0
