,abs_amplitude,amplitude_squared,surface_energy,param_0,real_group_sampling_width,global_cutoff
0,0.008313878029933275,0.00011029369245204427,16.20595507016811,0.0005796995648279851,0.09389110340801456,0
