,abs_amplitude,amplitude_squared,surface_energy,param_0,real_group_sampling_width,global_cutoff
0,0.008102139274537158,0.0001036400307207253,8.261261390016873,-0.0008959184250815547,0.08430279407195182,4
