,abs_amplitude,amplitude_squared,surface_energy,param_0,real_group_sampling_width,global_cutoff
0,0.010146351960441167,0.00015788909486948944,28.75936528223811,-0.00028050503887344706,0.10140249192113628,43
