,abs_amplitude,amplitude_squared,surface_energy,param_0,real_group_sampling_width,global_cutoff
0,0.36008190143268315,0.1297068726628093,101.02829100345986,-0.36008190143268315,0.05847933589653911,0
