,abs_amplitude,amplitude_squared,surface_energy,param_0,real_group_sampling_width,global_cutoff
0,0.0167849591699047,0.0004449154513518569,30.865319976372138,0.0025500871257209162,0.16402214831048104,21
