,abs_amplitude,amplitude_squared,surface_energy,param_0,real_group_sampling_width,global_cutoff
0,0.02079435276928691,0.0006790364248479019,38.58144842111882,-0.0011272671717547456,0.239665336798628,185
