,abs_amplitude,amplitude_squared,surface_energy,param_0,real_group_sampling_width,global_cutoff
0,0.01011983721364125,0.00015896959014785015,20.944458606597458,-0.00044271462698344187,0.10092647176168165,1
