,abs_amplitude,amplitude_squared,surface_energy,param_0,real_group_sampling_width,global_cutoff
0,0.008469040868679969,0.00011468479941567746,9.907622496531726,0.0005233925958605689,0.09062968920702053,82
