,abs_amplitude,amplitude_squared,surface_energy,param_0,real_group_sampling_width,global_cutoff
0,0.009653126237390796,0.00015250819110587674,30.009733567110743,0.0006293926147872827,0.1010555235728769,14
