,abs_amplitude,amplitude_squared,surface_energy,param_0,real_group_sampling_width,global_cutoff
0,0.011541975516459108,0.00020764945099101874,18.398771867291487,-7.019664850653234e-07,0.12083616812366335,2
