,abs_amplitude,amplitude_squared,surface_energy,param_0,real_group_sampling_width,global_cutoff
0,0.6158883953001375,0.3793285947979133,165.78996254188579,0.6158883953001375,0.02520117372287226,3
