,abs_amplitude,amplitude_squared,surface_energy,param_0,real_group_sampling_width,global_cutoff
0,0.009137853379389178,0.0001320339987894605,18.4629268422833,0.0008161521653387452,0.10027375848624187,52
