,abs_amplitude,amplitude_squared,surface_energy,param_0,real_group_sampling_width,global_cutoff
0,0.008879419819839805,0.00012671345481412866,8.976495272949126,-0.0005525935492448831,0.0903270400532449,0
