,abs_amplitude,amplitude_squared,surface_energy,param_0,real_group_sampling_width,global_cutoff
0,0.6468757610745262,0.418459031707084,113.45207655987151,0.6468757610745262,0.02774571033918248,2
