,abs_amplitude,amplitude_squared,surface_energy,param_0,real_group_sampling_width,global_cutoff
0,0.008306425866841098,0.00010783621837208199,14.144452788381242,0.0002586804415376799,0.08865545871889823,58
