,abs_amplitude,amplitude_squared,surface_energy,param_0,real_group_sampling_width,global_cutoff
0,0.013142809840335204,0.0002704579683040428,18.11420832028477,0.00021276962512259436,0.12960698854635339,4
