,abs_amplitude,amplitude_squared,surface_energy,param_0,real_group_sampling_width,global_cutoff
0,0.6406903160656514,0.41049150642250504,178.78012350437197,0.6406903160656514,0.022742356432468195,3
