,abs_amplitude,amplitude_squared,surface_energy,param_0,real_group_sampling_width,global_cutoff
0,0.4352843189982904,0.18947341116423677,3432.5430172393712,-0.4352843189982904,0.008820165695901713,1
