,abs_amplitude,amplitude_squared,surface_energy,param_0,real_group_sampling_width,global_cutoff
0,0.0015036756756986703,3.578824454299667e-06,1947.787951201896,-3.430890666906424e-05,0.015833230268453215,36
