,abs_amplitude,amplitude_squared,surface_energy,param_0,real_group_sampling_width,global_cutoff
0,0.013343946883653146,0.00027475454563935037,16.644711302683504,-0.0012543674657166475,0.14266927894441164,81
