,abs_amplitude,amplitude_squared,surface_energy,param_0,real_group_sampling_width,global_cutoff
0,0.006203938295868458,6.13372373429195e-05,19.244201982292097,0.0007122552969244789,0.07583309038847323,158
