,abs_amplitude,amplitude_squared,surface_energy,param_0,real_group_sampling_width,global_cutoff
0,0.5395672301832822,0.29115503224689976,84.95791359220344,0.5395672301832822,0.04038353248115557,6
