,abs_amplitude,amplitude_squared,surface_energy,param_0,real_group_sampling_width,global_cutoff
0,0.013373111785170384,0.0002683306869606333,16.93388242345283,0.00014596589936266357,0.14128712426796128,97
