,abs_amplitude,amplitude_squared,surface_energy,param_0,real_group_sampling_width,global_cutoff
0,0.010253246678115663,0.00016867504271495372,11.51418018009851,-0.00014042076494458143,0.10846835225855753,3
