,abs_amplitude,amplitude_squared,surface_energy,param_0,real_group_sampling_width,global_cutoff
0,0.008290129195576718,0.0001044441182460244,9.125427149702288,0.00014879144030739594,0.09868085612624361,93
