,abs_amplitude,amplitude_squared,surface_energy,param_0,real_group_sampling_width,global_cutoff
0,0.5635691447832433,0.3177252998554184,67.01486851094577,0.5635691447832433,0.04502845549802299,0
