,abs_amplitude,amplitude_squared,surface_energy,param_0,real_group_sampling_width,global_cutoff
0,0.5074882800097806,0.2576507828984778,42.269949573571516,0.5074882800097806,0.07548731612640697,1
