,abs_amplitude,amplitude_squared,surface_energy,param_0,real_group_sampling_width,global_cutoff
0,0.008870013251453101,0.00012023846827689928,16.8645295860116,-0.0008663500979185322,0.10104458315926228,113
