,abs_amplitude,amplitude_squared,surface_energy,param_0,real_group_sampling_width,global_cutoff
0,0.4415490636054717,0.19524988777721328,42.106685183550965,-0.4415490636054717,0.14612468987755503,59
