,abs_amplitude,amplitude_squared,surface_energy,param_0,real_group_sampling_width,global_cutoff
0,0.01808159041376233,0.0005107278955365347,33.437376929748275,-0.0009179369526352821,0.16833451456116308,9
