,abs_amplitude,amplitude_squared,surface_energy,param_0,real_group_sampling_width,global_cutoff
0,0.6822397807870036,0.4654686436602475,157.61591355860517,0.6822397807870036,0.02322854481712612,1
