,abs_amplitude,amplitude_squared,surface_energy,param_0,real_group_sampling_width,global_cutoff
0,0.00701186810414867,7.879708828627933e-05,17.09272968870312,-0.0010826018385685714,0.07128157703371096,3
