,abs_amplitude,amplitude_squared,surface_energy,param_0,real_group_sampling_width,global_cutoff
0,0.007981526837437386,9.962155552033403e-05,10.880396297085381,0.0003926971984637143,0.0924408963568986,22
