,abs_amplitude,amplitude_squared,surface_energy,param_0,real_group_sampling_width,global_cutoff
0,0.49795717381931964,0.24807529286126384,41.24885366179971,0.49795717381931964,0.08916618426410147,1
