,abs_amplitude,amplitude_squared,surface_energy,param_0,real_group_sampling_width,global_cutoff
0,0.008492476703102278,0.00011700111798364575,14.079097545403373,0.00032164983973281754,0.0918901703388782,105
