,abs_amplitude,amplitude_squared,surface_energy,param_0,real_group_sampling_width,global_cutoff
0,0.006993567935911372,7.53569792241512e-05,16.611229635418542,0.0005928488222887725,0.07677430839151016,30
