,abs_amplitude,amplitude_squared,surface_energy,param_0,real_group_sampling_width,global_cutoff
0,0.01004850667121602,0.0001735472361957634,18.422382062840907,-0.0003992890017190025,0.11085202934209286,24
