,abs_amplitude,amplitude_squared,surface_energy,param_0,real_group_sampling_width,global_cutoff
0,0.1964402287817752,0.038825843270667314,87.13018624317696,0.1964402287817752,0.11839813354179525,33
