,abs_amplitude,amplitude_squared,surface_energy,param_0,real_group_sampling_width,global_cutoff
0,0.21403233310787592,0.04587246341256849,245.51890601293272,-0.21313437419116932,0.06873520891346029,10
