,abs_amplitude,amplitude_squared,surface_energy,param_0,real_group_sampling_width,global_cutoff
0,0.012474219669739184,0.0002403355353115399,16.982091778054873,-0.00016745843863403813,0.12516816207168255,0
