,abs_amplitude,amplitude_squared,surface_energy,param_0,real_group_sampling_width,global_cutoff
0,0.022328469337469903,0.0007968995278828378,31.80424869745034,-0.0008177184912323625,0.21355885358352217,9
