,abs_amplitude,amplitude_squared,surface_energy,param_0,real_group_sampling_width,global_cutoff
0,0.022856466438759878,0.0007916596577838672,25.84624329593691,-0.0015861968920541703,0.20415520581868588,5
