,abs_amplitude,amplitude_squared,surface_energy,param_0,real_group_sampling_width,global_cutoff
0,0.5721400989470439,0.32736268075266683,112.72044634900166,-0.5721400989470439,0.03363752951630288,0
