,abs_amplitude,amplitude_squared,surface_energy,param_0,real_group_sampling_width,global_cutoff
0,0.6404684788839246,0.4102168381286721,498.00094787379123,-0.6404684788839246,0.013825414717798239,3
