,abs_amplitude,amplitude_squared,surface_energy,param_0,real_group_sampling_width,global_cutoff
0,0.608640813942849,0.37045430310342664,124.06612485530718,-0.608640813942849,0.028552960918742435,27
