,abs_amplitude,amplitude_squared,surface_energy,param_0,real_group_sampling_width,global_cutoff
0,0.007903282738644851,0.00010040184438991369,9.386125022108255,0.0003983566051180225,0.087335969459668,4
