,abs_amplitude,amplitude_squared,surface_energy,param_0,real_group_sampling_width,global_cutoff
0,0.008321700176282509,0.00011600110931483632,17.62752278316996,-0.0002659528805670568,0.09533369839262144,70
