,abs_amplitude,amplitude_squared,surface_energy,param_0,real_group_sampling_width,global_cutoff
0,0.4860175556094757,0.2362344848561308,122.37642058219113,-0.4860175556094757,0.038961029972714216,2
