,abs_amplitude,amplitude_squared,surface_energy,param_0,real_group_sampling_width,global_cutoff
0,0.030029525166702226,0.0013300043471799476,61.299866369522945,-0.002456074663827914,0.2717146859922575,55
