,abs_amplitude,amplitude_squared,surface_energy,param_0,real_group_sampling_width,global_cutoff
0,0.0072747502440878775,8.352882687188969e-05,9.970145985947987,0.00034086182220284555,0.07266488451813628,4
