,abs_amplitude,amplitude_squared,surface_energy,param_0,real_group_sampling_width,global_cutoff
0,0.5312706426359092,0.28229508757954436,55.92408870723752,-0.5312706426359092,0.052345700643847484,26
