,abs_amplitude,amplitude_squared,surface_energy,param_0,real_group_sampling_width,global_cutoff
0,0.48614147000034574,0.23646349500592112,40.38502828026396,0.48614147000034574,0.10380746479509657,15
