,abs_amplitude,amplitude_squared,surface_energy,param_0,real_group_sampling_width,global_cutoff
0,0.35222702565083785,0.12413886776548876,76.41166014176136,0.35222702565083785,0.07054004707832957,0
