,abs_amplitude,amplitude_squared,surface_energy,param_0,real_group_sampling_width,global_cutoff
0,0.6506891790650676,0.423596795702978,97.85630599192743,-0.6506891790650676,0.031564846823926906,1
