,abs_amplitude,amplitude_squared,surface_energy,param_0,real_group_sampling_width,global_cutoff
0,0.37581949337082315,0.14128553284467577,102.99116798827008,0.37581949337082315,0.055852927344562285,21
