,abs_amplitude,amplitude_squared,surface_energy,param_0,real_group_sampling_width,global_cutoff
0,0.5959999747921907,0.35522911572199,119.8230356720378,0.5959999747921907,0.03188972994394639,7
