,abs_amplitude,amplitude_squared,surface_energy,param_0,real_group_sampling_width,global_cutoff
0,0.032634675591042994,0.0016763686514484327,36.29461517023109,-0.001439006899782913,0.3138358963012881,4
