,abs_amplitude,amplitude_squared,surface_energy,param_0,real_group_sampling_width,global_cutoff
0,0.014220582763222165,0.00031185113323072607,27.55828537831364,0.0013419787764022808,0.184677435767003,230
