,abs_amplitude,amplitude_squared,surface_energy,param_0,real_group_sampling_width,global_cutoff
0,0.016043621729538052,0.0003940683087713887,20.944450389950394,-0.000743059944307501,0.2056154787892569,253
