,abs_amplitude,amplitude_squared,surface_energy,param_0,real_group_sampling_width,global_cutoff
0,0.6410495641629264,0.4110147851440195,63.77852507234781,-0.6410495641629264,0.04234852897338168,1
