,abs_amplitude,amplitude_squared,surface_energy,param_0,real_group_sampling_width,global_cutoff
0,0.006456511629284467,6.443396235087524e-05,24.782748438329314,0.0002785287391468697,0.070631322565973,18
