,abs_amplitude,amplitude_squared,surface_energy,param_0,real_group_sampling_width,global_cutoff
0,0.021928910534647145,0.0007916393020902199,28.999792105771427,-0.000779204694379749,0.21057534392177094,3
