,abs_amplitude,amplitude_squared,surface_energy,param_0,real_group_sampling_width,global_cutoff
0,0.005966700675869477,5.740723071442896e-05,23.649408212605987,-0.00022670432896273538,0.06254564529291322,26
