,abs_amplitude,amplitude_squared,surface_energy,param_0,real_group_sampling_width,global_cutoff
0,0.011125436641546284,0.0001860481408194856,22.040990061829618,0.0005511235120025808,0.10739682591753578,4
