,abs_amplitude,amplitude_squared,surface_energy,param_0,real_group_sampling_width,global_cutoff
0,0.3798017221324165,0.14447774037319347,34.95168345155697,-0.3798017221324165,0.12399008876132177,3
