,abs_amplitude,amplitude_squared,surface_energy,param_0,real_group_sampling_width,global_cutoff
0,0.006717670160956459,6.839408221851314e-05,17.85312825773447,-0.00017401887840873468,0.06910769719705959,35
