,abs_amplitude,amplitude_squared,surface_energy,param_0,real_group_sampling_width,global_cutoff
0,0.483814813685139,0.23415756378055425,43.84102926524398,0.483814813685139,0.07785124729636424,0
