,abs_amplitude,amplitude_squared,surface_energy,param_0,real_group_sampling_width,global_cutoff
0,0.03704593359365012,0.0020791327212528942,31.071119792889174,0.001530444221705392,0.32437507042484437,3
