,abs_amplitude,amplitude_squared,surface_energy,param_0,real_group_sampling_width,global_cutoff
0,0.03318499879712536,0.0016612261758365636,35.90440856185172,0.00033775834917899064,0.3496338409605548,213
