,abs_amplitude,amplitude_squared,surface_energy,param_0,real_group_sampling_width,global_cutoff
0,0.009894232303401385,0.00015087770184476414,14.692504800267566,0.00016214346506723134,0.11068815519383035,75
