,abs_amplitude,amplitude_squared,surface_energy,param_0,real_group_sampling_width,global_cutoff
0,0.17766409403455702,0.03191244791469447,65.88478096136552,-0.17715819751709186,0.14287920564691614,14
