,abs_amplitude,amplitude_squared,surface_energy,param_0,real_group_sampling_width,global_cutoff
0,0.6252845478299395,0.39099742997004433,250.04614113170445,0.6252845478299395,0.020175714477968697,2
