,abs_amplitude,amplitude_squared,surface_energy,param_0,real_group_sampling_width,global_cutoff
0,0.008095471863278369,9.978185503293795e-05,7.510253715190434,-3.3442445234808124e-05,0.0881128941380985,82
