,abs_amplitude,amplitude_squared,surface_energy,param_0,real_group_sampling_width,global_cutoff
0,0.007921683575135792,0.0001005713350007531,24.480482616146514,0.0005866827709215804,0.07952732093866305,1
