,abs_amplitude,amplitude_squared,surface_energy,param_0,real_group_sampling_width,global_cutoff
0,0.5481045671034352,0.30045724105400895,58.120513437493244,-0.5481045671034352,0.053193773000749185,1
