,abs_amplitude,amplitude_squared,surface_energy,param_0,real_group_sampling_width,global_cutoff
0,0.6292572877987925,0.3959927354871064,58.23874261233712,-0.6292572877987925,0.047253419869560186,61
