,abs_amplitude,amplitude_squared,surface_energy,param_0,real_group_sampling_width,global_cutoff
0,0.62585900238133,0.39171460861366997,90.2847724842559,-0.62585900238133,0.03388102369686332,8
