,abs_amplitude,amplitude_squared,surface_energy,param_0,real_group_sampling_width,global_cutoff
0,0.48266119487220965,0.23314594279379314,40.08457785978347,0.48266119487220965,0.0838139607634385,1
