,abs_amplitude,amplitude_squared,surface_energy,param_0,real_group_sampling_width,global_cutoff
0,0.63038915589756,0.3973932069058633,482.3644808478591,-0.63038915589756,0.013958221436523026,8
