,abs_amplitude,amplitude_squared,surface_energy,param_0,real_group_sampling_width,global_cutoff
0,0.019418434077526168,0.000627100565167132,79.04701011143898,-0.0005803768800713116,0.18693784829469154,0
