,abs_amplitude,amplitude_squared,surface_energy,param_0,real_group_sampling_width,global_cutoff
0,0.008936749680277604,0.00011832897815904973,25.907433571789078,0.0008284919020436946,0.09515685006913047,27
