,abs_amplitude,amplitude_squared,surface_energy,param_0,real_group_sampling_width,global_cutoff
0,0.011126876187462316,0.00019711605475996455,32.89673758865677,1.896750777497445e-05,0.1183576435135808,1
