,abs_amplitude,amplitude_squared,surface_energy,param_0,real_group_sampling_width,global_cutoff
0,0.5468327641262603,0.2990735969763905,53.14709480759247,-0.5468327641262603,0.05721706292950839,1
