,abs_amplitude,amplitude_squared,surface_energy,param_0,real_group_sampling_width,global_cutoff
0,0.007123569049928599,8.138012110002928e-05,18.023986404661773,0.0004887538071525183,0.07827768903219944,39
