,abs_amplitude,amplitude_squared,surface_energy,param_0,real_group_sampling_width,global_cutoff
0,0.0062259170320231915,5.8518893933049476e-05,89.76023293401725,7.923664980136202e-05,0.06361406896913505,0
