,abs_amplitude,amplitude_squared,surface_energy,param_0,real_group_sampling_width,global_cutoff
0,0.4044770508000538,0.16371116187964577,41.26671327741028,-0.4044770508000538,0.08996441141781863,0
