,abs_amplitude,amplitude_squared,surface_energy,param_0,real_group_sampling_width,global_cutoff
0,0.43134584678608673,0.1861857619646858,40.24848343181296,0.43134584678608673,0.08629500225120852,7
