,abs_amplitude,amplitude_squared,surface_energy,param_0,real_group_sampling_width,global_cutoff
0,0.008413141408503837,0.00010809151453400151,14.339768839668867,8.771027940656463e-05,0.08705565794630706,54
