,abs_amplitude,amplitude_squared,surface_energy,param_0,real_group_sampling_width,global_cutoff
0,0.008606449723530241,0.0001155762149646418,8.60404416157627,-0.00023221087414170916,0.0884817529359334,29
