,abs_amplitude,amplitude_squared,surface_energy,param_0,real_group_sampling_width,global_cutoff
0,0.009905034412777859,0.00015249170774355301,9.82730757778332,-0.0009758164633437756,0.10054965065326413,29
