,abs_amplitude,amplitude_squared,surface_energy,param_0,real_group_sampling_width,global_cutoff
0,0.008877286338518883,0.00012243702402685527,14.500151408804278,0.0005548252097066065,0.11400047528984746,217
