,abs_amplitude,amplitude_squared,surface_energy,param_0,real_group_sampling_width,global_cutoff
0,0.008590614270285866,0.0001162419338983474,18.76475922334388,0.0014205706021527798,0.08919085012791204,4
