,abs_amplitude,amplitude_squared,surface_energy,param_0,real_group_sampling_width,global_cutoff
0,0.05059451871198861,0.003939388908454242,30.302296603047953,-0.0009298466769702147,0.40556270450086734,12
