,abs_amplitude,amplitude_squared,surface_energy,param_0,real_group_sampling_width,global_cutoff
0,0.6180257626326779,0.3819619456491271,244.56251025488228,0.6180257626326779,0.02018318107327843,3
