,abs_amplitude,amplitude_squared,surface_energy,param_0,real_group_sampling_width,global_cutoff
0,0.013371562842805579,0.00028351926102435445,24.251367506856614,-0.00019593913176519208,0.13493759082810994,11
