,abs_amplitude,amplitude_squared,surface_energy,param_0,real_group_sampling_width,global_cutoff
0,0.007031152856267722,7.847773832154889e-05,11.129393075896159,4.086551158384335e-05,0.07483466196447436,6
