,abs_amplitude,amplitude_squared,surface_energy,param_0,real_group_sampling_width,global_cutoff
0,0.3168761578236425,0.1004334089748761,267.95767300636845,-0.3168761578236425,0.04385123841092951,117
