,abs_amplitude,amplitude_squared,surface_energy,param_0,real_group_sampling_width,global_cutoff
0,0.6268182393021059,0.392908603737002,171.36729162924044,0.6268182393021059,0.024169524903940996,2
