,abs_amplitude,amplitude_squared,surface_energy,param_0,real_group_sampling_width,global_cutoff
0,0.6203773503035904,0.3848919849203518,64.15159032874497,0.6203773503035904,0.04311367965348446,3
