,abs_amplitude,amplitude_squared,surface_energy,param_0,real_group_sampling_width,global_cutoff
0,0.008320285475722958,0.00011465848697152106,8.01098426208878,0.0012208915460704473,0.08695877553564865,1
