,abs_amplitude,amplitude_squared,surface_energy,param_0,real_group_sampling_width,global_cutoff
0,0.5982726495350562,0.35795924229225745,60.2862658311154,0.5982726495350562,0.0459973971734017,13
