,abs_amplitude,amplitude_squared,surface_energy,param_0,real_group_sampling_width,global_cutoff
0,0.40953612441760584,0.16777041375570112,82.33724384073896,0.40953612441760584,0.06002149883543238,45
