,abs_amplitude,amplitude_squared,surface_energy,param_0,real_group_sampling_width,global_cutoff
0,0.00817687435921241,0.00010092549207642374,17.989757218260255,-0.0008602248286495367,0.08661485528653184,92
