,abs_amplitude,amplitude_squared,surface_energy,param_0,real_group_sampling_width,global_cutoff
0,0.01149988242038771,0.0002101986072960746,34.54157469058104,0.00013595795279087338,0.11984628058935856,32
