,abs_amplitude,amplitude_squared,surface_energy,param_0,real_group_sampling_width,global_cutoff
0,0.011817257348171994,0.0002059931545747515,29.93610943644493,0.00012316318629086555,0.11989784996388857,6
