,abs_amplitude,amplitude_squared,surface_energy,param_0,real_group_sampling_width,global_cutoff
0,0.28353697559429636,0.08047942138369249,93.12297794243736,0.28353697559429636,0.0756592275882194,15
