,abs_amplitude,amplitude_squared,surface_energy,param_0,real_group_sampling_width,global_cutoff
0,0.008801511179678987,0.0001189138478076639,9.24846557945433,0.0008962202787992545,0.09173366817501491,6
