,abs_amplitude,amplitude_squared,surface_energy,param_0,real_group_sampling_width,global_cutoff
0,0.5992818954066893,0.3591479488935741,158.327420052181,0.5992818954066893,0.024761892609389956,3
