,abs_amplitude,amplitude_squared,surface_energy,param_0,real_group_sampling_width,global_cutoff
0,0.010282542966678986,0.00017172382295283062,19.381517207408084,0.0002651671126304072,0.0997450065538462,3
