,abs_amplitude,amplitude_squared,surface_energy,param_0,real_group_sampling_width,global_cutoff
0,0.006138769766402173,6.249395586624923e-05,19.018519731231187,0.0007477700943411704,0.08277127702468783,176
