,abs_amplitude,amplitude_squared,surface_energy,param_0,real_group_sampling_width,global_cutoff
0,0.5174447074411727,0.2678062207831567,49.87518891085073,-0.5174447074411727,0.06029181301173843,21
