,abs_amplitude,amplitude_squared,surface_energy,param_0,real_group_sampling_width,global_cutoff
0,0.006758003805816594,7.227038580012183e-05,16.021300069372543,-0.0004957372957709772,0.07727778940648251,34
