,abs_amplitude,amplitude_squared,surface_energy,param_0,real_group_sampling_width,global_cutoff
0,0.007127809411103793,7.839481860322924e-05,8.810836020108846,-0.00019744803292050765,0.07673017512461525,20
