,abs_amplitude,amplitude_squared,surface_energy,param_0,real_group_sampling_width,global_cutoff
0,0.009527269434551613,0.0001399555595227234,28.885342432133385,0.0007123923713119921,0.09695473714545645,50
