,abs_amplitude,amplitude_squared,surface_energy,param_0,real_group_sampling_width,global_cutoff
0,0.007202537957443547,8.178853013251514e-05,13.722410788307961,-0.00013222289272461966,0.07418330443559709,5
