,abs_amplitude,amplitude_squared,surface_energy,param_0,real_group_sampling_width,global_cutoff
0,0.007398788113575765,8.977895363261632e-05,14.861107239545817,0.00015718346717146455,0.08489845480205531,59
