,abs_amplitude,amplitude_squared,surface_energy,param_0,real_group_sampling_width,global_cutoff
0,0.01893333222746394,0.0005698754147725553,24.966851335441003,0.0018758574490903882,0.1740477738396203,26
