,abs_amplitude,amplitude_squared,surface_energy,param_0,real_group_sampling_width,global_cutoff
0,0.6074005211748459,0.3690564582628251,4959.914394673102,-0.6074005211748459,0.005864378360866668,1
