,abs_amplitude,amplitude_squared,surface_energy,param_0,real_group_sampling_width,global_cutoff
0,0.00715132448688704,8.196220879331797e-05,14.769712309355619,-8.793450263651679e-05,0.07523144521530253,4
