,abs_amplitude,amplitude_squared,surface_energy,param_0,real_group_sampling_width,global_cutoff
0,0.008556244640876436,0.0001142453629390639,32.45862721587039,0.000509179174086543,0.08703682498709174,40
