,abs_amplitude,amplitude_squared,surface_energy,param_0,real_group_sampling_width,global_cutoff
0,0.635807519631214,0.40427054652542416,73.3135316341577,-0.635807519631214,0.039330103466802956,3
