,abs_amplitude,amplitude_squared,surface_energy,param_0,real_group_sampling_width,global_cutoff
0,0.009171994006925404,0.00012981745815930247,19.654048200063706,9.63396071528043e-05,0.08927931376071675,5
