,abs_amplitude,amplitude_squared,surface_energy,param_0,real_group_sampling_width,global_cutoff
0,0.0073891547245673655,8.46957415783018e-05,14.444644918864892,-0.00029900145511944524,0.08349488552203467,186
