,abs_amplitude,amplitude_squared,surface_energy,param_0,real_group_sampling_width,global_cutoff
0,0.008100622528200091,9.886913355888526e-05,30.42133697239721,0.0007719802880587023,0.09511052556587764,86
