,abs_amplitude,amplitude_squared,surface_energy,param_0,real_group_sampling_width,global_cutoff
0,0.6444655053861457,0.4153458561159992,138.12294890424843,-0.6444655053861457,0.02646416862431531,1
