,abs_amplitude,amplitude_squared,surface_energy,param_0,real_group_sampling_width,global_cutoff
0,0.5528428521999752,0.30568956663121627,46.24485780781372,0.5528428521999752,0.06795142897766963,70
