,abs_amplitude,amplitude_squared,surface_energy,param_0,real_group_sampling_width,global_cutoff
0,0.05410026342404509,0.004240521941558157,28.869096347672986,-0.0014367666565553252,0.41418723379785605,23
