,abs_amplitude,amplitude_squared,surface_energy,param_0,real_group_sampling_width,global_cutoff
0,0.6725542715470006,0.4523371926688354,152.06551953886247,-0.6725542715470006,0.024593707745489676,2
