,abs_amplitude,amplitude_squared,surface_energy,param_0,real_group_sampling_width,global_cutoff
0,0.013842829302518279,0.00029857940536930793,22.78572218985129,0.0003378516311760619,0.13244565308334494,0
