,abs_amplitude,amplitude_squared,surface_energy,param_0,real_group_sampling_width,global_cutoff
0,0.008728655515408414,0.0001197959993930424,104.72021905530627,-0.0004336686073780687,0.08829804227597497,4
