,abs_amplitude,amplitude_squared,surface_energy,param_0,real_group_sampling_width,global_cutoff
0,0.49169395744446287,0.24186113947679175,40.54785222805779,0.49169395744446287,0.083777785265649,2
