,abs_amplitude,amplitude_squared,surface_energy,param_0,real_group_sampling_width,global_cutoff
0,0.006841238091749137,7.642163912646813e-05,16.129760212318423,-0.000678396962156535,0.07511617574706242,0
