,abs_amplitude,amplitude_squared,surface_energy,param_0,real_group_sampling_width,global_cutoff
0,0.0070331035363546375,7.889834881068543e-05,26.332529214536255,-0.0004408488199532623,0.07311477910916662,24
