,abs_amplitude,amplitude_squared,surface_energy,param_0,real_group_sampling_width,global_cutoff
0,0.007092347677463443,7.894494241280636e-05,14.685346635543434,0.00026337554785688246,0.08092513036524138,138
