,abs_amplitude,amplitude_squared,surface_energy,param_0,real_group_sampling_width,global_cutoff
0,0.008452377595960936,0.00011205560337508499,17.408494687212592,0.0006415978748701279,0.08551852185533619,25
