,abs_amplitude,amplitude_squared,surface_energy,param_0,real_group_sampling_width,global_cutoff
0,0.01257039890407497,0.0002482990069735694,18.694178980586912,-0.0002978887122034387,0.1391215062844779,0
