,abs_amplitude,amplitude_squared,surface_energy,param_0,real_group_sampling_width,global_cutoff
0,0.0075682603802259924,9.232822725069439e-05,8.666958268092937,-0.000566852986262087,0.08438669349570514,63
