,abs_amplitude,amplitude_squared,surface_energy,param_0,real_group_sampling_width,global_cutoff
0,0.3350113512295613,0.11230065543111899,74.92085590504063,-0.3350113512295613,0.07413496443182771,24
