,abs_amplitude,amplitude_squared,surface_energy,param_0,real_group_sampling_width,global_cutoff
0,0.015353808614800521,0.00038128857561861633,20.145072845975733,0.0001593027901638556,0.1552634913312583,9
