,abs_amplitude,amplitude_squared,surface_energy,param_0,real_group_sampling_width,global_cutoff
0,0.011678888155578458,0.00022079344376471063,53.63742864199176,-0.00010059212839088934,0.12439393971537076,56
