,abs_amplitude,amplitude_squared,surface_energy,param_0,real_group_sampling_width,global_cutoff
0,0.5003279204976953,0.25033051170836446,3849.9339050185226,0.5003279204976953,0.0076224382918398245,2
