,abs_amplitude,amplitude_squared,surface_energy,param_0,real_group_sampling_width,global_cutoff
0,0.49504348578584245,0.24511524656390596,57.83255692943185,0.49504348578584245,0.059344695802348246,43
