,abs_amplitude,amplitude_squared,surface_energy,param_0,real_group_sampling_width,global_cutoff
0,0.009493934209145223,0.00013988777084343127,13.996218762334802,-0.0009682736018806972,0.11797306883695206,189
