,abs_amplitude,amplitude_squared,surface_energy,param_0,real_group_sampling_width,global_cutoff
0,0.015384567610582848,0.0003725406509397031,19.97360014300465,-0.000780740622786128,0.1479717458252791,1
