,abs_amplitude,amplitude_squared,surface_energy,param_0,real_group_sampling_width,global_cutoff
0,0.07443273313324203,0.007419771555125944,30.48284680388683,-0.0011147708902338757,0.5176416882202454,2
