,abs_amplitude,amplitude_squared,surface_energy,param_0,real_group_sampling_width,global_cutoff
0,0.0212294887031736,0.0006883053937196598,27.46341126236455,-0.0008740999605867378,0.2078088586978681,15
