,abs_amplitude,amplitude_squared,surface_energy,param_0,real_group_sampling_width,global_cutoff
0,0.661718549711093,0.4380788992907371,5876.67627075843,0.661718549711093,0.005041945988915872,2
