,abs_amplitude,amplitude_squared,surface_energy,param_0,real_group_sampling_width,global_cutoff
0,0.03284595640165381,0.001514338909856343,228.47980748413718,-0.0005157457887965799,0.29577837454343603,77
