,abs_amplitude,amplitude_squared,surface_energy,param_0,real_group_sampling_width,global_cutoff
0,0.007763374772147444,9.68662528091792e-05,23.6644580535469,0.0003741389860219674,0.08051283463599872,41
