,abs_amplitude,amplitude_squared,surface_energy,param_0,real_group_sampling_width,global_cutoff
0,0.0068632780981469094,7.39874576573267e-05,16.693894816723763,-0.000784004474681707,0.07911098348414963,114
