,abs_amplitude,amplitude_squared,surface_energy,param_0,real_group_sampling_width,global_cutoff
0,0.5504851907266722,0.3031366525405914,45.16041736017833,-0.5504851907266722,0.07255462070564986,0
