,abs_amplitude,amplitude_squared,surface_energy,param_0,real_group_sampling_width,global_cutoff
0,0.4811969869071355,0.23168105954520385,41.61193681112231,0.4811969869071355,0.07965824492893031,1
