,abs_amplitude,amplitude_squared,surface_energy,param_0,real_group_sampling_width,global_cutoff
0,0.00989145945739968,0.0001568496286702975,21.25704823759109,6.8028942267874795e-06,0.10324080370205065,33
