,abs_amplitude,amplitude_squared,surface_energy,param_0,real_group_sampling_width,global_cutoff
0,0.009868238893646776,0.0001521297669403297,14.06731598450101,4.451546403114881e-05,0.10039144462496086,18
