,abs_amplitude,amplitude_squared,surface_energy,param_0,real_group_sampling_width,global_cutoff
0,0.6265791610121514,0.3926200368557064,79.35738807407225,-0.6265791610121514,0.03600129825994267,4
