,abs_amplitude,amplitude_squared,surface_energy,param_0,real_group_sampling_width,global_cutoff
0,0.01656168718646751,0.00045231060902425516,27.708918006965007,0.0007196245430922633,0.1796004931851295,3
