,abs_amplitude,amplitude_squared,surface_energy,param_0,real_group_sampling_width,global_cutoff
0,0.019342011658148767,0.0005882367962101524,23.618195053903225,0.000629630245278007,0.18072759545970485,20
