,abs_amplitude,amplitude_squared,surface_energy,param_0,real_group_sampling_width,global_cutoff
0,0.6848165687204864,0.4689783532516564,208.1979922332245,0.6848165687204864,0.018587725925737302,3
