,abs_amplitude,amplitude_squared,surface_energy,param_0,real_group_sampling_width,global_cutoff
0,0.03597645082178029,0.0020199515385636246,32.040509255349086,-4.735069256504118e-05,0.33204821293400505,11
