,abs_amplitude,amplitude_squared,surface_energy,param_0,real_group_sampling_width,global_cutoff
0,0.600338554156726,0.360428637055016,66.11426302107502,0.600338554156726,0.0433443975953467,4
