,abs_amplitude,amplitude_squared,surface_energy,param_0,real_group_sampling_width,global_cutoff
0,0.013607767316226517,0.0002953919215381647,18.680280199363704,0.000624178882067962,0.1380543752549492,80
