,abs_amplitude,amplitude_squared,surface_energy,param_0,real_group_sampling_width,global_cutoff
0,0.6612288689471884,0.43723319499312746,119.07460471551943,-0.6612288689471884,0.02616077065553895,16
