,abs_amplitude,amplitude_squared,surface_energy,param_0,real_group_sampling_width,global_cutoff
0,0.007705599847235395,8.92381220327477e-05,15.771071486536032,0.00025509078191912745,0.07501089295487709,12
