,abs_amplitude,amplitude_squared,surface_energy,param_0,real_group_sampling_width,global_cutoff
0,0.007645779911850999,9.005754973522232e-05,98.73625093517447,-0.00015283459225609705,0.09200532774391246,138
