,abs_amplitude,amplitude_squared,surface_energy,param_0,real_group_sampling_width,global_cutoff
0,0.6324786237046298,0.4000422909805708,92.18125276032103,-0.6324786237046298,0.03188041891704902,1
