,abs_amplitude,amplitude_squared,surface_energy,param_0,real_group_sampling_width,global_cutoff
0,0.6511342592968794,0.42399622717250895,70.55646319758277,-0.6511342592968794,0.03847425914274442,1
