,abs_amplitude,amplitude_squared,surface_energy,param_0,real_group_sampling_width,global_cutoff
0,0.2482927450154261,0.06202907152420258,37.986958891435734,0.2482927450154261,0.15390541523531884,89
