,abs_amplitude,amplitude_squared,surface_energy,param_0,real_group_sampling_width,global_cutoff
0,0.028623822802441783,0.0013005713779980256,34.73365637284133,0.0001863717199384044,0.26105501714428925,47
