,abs_amplitude,amplitude_squared,surface_energy,param_0,real_group_sampling_width,global_cutoff
0,0.661632438863991,0.4377733395177132,79.74798356432687,0.661632438863991,0.03453453629819116,3
