,abs_amplitude,amplitude_squared,surface_energy,param_0,real_group_sampling_width,global_cutoff
0,0.5805283227543768,0.3372621589310475,48.36810959117951,-0.5805283227543768,0.06402164516898745,0
