,abs_amplitude,amplitude_squared,surface_energy,param_0,real_group_sampling_width,global_cutoff
0,0.47355014194857165,0.22431932606924265,45.92222618482416,-0.47355014194857165,0.07261829890270619,17
