,abs_amplitude,amplitude_squared,surface_energy,param_0,real_group_sampling_width,global_cutoff
0,0.29131449926143466,0.08492196737898386,137.44724868426064,0.29131449926143466,0.07331509699004275,231
