,abs_amplitude,amplitude_squared,surface_energy,param_0,real_group_sampling_width,global_cutoff
0,0.017911399487462107,0.0005226248815251488,35.27451345703293,0.0003066556885025703,0.1763880514513505,21
