,abs_amplitude,amplitude_squared,surface_energy,param_0,real_group_sampling_width,global_cutoff
0,0.5447184983129226,0.29674498272742544,73.05247516320149,-0.5447184983129226,0.042817570727714464,6
