,abs_amplitude,amplitude_squared,surface_energy,param_0,real_group_sampling_width,global_cutoff
0,0.010599367997144456,0.00017361519908884508,20.396150235383736,-0.0006692554759017835,0.1150147604518778,69
