,abs_amplitude,amplitude_squared,surface_energy,param_0,real_group_sampling_width,global_cutoff
0,0.008042000169563534,0.00010085681937897091,60.805543393776844,-0.0004677047615798642,0.08782989876653842,97
