,abs_amplitude,amplitude_squared,surface_energy,param_0,real_group_sampling_width,global_cutoff
0,0.016105934706149266,0.000392300348064305,22.886241908498988,-0.0008616868073840206,0.16481132364692888,3
