,abs_amplitude,amplitude_squared,surface_energy,param_0,real_group_sampling_width,global_cutoff
0,0.3989288424009798,0.1591454013827683,3251.767033578429,-0.3989288424009798,0.009500083978751793,23
