,abs_amplitude,amplitude_squared,surface_energy,param_0,real_group_sampling_width,global_cutoff
0,0.007376196903599771,8.613597003854969e-05,12.516773500394887,-0.0008555830217029107,0.0780789451450632,5
