,abs_amplitude,amplitude_squared,surface_energy,param_0,real_group_sampling_width,global_cutoff
0,0.577123728239253,0.3333931363298466,93.01541543375868,-0.577123728239253,0.03774658587425982,0
