,abs_amplitude,amplitude_squared,surface_energy,param_0,real_group_sampling_width,global_cutoff
0,0.017326082547416948,0.00049704330854091,23.718532432710813,0.00026304050150990893,0.18517837278898508,120
