,abs_amplitude,amplitude_squared,surface_energy,param_0,real_group_sampling_width,global_cutoff
0,0.5358402272073127,0.28712522216683767,4144.877353861487,0.5358402272073127,0.006063459400232608,29
