,abs_amplitude,amplitude_squared,surface_energy,param_0,real_group_sampling_width,global_cutoff
0,0.008940301129351172,0.00012640800139140582,28.587506190242042,0.0010950907256411125,0.09439462723875562,45
