,abs_amplitude,amplitude_squared,surface_energy,param_0,real_group_sampling_width,global_cutoff
0,0.006973941354676337,7.504588906978623e-05,11.074247935864834,-0.0004918999571950804,0.08070212478215806,1
