,abs_amplitude,amplitude_squared,surface_energy,param_0,real_group_sampling_width,global_cutoff
0,0.6101406174961157,0.37242684078684374,86.48402152772293,-0.6101406174961157,0.03677002726421698,0
