,abs_amplitude,amplitude_squared,surface_energy,param_0,real_group_sampling_width,global_cutoff
0,0.006516991462863667,6.652151428202531e-05,21.666665402282085,-0.0007121489040569861,0.0659639240271306,15
