,abs_amplitude,amplitude_squared,surface_energy,param_0,real_group_sampling_width,global_cutoff
0,0.008821883881470424,0.000123527811586845,29.77862408794633,-0.00015606239174874233,0.09449049266656269,22
