,abs_amplitude,amplitude_squared,surface_energy,param_0,real_group_sampling_width,global_cutoff
0,0.017898785225551987,0.00048061059616700044,25.7989316551996,0.0007816883236113493,0.2336391724450932,269
