,abs_amplitude,amplitude_squared,surface_energy,param_0,real_group_sampling_width,global_cutoff
0,0.006817594523631576,7.082101874415406e-05,13.216041509545926,0.00019032180443894555,0.07294031149404966,4
