,abs_amplitude,amplitude_squared,surface_energy,param_0,real_group_sampling_width,global_cutoff
0,0.5043177023349885,0.2544300951785445,41.47360428696997,-0.5043177023349885,0.08299465337301483,25
