,abs_amplitude,amplitude_squared,surface_energy,param_0,real_group_sampling_width,global_cutoff
0,0.21923784609963626,0.048535030921855765,37.220221837717816,-0.21923784609963626,0.19603708902718237,126
