,abs_amplitude,amplitude_squared,surface_energy,param_0,real_group_sampling_width,global_cutoff
0,0.4049132349817188,0.16406598721020707,44.80511539736548,0.4049132349817188,0.08962107355210397,63
