,abs_amplitude,amplitude_squared,surface_energy,param_0,real_group_sampling_width,global_cutoff
0,0.01125389399331078,0.00019451468549726669,33.55465362572421,-0.0004639170215888568,0.11918863335542666,0
