,abs_amplitude,amplitude_squared,surface_energy,param_0,real_group_sampling_width,global_cutoff
0,0.668474042426366,0.4471730613288099,122.44490642552023,0.668474042426366,0.025716009715473546,0
