,abs_amplitude,amplitude_squared,surface_energy,param_0,real_group_sampling_width,global_cutoff
0,0.4281345980808411,0.18345621344442212,37.25504962962879,-0.4281345980808411,0.09827885661384617,2
