,abs_amplitude,amplitude_squared,surface_energy,param_0,real_group_sampling_width,global_cutoff
0,0.43452135715349893,0.18901092679406206,37.78366599236666,0.43452135715349893,0.1263717135083647,15
