,abs_amplitude,amplitude_squared,surface_energy,param_0,real_group_sampling_width,global_cutoff
0,0.34390192151009347,0.11832406655309734,99.06029621134334,-0.34390192151009347,0.06318377620168951,11
