,abs_amplitude,amplitude_squared,surface_energy,param_0,real_group_sampling_width,global_cutoff
0,0.3309358373890316,0.11002982593800133,34.28763906585544,-0.3309358373890316,0.1667891497804352,3
