,abs_amplitude,amplitude_squared,surface_energy,param_0,real_group_sampling_width,global_cutoff
0,0.007032066952966616,7.696240481509705e-05,22.02922095441545,-0.00034575106912148327,0.07052736848205618,1
