,abs_amplitude,amplitude_squared,surface_energy,param_0,real_group_sampling_width,global_cutoff
0,0.4924603356178306,0.24260347391887874,44.437080178339606,0.4924603356178306,0.072930318751594,1
