,abs_amplitude,amplitude_squared,surface_energy,param_0,real_group_sampling_width,global_cutoff
0,0.009737289673494694,0.00014084962391486158,16.5680513021066,0.0004557814519058439,0.10421185908415163,35
