,abs_amplitude,amplitude_squared,surface_energy,param_0,real_group_sampling_width,global_cutoff
0,0.007370653808009253,8.486761179218118e-05,22.68254948771491,0.0009827221773524302,0.08190008634687858,94
