,abs_amplitude,amplitude_squared,surface_energy,param_0,real_group_sampling_width,global_cutoff
0,0.2189832169183596,0.049154351282484375,31.17005558057693,-0.0788747520901971,0.2566166800563558,165
