,abs_amplitude,amplitude_squared,surface_energy,param_0,real_group_sampling_width,global_cutoff
0,0.008745231226597242,0.0001234024861675758,17.05893596297897,0.00031976990371808883,0.08735685894557789,1
