,abs_amplitude,amplitude_squared,surface_energy,param_0,real_group_sampling_width,global_cutoff
0,0.01509664644317954,0.00036906257943993844,19.557506459053943,-0.0009030209741090679,0.15402131599570315,93
