,abs_amplitude,amplitude_squared,surface_energy,param_0,real_group_sampling_width,global_cutoff
0,0.413971569901959,0.17155263478818786,36.35824252723019,-0.413971569901959,0.11366486002726851,4
