,abs_amplitude,amplitude_squared,surface_energy,param_0,real_group_sampling_width,global_cutoff
0,0.34864849935406805,0.12171492725371746,41.79163373436914,-0.34864849935406805,0.10720088843338059,12
