,abs_amplitude,amplitude_squared,surface_energy,param_0,real_group_sampling_width,global_cutoff
0,0.012513477104172043,0.00024645427787854077,24.04730147482334,0.0001690913303229541,0.12314727549150074,3
