,abs_amplitude,amplitude_squared,surface_energy,param_0,real_group_sampling_width,global_cutoff
0,0.6479219986904925,0.4202893041820575,85.06828934245405,0.6479219986904925,0.03528059279212409,0
