,abs_amplitude,amplitude_squared,surface_energy,param_0,real_group_sampling_width,global_cutoff
0,0.03009874999302394,0.0013792146679631383,42.23168141821744,0.002069812206589907,0.28789752623480064,22
