,abs_amplitude,amplitude_squared,surface_energy,param_0,real_group_sampling_width,global_cutoff
0,0.012569024973900042,0.00025238992114925626,16.22857595118516,-0.00026051646873394074,0.14977831610722522,137
