,abs_amplitude,amplitude_squared,surface_energy,param_0,real_group_sampling_width,global_cutoff
0,0.247730977202459,0.06151741619675058,68.91564662284105,0.247730977202459,0.1121211434867554,45
