,abs_amplitude,amplitude_squared,surface_energy,param_0,real_group_sampling_width,global_cutoff
0,0.3517916035580934,0.12392107943319643,38.58104551188378,-0.3517916035580934,0.1043678848180968,18
