,abs_amplitude,amplitude_squared,surface_energy,param_0,real_group_sampling_width,global_cutoff
0,0.01970219786416459,0.000606982292480158,34.513776527253974,-0.001563827534574676,0.20569280905908618,35
