,abs_amplitude,amplitude_squared,surface_energy,param_0,real_group_sampling_width,global_cutoff
0,0.012698607978271182,0.00024509963156134004,18.739827762931384,0.00041885094924610676,0.12866591101504576,42
