,abs_amplitude,amplitude_squared,surface_energy,param_0,real_group_sampling_width,global_cutoff
0,0.027499130653044993,0.0011116352782252579,29.69029320347437,0.0025383091145345024,0.2423794776910475,16
