,abs_amplitude,amplitude_squared,surface_energy,param_0,real_group_sampling_width,global_cutoff
0,0.6770979071274016,0.45875565911766253,154.8503933189413,-0.6770979071274016,0.023156151401297613,0
