,abs_amplitude,amplitude_squared,surface_energy,param_0,real_group_sampling_width,global_cutoff
0,0.007909338274781456,9.897872401061558e-05,9.389211743836032,-0.0005473924910078042,0.07952929203422979,4
