,abs_amplitude,amplitude_squared,surface_energy,param_0,real_group_sampling_width,global_cutoff
0,0.01131928448005163,0.00019661774712222883,15.968806069747252,-0.0005319825546510506,0.11548935064875113,22
