,abs_amplitude,amplitude_squared,surface_energy,param_0,real_group_sampling_width,global_cutoff
0,0.5120222668193124,0.26221334034125454,53.71948930503011,0.5120222668193124,0.05847476899457788,15
