,abs_amplitude,amplitude_squared,surface_energy,param_0,real_group_sampling_width,global_cutoff
0,0.49893009875307825,0.2491217049954774,350.0361898613633,0.49893009875307825,0.02145220505086094,0
