,abs_amplitude,amplitude_squared,surface_energy,param_0,real_group_sampling_width,global_cutoff
0,0.25692461924517496,0.07360922192271617,39.41465663532063,0.023326618735311493,0.5743303476773571,40
