,abs_amplitude,amplitude_squared,surface_energy,param_0,real_group_sampling_width,global_cutoff
0,0.013937161727544636,0.0003056055394591314,18.706136962476755,0.00010380067475372393,0.14649818081890206,23
