,abs_amplitude,amplitude_squared,surface_energy,param_0,real_group_sampling_width,global_cutoff
0,0.3911583398098415,0.15326948265457088,35.4212720855252,-0.3911583398098415,0.1453671023054795,176
