,abs_amplitude,amplitude_squared,surface_energy,param_0,real_group_sampling_width,global_cutoff
0,0.01697159613597209,0.00045481900207131244,24.88435710643426,0.000915083377861617,0.17016524325147422,0
