,abs_amplitude,amplitude_squared,surface_energy,param_0,real_group_sampling_width,global_cutoff
0,0.523058488163914,0.2737085910420581,43.91308105604582,0.523058488163914,0.09193913050887834,77
