,abs_amplitude,amplitude_squared,surface_energy,param_0,real_group_sampling_width,global_cutoff
0,0.014014402066261486,0.00032249043892102646,24.618862775302652,-6.53275424058841e-05,0.16276611748857805,155
