,abs_amplitude,amplitude_squared,surface_energy,param_0,real_group_sampling_width,global_cutoff
0,0.007928882533853536,9.422532532610696e-05,25.02445160712039,-0.0007574745939462818,0.08458773723111494,86
