,abs_amplitude,amplitude_squared,surface_energy,param_0,real_group_sampling_width,global_cutoff
0,0.0178378484105328,0.0004941831561845718,23.20867919145387,-0.0004979154762834343,0.17467769277090234,4
