,abs_amplitude,amplitude_squared,surface_energy,param_0,real_group_sampling_width,global_cutoff
0,0.024649319059780926,0.0009299753251956109,28.711771131872556,0.0004576632029711247,0.22887863523306204,10
