,abs_amplitude,amplitude_squared,surface_energy,param_0,real_group_sampling_width,global_cutoff
0,0.0130396822501728,0.0002694158726778428,21.311895196667603,-9.73322364951259e-05,0.13924569546942436,50
