,abs_amplitude,amplitude_squared,surface_energy,param_0,real_group_sampling_width,global_cutoff
0,0.38079483606808434,0.1450317167183813,151.99590686476463,-0.38079483606808434,0.0455487223307363,3
