,abs_amplitude,amplitude_squared,surface_energy,param_0,real_group_sampling_width,global_cutoff
0,0.3242438485308801,0.10524014679410136,60.25219363638449,0.3242438485308801,0.09075402551119734,1
