,abs_amplitude,amplitude_squared,surface_energy,param_0,real_group_sampling_width,global_cutoff
0,0.01599656428682436,0.0004048806338427965,25.757639436807892,1.891180993864111e-05,0.16117856709105974,0
