,abs_amplitude,amplitude_squared,surface_energy,param_0,real_group_sampling_width,global_cutoff
0,0.2620301212255371,0.06885416959431144,48.37293756314782,0.2620301212255371,0.12306765069799433,13
