,abs_amplitude,amplitude_squared,surface_energy,param_0,real_group_sampling_width,global_cutoff
0,0.04542438852667226,0.0031421421805467547,29.856762279332774,0.0019361222935152887,0.37032620700408303,5
