,abs_amplitude,amplitude_squared,surface_energy,param_0,real_group_sampling_width,global_cutoff
0,0.5902610496335022,0.3484212799023161,4728.408536617398,-0.5902610496335022,0.006173257069217074,1
