,abs_amplitude,amplitude_squared,surface_energy,param_0,real_group_sampling_width,global_cutoff
0,0.006344219233401263,6.710710929557432e-05,26.28473878238445,-5.207192989158417e-05,0.06804265382578063,7
