,abs_amplitude,amplitude_squared,surface_energy,param_0,real_group_sampling_width,global_cutoff
0,0.012115958253652198,0.00022822483253754624,24.64722780887474,-0.0004350071610097053,0.12935447229178437,29
