,abs_amplitude,amplitude_squared,surface_energy,param_0,real_group_sampling_width,global_cutoff
0,0.356409447604638,0.1271525219572123,46.77885486981021,0.356409447604638,0.09387749020069265,0
