,abs_amplitude,amplitude_squared,surface_energy,param_0,real_group_sampling_width,global_cutoff
0,0.008183047429364425,0.0001077773847511552,26.725367289846904,-8.005403980491406e-05,0.09829374582861347,140
