,abs_amplitude,amplitude_squared,surface_energy,param_0,real_group_sampling_width,global_cutoff
0,0.018358782733668744,0.0005129696084929048,22.063638381607248,0.001318406964399847,0.16856932856276133,4
