,abs_amplitude,amplitude_squared,surface_energy,param_0,real_group_sampling_width,global_cutoff
0,0.005901204264609429,5.272763405348911e-05,24.344929171583534,-0.0004246722135970757,0.061235278077983464,1
