,abs_amplitude,amplitude_squared,surface_energy,param_0,real_group_sampling_width,global_cutoff
0,0.007293289728758,8.565140434867914e-05,20.276975692556476,-5.586784824248846e-05,0.07408623805520902,2
