,abs_amplitude,amplitude_squared,surface_energy,param_0,real_group_sampling_width,global_cutoff
0,0.010199349144391894,0.00016499749972501902,30.322370149075255,0.00011627618634910921,0.10411562133943986,10
