,abs_amplitude,amplitude_squared,surface_energy,param_0,real_group_sampling_width,global_cutoff
0,0.006812165612462792,7.57140900049068e-05,92.752300212429,-0.00033971563209727034,0.06841280818964755,9
