,abs_amplitude,amplitude_squared,surface_energy,param_0,real_group_sampling_width,global_cutoff
0,0.011769773300777744,0.00021109277075790676,11.758540104094685,-0.00044864330685815275,0.1184995234181857,22
