,abs_amplitude,amplitude_squared,surface_energy,param_0,real_group_sampling_width,global_cutoff
0,0.011277289025382364,0.00019719328363437293,52.10496504989418,-0.00043855498632644783,0.11167874331428833,0
