,abs_amplitude,amplitude_squared,surface_energy,param_0,real_group_sampling_width,global_cutoff
0,0.6651809954336887,0.4424659982205716,5933.303182916899,-0.6651809954336887,0.004651434260415665,7
