,abs_amplitude,amplitude_squared,surface_energy,param_0,real_group_sampling_width,global_cutoff
0,0.46172602387529743,0.21333838635920016,39.08624904877961,0.46172602387529743,0.1119942122314911,10
