,abs_amplitude,amplitude_squared,surface_energy,param_0,real_group_sampling_width,global_cutoff
0,0.009738976402520723,0.00014308749493576234,15.485142629475295,0.00039082562557113214,0.0998744468422141,57
