,abs_amplitude,amplitude_squared,surface_energy,param_0,real_group_sampling_width,global_cutoff
0,0.6340717656504749,0.4020585854730492,108.93843488990582,0.6340717656504749,0.03027959588629576,6
