,abs_amplitude,amplitude_squared,surface_energy,param_0,real_group_sampling_width,global_cutoff
0,0.604201575259954,0.3650824506548808,66.83686558768892,-0.604201575259954,0.042606180099912155,3
