,abs_amplitude,amplitude_squared,surface_energy,param_0,real_group_sampling_width,global_cutoff
0,0.006539828588753231,6.582117985517264e-05,14.143427411203403,-0.0002638351562045645,0.07104828109174524,6
