,abs_amplitude,amplitude_squared,surface_energy,param_0,real_group_sampling_width,global_cutoff
0,0.5831735596832075,0.3401181828842559,70.3231175580493,0.5831735596832075,0.046095836582592094,1
