,abs_amplitude,amplitude_squared,surface_energy,param_0,real_group_sampling_width,global_cutoff
0,0.6897638744296193,0.47577609581081287,591.0213430487195,0.6897638744296193,0.011209714305264486,3
