,abs_amplitude,amplitude_squared,surface_energy,param_0,real_group_sampling_width,global_cutoff
0,0.012545034885969848,0.0002487736104273151,22.414151165738158,0.0012059713524398261,0.13371903249210115,16
