,abs_amplitude,amplitude_squared,surface_energy,param_0,real_group_sampling_width,global_cutoff
0,0.011699227689958402,0.0002111144729733952,34.2126158114141,-0.00032397919079317104,0.11468940357185932,10
