,abs_amplitude,amplitude_squared,surface_energy,param_0,real_group_sampling_width,global_cutoff
0,0.001798195123995063,4.885956902828234e-06,2136.2834649870706,-0.00015718681894164325,0.02413204968089848,229
