,abs_amplitude,amplitude_squared,surface_energy,param_0,real_group_sampling_width,global_cutoff
0,0.00812008590009022,0.00010357700551836234,26.156730238313774,0.0005757325220640748,0.08310904303448975,29
