,abs_amplitude,amplitude_squared,surface_energy,param_0,real_group_sampling_width,global_cutoff
0,0.6919517246454799,0.4787987640238276,596.1550501276422,0.6919517246454799,0.01119717448109806,3
