,abs_amplitude,amplitude_squared,surface_energy,param_0,real_group_sampling_width,global_cutoff
0,0.6864312413815553,0.47119129341783755,307.06241699696074,0.6864312413815553,0.015733772013404056,4
