,abs_amplitude,amplitude_squared,surface_energy,param_0,real_group_sampling_width,global_cutoff
0,0.6700473190136461,0.44898364501958365,150.67645688049444,0.6700473190136461,0.023489618806065145,0
