,abs_amplitude,amplitude_squared,surface_energy,param_0,real_group_sampling_width,global_cutoff
0,0.02623971851051048,0.001064554420379478,26.38026440514504,-0.0038352134548040296,0.2583000843738007,0
