,abs_amplitude,amplitude_squared,surface_energy,param_0,real_group_sampling_width,global_cutoff
0,0.5198684300564429,0.27032109097044077,46.81350015119213,-0.5198684300564429,0.07210257231509204,101
