,abs_amplitude,amplitude_squared,surface_energy,param_0,real_group_sampling_width,global_cutoff
0,0.008468147668309828,0.00011415626515865775,8.864754314199505,-0.0003181672310948755,0.08586162126931658,16
