,abs_amplitude,amplitude_squared,surface_energy,param_0,real_group_sampling_width,global_cutoff
0,0.4133416682704187,0.1709234047847107,57.39622832692001,-0.4133416682704187,0.0708218663586407,40
