,abs_amplitude,amplitude_squared,surface_energy,param_0,real_group_sampling_width,global_cutoff
0,0.0092355745463229,0.00013598208598690384,8.432528115787289,0.0009713484962767755,0.09121719907711225,14
