,abs_amplitude,amplitude_squared,surface_energy,param_0,real_group_sampling_width,global_cutoff
0,0.019430916393637886,0.0005796525639699767,27.618900914916928,-0.0006202137232179544,0.1887430920961352,8
