,abs_amplitude,amplitude_squared,surface_energy,param_0,real_group_sampling_width,global_cutoff
0,0.008046242638346624,0.00010021024243347314,7.463304060175451,-0.0004508546395101221,0.07721392725552055,8
