,abs_amplitude,amplitude_squared,surface_energy,param_0,real_group_sampling_width,global_cutoff
0,0.006698673143961837,7.124282677633306e-05,14.839031544009204,0.00028451835057440164,0.07295487666721895,36
