,abs_amplitude,amplitude_squared,surface_energy,param_0,real_group_sampling_width,global_cutoff
0,0.009055604726963646,0.00013178226068179448,26.80083312438192,-0.0007426605414151996,0.09572795520143808,0
