,abs_amplitude,amplitude_squared,surface_energy,param_0,real_group_sampling_width,global_cutoff
0,0.007391910195671221,8.731896643802797e-05,29.1044344032047,0.0003840181144172134,0.07586323869281747,1
