,abs_amplitude,amplitude_squared,surface_energy,param_0,real_group_sampling_width,global_cutoff
0,0.6477038699718254,0.41953909531601674,76.17811134743054,0.6477038699718254,0.03739674554601271,0
