,abs_amplitude,amplitude_squared,surface_energy,param_0,real_group_sampling_width,global_cutoff
0,0.013451226302420795,0.00029008906048999707,21.679364612290975,-3.442927797619528e-05,0.13339490210422744,10
