,abs_amplitude,amplitude_squared,surface_energy,param_0,real_group_sampling_width,global_cutoff
0,0.01508113199123251,0.0003393784212961931,27.925754907247516,-0.0009380029920041513,0.1463613394225582,6
