,abs_amplitude,amplitude_squared,surface_energy,param_0,real_group_sampling_width,global_cutoff
0,0.02853197282714225,0.001325114252068883,30.376178858757623,-0.003441067690655695,0.2888786199749219,127
