,abs_amplitude,amplitude_squared,surface_energy,param_0,real_group_sampling_width,global_cutoff
0,0.536702855566512,0.288094301614537,56.65710245053224,0.536702855566512,0.05386350595149383,7
