,abs_amplitude,amplitude_squared,surface_energy,param_0,real_group_sampling_width,global_cutoff
0,0.007709994553869764,9.135807699375065e-05,18.76840302040928,-0.0002614938984025108,0.08651547189998839,56
