,abs_amplitude,amplitude_squared,surface_energy,param_0,real_group_sampling_width,global_cutoff
0,0.3829915001520682,0.14689621443310383,35.23155060307273,-0.3829915001520682,0.11472319398375226,1
