,abs_amplitude,amplitude_squared,surface_energy,param_0,real_group_sampling_width,global_cutoff
0,0.3274620424109391,0.10752552987226198,33.917922394335996,0.3274620424109391,0.13903083860336982,0
