,abs_amplitude,amplitude_squared,surface_energy,param_0,real_group_sampling_width,global_cutoff
0,0.012453706535104041,0.000229153443152227,13.269363380105501,0.0012819500741345202,0.12494328833100776,11
