,abs_amplitude,amplitude_squared,surface_energy,param_0,real_group_sampling_width,global_cutoff
0,0.5447578609924664,0.2968139767413196,47.024628916879095,0.5447578609924664,0.061141914607905405,8
