,abs_amplitude,amplitude_squared,surface_energy,param_0,real_group_sampling_width,global_cutoff
0,0.6506136303695563,0.4232983983527976,5648.467187169911,0.6506136303695563,0.005013107475237083,4
