,abs_amplitude,amplitude_squared,surface_energy,param_0,real_group_sampling_width,global_cutoff
0,0.008067350465924338,9.960495058381638e-05,8.761901321639753,-0.0002915575069266969,0.08341055406824564,11
