,abs_amplitude,amplitude_squared,surface_energy,param_0,real_group_sampling_width,global_cutoff
0,0.007517734431423938,8.741941079300414e-05,10.665738322548922,-0.00046793353875834525,0.0733906677786369,0
