,abs_amplitude,amplitude_squared,surface_energy,param_0,real_group_sampling_width,global_cutoff
0,0.38544256834524654,0.1491941354687868,40.5714883539279,0.38544256834524654,0.2091916697566146,77
