,abs_amplitude,amplitude_squared,surface_energy,param_0,real_group_sampling_width,global_cutoff
0,0.029865290765610886,0.001405102876269739,28.61693084922454,-0.003094133179574496,0.26849220304648835,6
