,abs_amplitude,amplitude_squared,surface_energy,param_0,real_group_sampling_width,global_cutoff
0,0.011511307233785477,0.0002081255012464672,13.65956802856212,0.0003487607197251242,0.1504359788468115,177
