,abs_amplitude,amplitude_squared,surface_energy,param_0,real_group_sampling_width,global_cutoff
0,0.34983618162152064,0.12242736014038877,146.20086124587888,0.34983618162152064,0.04951808729699452,16
