,abs_amplitude,amplitude_squared,surface_energy,param_0,real_group_sampling_width,global_cutoff
0,0.014990899939794314,0.00034589559528309965,21.855088444341362,0.000770254525283225,0.15083094359231078,13
