,abs_amplitude,amplitude_squared,surface_energy,param_0,real_group_sampling_width,global_cutoff
0,0.6125104994827452,0.375200178105778,55.584163567662294,-0.6125104994827452,0.048497771075501524,0
