,abs_amplitude,amplitude_squared,surface_energy,param_0,real_group_sampling_width,global_cutoff
0,0.005914352220803037,5.725103840058146e-05,21.33086050501657,0.0006367356490450322,0.06205927946307755,0
