,abs_amplitude,amplitude_squared,surface_energy,param_0,real_group_sampling_width,global_cutoff
0,0.007761056420305358,9.901885312972894e-05,11.515524802226027,-0.0007432351428161885,0.07826333707959143,5
