,abs_amplitude,amplitude_squared,surface_energy,param_0,real_group_sampling_width,global_cutoff
0,0.018952950732893034,0.0005675669688309829,37.111674198290835,-0.0010340671192851406,0.19639509048183573,16
