,abs_amplitude,amplitude_squared,surface_energy,param_0,real_group_sampling_width,global_cutoff
0,0.6759896217538398,0.4572034213221949,296.28513658231793,0.6759896217538398,0.01646032345255862,1
