,abs_amplitude,amplitude_squared,surface_energy,param_0,real_group_sampling_width,global_cutoff
0,0.011462532055046139,0.00019901125343193898,27.304402884052287,-0.000369375484753054,0.12028013261588827,3
