,abs_amplitude,amplitude_squared,surface_energy,param_0,real_group_sampling_width,global_cutoff
0,0.30276175184415777,0.09179758662723836,59.04773464310726,-0.30276175184415777,0.09445555234812299,29
