,abs_amplitude,amplitude_squared,surface_energy,param_0,real_group_sampling_width,global_cutoff
0,0.006482691377952945,6.508733451398748e-05,18.537062741409905,0.000361505704317168,0.072660260622328,58
