,abs_amplitude,amplitude_squared,surface_energy,param_0,real_group_sampling_width,global_cutoff
0,0.5639171783255735,0.3180352809110544,60.30949233949322,-0.5639171783255735,0.04886098544914194,1
