,abs_amplitude,amplitude_squared,surface_energy,param_0,real_group_sampling_width,global_cutoff
0,0.011538824372406442,0.00020922058251255922,27.63338999827588,0.00018858122176304887,0.11047817226764348,22
