,abs_amplitude,amplitude_squared,surface_energy,param_0,real_group_sampling_width,global_cutoff
0,0.5360163009471277,0.2873461547285764,62.856556999329754,-0.5360163009471277,0.04950671526829511,14
