,abs_amplitude,amplitude_squared,surface_energy,param_0,real_group_sampling_width,global_cutoff
0,0.010769194068744296,0.0001774998409376392,19.068939247894036,-0.000819378177705348,0.1059839774021264,17
