,abs_amplitude,amplitude_squared,surface_energy,param_0,real_group_sampling_width,global_cutoff
0,0.007199725577918367,8.820388814072989e-05,7.2225033261775256,-0.00022735025042927923,0.08460653460154345,39
