,abs_amplitude,amplitude_squared,surface_energy,param_0,real_group_sampling_width,global_cutoff
0,0.018742310621794312,0.0005670256725282604,29.66023727727971,-0.0007622512189637245,0.1907089065898808,8
