,abs_amplitude,amplitude_squared,surface_energy,param_0,real_group_sampling_width,global_cutoff
0,0.5481122161349622,0.30049327725419817,45.749597809356736,-0.5481122161349622,0.06767644146407285,3
