,abs_amplitude,amplitude_squared,surface_energy,param_0,real_group_sampling_width,global_cutoff
0,0.025036706503674955,0.0009254850193766782,41.20171602663708,0.00039902029937197316,0.23206078017912776,2
