,abs_amplitude,amplitude_squared,surface_energy,param_0,real_group_sampling_width,global_cutoff
0,0.014899950225271777,0.0003482149208451532,26.088621919361582,-0.0006441320788507128,0.14516972598000824,0
