,abs_amplitude,amplitude_squared,surface_energy,param_0,real_group_sampling_width,global_cutoff
0,0.6608731186509839,0.43675755387967136,280.02632850542255,0.6608731186509839,0.01734303898418047,3
