,abs_amplitude,amplitude_squared,surface_energy,param_0,real_group_sampling_width,global_cutoff
0,0.009502308746695184,0.0001423845795734155,49.0399615445839,-0.00021942750145914026,0.0989759983208406,20
