,abs_amplitude,amplitude_squared,surface_energy,param_0,real_group_sampling_width,global_cutoff
0,0.00875086513198211,0.00011814337565112346,12.784488995966862,0.0004065360893844985,0.08773318903315121,12
