,abs_amplitude,amplitude_squared,surface_energy,param_0,real_group_sampling_width,global_cutoff
0,0.007468921823040735,8.637883026321455e-05,20.075402322370163,0.00029786617042047996,0.07795652414164744,24
