,abs_amplitude,amplitude_squared,surface_energy,param_0,real_group_sampling_width,global_cutoff
0,0.007410604033468028,8.771740451224754e-05,12.767111324980272,0.0007977153925795272,0.0801990669843426,68
