,abs_amplitude,amplitude_squared,surface_energy,param_0,real_group_sampling_width,global_cutoff
0,0.011592956191016354,0.0002157653019236097,11.708322543072459,0.000546415949197953,0.12011088404041324,36
