,abs_amplitude,amplitude_squared,surface_energy,param_0,real_group_sampling_width,global_cutoff
0,0.007177847731469105,7.767438760871058e-05,13.24090836036092,0.00032747300143935563,0.07445433345305186,12
