,abs_amplitude,amplitude_squared,surface_energy,param_0,real_group_sampling_width,global_cutoff
0,0.008301229966040602,0.00010635918443265729,17.13646570630842,-0.000777995278083976,0.09078512885539529,4
