,abs_amplitude,amplitude_squared,surface_energy,param_0,real_group_sampling_width,global_cutoff
0,0.00935356823218631,0.00014258369774698955,16.97405325270766,6.621257820236755e-05,0.10762026103111189,121
