,abs_amplitude,amplitude_squared,surface_energy,param_0,real_group_sampling_width,global_cutoff
0,0.010961563101280622,0.00018994494604498527,12.844580547581081,-0.0009012837892175217,0.11509305679019338,39
