,abs_amplitude,amplitude_squared,surface_energy,param_0,real_group_sampling_width,global_cutoff
0,0.007397740642874291,8.757171327034327e-05,7.651609982226093,-0.00015026621925239087,0.07487960480045328,0
