,abs_amplitude,amplitude_squared,surface_energy,param_0,real_group_sampling_width,global_cutoff
0,0.0027525966312359905,1.171103931501951e-05,2324.779115772484,-5.1120287588512905e-05,0.027131977983944667,0
