,abs_amplitude,amplitude_squared,surface_energy,param_0,real_group_sampling_width,global_cutoff
0,0.01911998312146619,0.0005866717961379666,30.050493710729707,0.00019826048012731433,0.1856712301706512,0
