,abs_amplitude,amplitude_squared,surface_energy,param_0,real_group_sampling_width,global_cutoff
0,0.008782331414335912,0.00011478611824417001,8.082607749057114,-0.0004949548110049288,0.08587365931884541,11
