,abs_amplitude,amplitude_squared,surface_energy,param_0,real_group_sampling_width,global_cutoff
0,0.4743506990312464,0.22504445264685574,74.48676773949347,0.4743506990312464,0.051574935723158195,7
