,abs_amplitude,amplitude_squared,surface_energy,param_0,real_group_sampling_width,global_cutoff
0,0.4345686917112128,0.18887062235711333,312.0739382896484,-0.43312817002820736,0.03584152348746385,2
