,abs_amplitude,amplitude_squared,surface_energy,param_0,real_group_sampling_width,global_cutoff
0,0.5809972221778074,0.33756813475228675,150.8328017481185,0.5809972221778074,0.02731469885214413,2
