,abs_amplitude,amplitude_squared,surface_energy,param_0,real_group_sampling_width,global_cutoff
0,0.007791428026320993,0.00010001595116580692,9.012233007582031,-0.00017700728625321403,0.10040707310958982,181
