,abs_amplitude,amplitude_squared,surface_energy,param_0,real_group_sampling_width,global_cutoff
0,0.5825026955684459,0.3393492836618181,51.317885918188864,-0.5825026955684459,0.05634309443746733,24
