,abs_amplitude,amplitude_squared,surface_energy,param_0,real_group_sampling_width,global_cutoff
0,0.021851483224184273,0.0007419690209244441,38.94891250459997,0.0003804049407563679,0.21028540249240354,4
