,abs_amplitude,amplitude_squared,surface_energy,param_0,real_group_sampling_width,global_cutoff
0,0.01444892722389727,0.00032598220699170735,20.944419420818065,-0.0008192924655296414,0.14000977538100745,1
