,abs_amplitude,amplitude_squared,surface_energy,param_0,real_group_sampling_width,global_cutoff
0,0.5257802948744243,0.27648980776452964,101.26469916010568,0.5257802948744243,0.038209486891386195,1
