,abs_amplitude,amplitude_squared,surface_energy,param_0,real_group_sampling_width,global_cutoff
0,0.011358955989325438,0.00020131777426361458,12.860813723820028,-6.842672090099606e-05,0.1255031965228662,0
