,abs_amplitude,amplitude_squared,surface_energy,param_0,real_group_sampling_width,global_cutoff
0,0.006806617622642994,7.337468699845977e-05,19.525909083221514,-0.00026919486860146847,0.07219069782565214,0
