,abs_amplitude,amplitude_squared,surface_energy,param_0,real_group_sampling_width,global_cutoff
0,0.03476870558608191,0.0018617253359227163,37.16864588678715,-0.0005053850028556897,0.30355170264521575,23
