,abs_amplitude,amplitude_squared,surface_energy,param_0,real_group_sampling_width,global_cutoff
0,0.0076772640875523825,9.196931252540403e-05,15.903981680939944,-0.0006138704986419196,0.07861827782719866,2
