,abs_amplitude,amplitude_squared,surface_energy,param_0,real_group_sampling_width,global_cutoff
0,0.017413394688339464,0.0004729202084231302,22.726908437874233,0.0002962681610202018,0.16435866064485646,0
