,abs_amplitude,amplitude_squared,surface_energy,param_0,real_group_sampling_width,global_cutoff
0,0.5237539435000838,0.2743335793436791,131.93192078276837,-0.5237539435000838,0.03521818257239696,2
