,abs_amplitude,amplitude_squared,surface_energy,param_0,real_group_sampling_width,global_cutoff
0,0.44333193728042497,0.19661254896279984,52.76327859338553,-0.44333193728042497,0.06995779671967005,4
