,abs_amplitude,amplitude_squared,surface_energy,param_0,real_group_sampling_width,global_cutoff
0,0.00916690155636294,0.00012731957326294035,27.694162746065267,-0.00043697976394114487,0.09194867437724284,11
