,abs_amplitude,amplitude_squared,surface_energy,param_0,real_group_sampling_width,global_cutoff
0,0.26339305216926734,0.06995561241507424,31.66004197947084,-0.26339305216926734,0.18591021910275604,1
