,abs_amplitude,amplitude_squared,surface_energy,param_0,real_group_sampling_width,global_cutoff
0,0.013920050656587133,0.00028611083916310517,25.598699853476038,0.0009065517779313605,0.1409054513253654,115
