,abs_amplitude,amplitude_squared,surface_energy,param_0,real_group_sampling_width,global_cutoff
0,0.47494575451225834,0.22557938517890028,3671.7502966037364,-0.47494575451225834,0.008241545628558491,3
