,abs_amplitude,amplitude_squared,surface_energy,param_0,real_group_sampling_width,global_cutoff
0,0.007840348611879322,9.391215739755069e-05,11.796574339644268,0.0011008746381003347,0.09322278739607665,193
