,abs_amplitude,amplitude_squared,surface_energy,param_0,real_group_sampling_width,global_cutoff
0,0.44756590277808217,0.2003910128021989,47.79567726199954,0.44756590277808217,0.07239309984905357,14
