,abs_amplitude,amplitude_squared,surface_energy,param_0,real_group_sampling_width,global_cutoff
0,0.012788039363972882,0.0002560099862487191,16.90269312229362,-0.0009557525493862607,0.12493318703381356,36
