,abs_amplitude,amplitude_squared,surface_energy,param_0,real_group_sampling_width,global_cutoff
0,0.012869477163770819,0.0002679141685765226,18.732962743157703,-0.0011730130519360398,0.13825108062647767,37
