,abs_amplitude,amplitude_squared,surface_energy,param_0,real_group_sampling_width,global_cutoff
0,0.5289759633560228,0.2798714013621018,4086.1134295643924,-0.5289759633560228,0.007387931774158616,1
