,abs_amplitude,amplitude_squared,surface_energy,param_0,real_group_sampling_width,global_cutoff
0,0.010712316210348774,0.00018458394163127183,11.803163207167515,-0.0012517104518850691,0.108665157391729,40
