,abs_amplitude,amplitude_squared,surface_energy,param_0,real_group_sampling_width,global_cutoff
0,0.00784169085181761,9.696072896637223e-05,22.84845387428713,0.00020712835950905146,0.08267791782700099,2
