,abs_amplitude,amplitude_squared,surface_energy,param_0,real_group_sampling_width,global_cutoff
0,0.019319731073049195,0.0005881291095908767,23.8869655134496,0.00010689204137712638,0.19798140565686773,60
