,abs_amplitude,amplitude_squared,surface_energy,param_0,real_group_sampling_width,global_cutoff
0,0.0236594710980509,0.0008476833472813313,28.295657243095057,0.00033532902341695304,0.21650607732224217,1
