,abs_amplitude,amplitude_squared,surface_energy,param_0,real_group_sampling_width,global_cutoff
0,0.01689274956401792,0.0004313520550999332,33.06986569677173,-0.00027238424739572313,0.18479371737526154,81
