,abs_amplitude,amplitude_squared,surface_energy,param_0,real_group_sampling_width,global_cutoff
0,0.39894754775423036,0.15929815850536336,38.44005905564863,-0.39894754775423036,0.09407152418449385,15
