,abs_amplitude,amplitude_squared,surface_energy,param_0,real_group_sampling_width,global_cutoff
0,0.6544048803128754,0.42825780239309535,98.79565883565269,0.6544048803128754,0.030850643193288934,5
