,abs_amplitude,amplitude_squared,surface_energy,param_0,real_group_sampling_width,global_cutoff
0,0.5284575386380792,0.2793305595062274,45.406683867087274,0.5284575386380792,0.06672052714266573,1
