,abs_amplitude,amplitude_squared,surface_energy,param_0,real_group_sampling_width,global_cutoff
0,0.6620586556446332,0.43832974078706344,146.50073233764167,0.6620586556446332,0.025491167277752445,2
