,abs_amplitude,amplitude_squared,surface_energy,param_0,real_group_sampling_width,global_cutoff
0,0.010101199487064807,0.00015798061710994258,29.07196196033659,0.0005178601540804505,0.10337045572922082,16
