,abs_amplitude,amplitude_squared,surface_energy,param_0,real_group_sampling_width,global_cutoff
0,0.4528472504917291,0.20512186397282098,53.61156547369377,0.4528472504917291,0.06582329018919765,39
