,abs_amplitude,amplitude_squared,surface_energy,param_0,real_group_sampling_width,global_cutoff
0,0.6497632808379498,0.42227870095214404,184.32681998134396,0.6497632808379498,0.022877237857023943,1
