,abs_amplitude,amplitude_squared,surface_energy,param_0,real_group_sampling_width,global_cutoff
0,0.011863991104770703,0.00022240242729385515,15.065458784296853,-0.00011929602767515206,0.12528083944090765,5
