,abs_amplitude,amplitude_squared,surface_energy,param_0,real_group_sampling_width,global_cutoff
0,0.4726015295504239,0.2235447551264175,39.76979180254186,0.4726015295504239,0.0844434373424593,0
