,abs_amplitude,amplitude_squared,surface_energy,param_0,real_group_sampling_width,global_cutoff
0,0.008245649134731905,0.00010335606080888976,13.05642578927432,-0.0005935915086695159,0.08390719863749498,27
