,abs_amplitude,amplitude_squared,surface_energy,param_0,real_group_sampling_width,global_cutoff
0,0.007624500014481986,8.811582320992604e-05,11.471794901194066,9.673123230251877e-05,0.09176439342230996,117
