,abs_amplitude,amplitude_squared,surface_energy,param_0,real_group_sampling_width,global_cutoff
0,0.006963172695728403,7.443178684511872e-05,27.286108233000363,-0.000331208422014978,0.0728568405446619,108
