,abs_amplitude,amplitude_squared,surface_energy,param_0,real_group_sampling_width,global_cutoff
0,0.010521142896835445,0.00017077181574745882,11.1852249319072,0.0003139011866325167,0.1154703090088586,95
