,abs_amplitude,amplitude_squared,surface_energy,param_0,real_group_sampling_width,global_cutoff
0,0.006456264481085553,6.505281251054656e-05,15.998262049473617,0.00010045326597866086,0.06528356456309725,8
