,abs_amplitude,amplitude_squared,surface_energy,param_0,real_group_sampling_width,global_cutoff
0,0.48335969292467673,0.23378947481770646,41.48778028369278,-0.48335969292467673,0.11531967407378586,2
