,abs_amplitude,amplitude_squared,surface_energy,param_0,real_group_sampling_width,global_cutoff
0,0.018595840626200396,0.0005492330552528682,29.26998112504674,-0.0003837070937509605,0.18864397506855118,12
