,abs_amplitude,amplitude_squared,surface_energy,param_0,real_group_sampling_width,global_cutoff
0,0.6645332144424998,0.4416344831201903,147.89450605954218,0.6645332144424998,0.025139071359353705,0
