,abs_amplitude,amplitude_squared,surface_energy,param_0,real_group_sampling_width,global_cutoff
0,0.011393023658251655,0.00020158042382294647,24.01479823900439,0.0002927063691677835,0.11458471393599717,14
