,abs_amplitude,amplitude_squared,surface_energy,param_0,real_group_sampling_width,global_cutoff
0,0.007865972757865866,9.659856072358562e-05,29.568400196520113,1.0573748851800653e-05,0.08221890614208573,18
