,abs_amplitude,amplitude_squared,surface_energy,param_0,real_group_sampling_width,global_cutoff
0,0.010330391832517744,0.00017247703713709815,26.646412409436937,-0.0010888730166435845,0.11315311860106278,10
