,abs_amplitude,amplitude_squared,surface_energy,param_0,real_group_sampling_width,global_cutoff
0,0.009308377531606463,0.0001343313068049533,20.470691130130923,-0.001201049348357083,0.09214065856787923,54
