,abs_amplitude,amplitude_squared,surface_energy,param_0,real_group_sampling_width,global_cutoff
0,0.008100060941984294,0.00010217196202039269,21.488472732729086,8.051726262211866e-05,0.08240495744138655,2
