,abs_amplitude,amplitude_squared,surface_energy,param_0,real_group_sampling_width,global_cutoff
0,0.06679140267401373,0.00681808045310575,38.24605483345311,-0.002594300383304187,0.4526680088084164,0
