,abs_amplitude,amplitude_squared,surface_energy,param_0,real_group_sampling_width,global_cutoff
0,0.5603012612202477,0.31395110808932003,143.30271231891237,0.5603012612202477,0.03125918397806648,1
