,abs_amplitude,amplitude_squared,surface_energy,param_0,real_group_sampling_width,global_cutoff
0,0.008889037170365648,0.00012067864730035318,12.512498048396804,0.0003209893534794119,0.08555651336431196,1
