,abs_amplitude,amplitude_squared,surface_energy,param_0,real_group_sampling_width,global_cutoff
0,0.007874218366114266,9.498354815447133e-05,15.520775857139796,-0.00023099682125445848,0.07920232723127081,63
