,abs_amplitude,amplitude_squared,surface_energy,param_0,real_group_sampling_width,global_cutoff
0,0.007055978308856065,7.61754884213698e-05,26.593227041356474,0.00042728230450445303,0.07480359176533063,41
