,abs_amplitude,amplitude_squared,surface_energy,param_0,real_group_sampling_width,global_cutoff
0,0.6528181848123595,0.42619359955773395,115.70407549923078,0.6528181848123595,0.028897384877384732,1
