,abs_amplitude,amplitude_squared,surface_energy,param_0,real_group_sampling_width,global_cutoff
0,0.46561087064656687,0.2168523503728166,49.283290162256144,0.46561087064656687,0.07577696940378897,174
