,abs_amplitude,amplitude_squared,surface_energy,param_0,real_group_sampling_width,global_cutoff
0,0.005171178791539626,4.3265888232066965e-05,177.07214427615125,0.00026902315343258447,0.05200486483149916,0
