,abs_amplitude,amplitude_squared,surface_energy,param_0,real_group_sampling_width,global_cutoff
0,0.6521153432795298,0.42525807732086746,271.8768035655269,0.6521153432795298,0.01820851078531571,6
