,abs_amplitude,amplitude_squared,surface_energy,param_0,real_group_sampling_width,global_cutoff
0,0.011902312013899645,0.0002369976896214388,21.523043944076225,-0.0003868909910662737,0.1407036400408314,151
