,abs_amplitude,amplitude_squared,surface_energy,param_0,real_group_sampling_width,global_cutoff
0,0.014501027262008529,0.0003173067755096851,25.353714007814503,0.0011890389689588647,0.14278081382595922,29
