,abs_amplitude,amplitude_squared,surface_energy,param_0,real_group_sampling_width,global_cutoff
0,0.013399691861569338,0.000289492826683438,15.828436279562666,0.0005831837162377304,0.12403972611279807,1
