,abs_amplitude,amplitude_squared,surface_energy,param_0,real_group_sampling_width,global_cutoff
0,0.009835000438519856,0.00015964107867511698,26.883792429383885,0.0006670831527362334,0.09984433178913467,22
