,abs_amplitude,amplitude_squared,surface_energy,param_0,real_group_sampling_width,global_cutoff
0,0.6230931513852221,0.38832564524437574,55.09904035718916,0.6230931513852221,0.049097087051694986,1
