,abs_amplitude,amplitude_squared,surface_energy,param_0,real_group_sampling_width,global_cutoff
0,0.41486872491461574,0.1725733352624134,41.34002738104002,-0.41486872491461574,0.17238159562429278,7
