,abs_amplitude,amplitude_squared,surface_energy,param_0,real_group_sampling_width,global_cutoff
0,0.516066349468115,0.2663928237145336,44.325347329892686,-0.516066349468115,0.06790402840149724,1
