,abs_amplitude,amplitude_squared,surface_energy,param_0,real_group_sampling_width,global_cutoff
0,0.5426132054893806,0.2944996915575183,45.25384855796449,0.5426132054893806,0.06423188022374832,2
