,abs_amplitude,amplitude_squared,surface_energy,param_0,real_group_sampling_width,global_cutoff
0,0.01916472549335943,0.0005852050309687488,36.00941848353524,-0.00017295479117778863,0.19005607036234837,18
