,abs_amplitude,amplitude_squared,surface_energy,param_0,real_group_sampling_width,global_cutoff
0,0.5202177762054139,0.2706561090492256,69.17452269239892,0.5202177762054139,0.04932151406132594,3
