,abs_amplitude,amplitude_squared,surface_energy,param_0,real_group_sampling_width,global_cutoff
0,0.010416560434662915,0.00017047390612458455,31.931389855976047,0.0007471283433610105,0.11217072367257647,1
