,abs_amplitude,amplitude_squared,surface_energy,param_0,real_group_sampling_width,global_cutoff
0,0.2599827876994529,0.06769957623528884,91.13193060142966,0.2599827876994529,0.08520213193759954,19
