,abs_amplitude,amplitude_squared,surface_energy,param_0,real_group_sampling_width,global_cutoff
0,0.008547967534200094,0.00011923766087088773,25.311872475272835,-3.50916861025139e-05,0.09218195153684268,6
