,abs_amplitude,amplitude_squared,surface_energy,param_0,real_group_sampling_width,global_cutoff
0,0.014880792843839835,0.0003470633836475445,23.01807696316522,-0.00044343381371412827,0.15232488589839766,27
