,abs_amplitude,amplitude_squared,surface_energy,param_0,real_group_sampling_width,global_cutoff
0,0.5476985233790144,0.30000758576574765,64.52253750802566,0.5476985233790144,0.04980781603392912,1
