,abs_amplitude,amplitude_squared,surface_energy,param_0,real_group_sampling_width,global_cutoff
0,0.00896133787766025,0.00012651788320873933,47.50747167602239,0.00017079715298817547,0.09175982514972501,1
