,abs_amplitude,amplitude_squared,surface_energy,param_0,real_group_sampling_width,global_cutoff
0,0.009795617509011256,0.00015608711121454266,20.319256579294166,0.00021366914988796024,0.1023912599780343,13
