,abs_amplitude,amplitude_squared,surface_energy,param_0,real_group_sampling_width,global_cutoff
0,0.38068811314176126,0.14505776867493367,39.926445791112336,0.38068811314176126,0.10012549737153244,66
