,abs_amplitude,amplitude_squared,surface_energy,param_0,real_group_sampling_width,global_cutoff
0,0.554593192299015,0.3076224749196391,48.10073850401198,0.554593192299015,0.06108977645426443,2
