,abs_amplitude,amplitude_squared,surface_energy,param_0,real_group_sampling_width,global_cutoff
0,0.011758210377132245,0.000226613994889069,20.71430405863446,-0.001397634988589139,0.1159558308678257,5
