,abs_amplitude,amplitude_squared,surface_energy,param_0,real_group_sampling_width,global_cutoff
0,0.662060583539095,0.4384979779569737,101.62346386107325,0.662060583539095,0.03120294377448212,0
