,abs_amplitude,amplitude_squared,surface_energy,param_0,real_group_sampling_width,global_cutoff
0,0.011144378128878541,0.00020273516267722534,18.05162604488917,-0.00034512103475102757,0.1175152454230606,40
