,abs_amplitude,amplitude_squared,surface_energy,param_0,real_group_sampling_width,global_cutoff
0,0.45512252612886583,0.2074505009558897,72.13977023259832,-0.45512252612886583,0.05273977012100241,0
