,abs_amplitude,amplitude_squared,surface_energy,param_0,real_group_sampling_width,global_cutoff
0,0.5249391656387973,0.2756120854720227,55.19019598177268,-0.5249391656387973,0.05650909052186327,1
