,abs_amplitude,amplitude_squared,surface_energy,param_0,real_group_sampling_width,global_cutoff
0,0.007880200220501565,0.0001006448342429081,20.40045830398433,-5.473162432126849e-05,0.0822273746586461,22
