,abs_amplitude,amplitude_squared,surface_energy,param_0,real_group_sampling_width,global_cutoff
0,0.012637010893886686,0.00025649487141319265,35.02152810955964,0.0011351515819512218,0.13398169114839942,61
