,abs_amplitude,amplitude_squared,surface_energy,param_0,real_group_sampling_width,global_cutoff
0,0.011111171498616802,0.0001998451068722442,30.265055142370816,0.0008592394801291226,0.11862394513534502,2
