,abs_amplitude,amplitude_squared,surface_energy,param_0,real_group_sampling_width,global_cutoff
0,0.011704333507019894,0.00020775525847184438,14.697992491360788,-0.0003171838085373951,0.13010963335659576,113
