,abs_amplitude,amplitude_squared,surface_energy,param_0,real_group_sampling_width,global_cutoff
0,0.4709088696598549,0.2219068573296484,39.519633917020464,0.4709088696598549,0.10682155102225271,31
