,abs_amplitude,amplitude_squared,surface_energy,param_0,real_group_sampling_width,global_cutoff
0,0.008678702412390884,0.00011681156992894942,9.646915724666878,-0.0003662485767195119,0.08776244666245571,7
