,abs_amplitude,amplitude_squared,surface_energy,param_0,real_group_sampling_width,global_cutoff
0,0.015840982690750908,0.0003942032845170814,25.54752111231744,-0.0004663349663737698,0.17232115541906412,114
