,abs_amplitude,amplitude_squared,surface_energy,param_0,real_group_sampling_width,global_cutoff
0,0.5763296359103764,0.3321661821922336,148.95371956686768,0.5763296359103764,0.028371354077412113,2
