,abs_amplitude,amplitude_squared,surface_energy,param_0,real_group_sampling_width,global_cutoff
0,0.4351645972916615,0.18953444712247336,37.292982159724794,0.4351645972916615,0.11148808608561009,87
