,abs_amplitude,amplitude_squared,surface_energy,param_0,real_group_sampling_width,global_cutoff
0,0.014444747982355769,0.000314503495371068,36.10277668553051,-0.0012077235673439719,0.13767903018329558,4
