,abs_amplitude,amplitude_squared,surface_energy,param_0,real_group_sampling_width,global_cutoff
0,0.02051115041900102,0.0006391131686958058,37.846576193653576,-0.0007366133120058068,0.20862065745605793,58
