,abs_amplitude,amplitude_squared,surface_energy,param_0,real_group_sampling_width,global_cutoff
0,0.014216752938308826,0.0003252898505146765,18.71637443011012,-2.6939988523427615e-05,0.14547018169535292,4
