,abs_amplitude,amplitude_squared,surface_energy,param_0,real_group_sampling_width,global_cutoff
0,0.010568175539450608,0.00017394343151622127,15.005174478345689,-0.0006779118928314192,0.10757371594690675,0
