,abs_amplitude,amplitude_squared,surface_energy,param_0,real_group_sampling_width,global_cutoff
0,0.4649408161914788,0.2162074486479928,73.31380937973177,-0.4649408161914788,0.0482978747729623,3
