,abs_amplitude,amplitude_squared,surface_energy,param_0,real_group_sampling_width,global_cutoff
0,0.014739683029258377,0.0003344990694127968,18.270791423302445,-0.00043700162174221296,0.13652497643415215,3
