,abs_amplitude,amplitude_squared,surface_energy,param_0,real_group_sampling_width,global_cutoff
0,0.014601864697369973,0.000320550412813437,22.046850940467245,-0.0010437233708074178,0.136319638369675,0
