,abs_amplitude,amplitude_squared,surface_energy,param_0,real_group_sampling_width,global_cutoff
0,0.5684999617529493,0.3232570189519761,46.83052448082526,0.5684999617529493,0.07085156678722962,74
