,abs_amplitude,amplitude_squared,surface_energy,param_0,real_group_sampling_width,global_cutoff
0,0.010047052221065243,0.00015674016819361598,8.529790263569232,-0.0009211637634212528,0.11690925622928056,197
