,abs_amplitude,amplitude_squared,surface_energy,param_0,real_group_sampling_width,global_cutoff
0,0.6697774973214808,0.44860720103244023,197.20614374500616,0.6697774973214808,0.019818886234134775,6
