,abs_amplitude,amplitude_squared,surface_energy,param_0,real_group_sampling_width,global_cutoff
0,0.5668044539607473,0.3213237672784389,47.72852301258399,-0.5668044539607473,0.061206693028208636,3
