,abs_amplitude,amplitude_squared,surface_energy,param_0,real_group_sampling_width,global_cutoff
0,0.3000286884218228,0.0904691048803238,32.59397697649429,0.3000286884218228,0.1668589132237855,3
