,abs_amplitude,amplitude_squared,surface_energy,param_0,real_group_sampling_width,global_cutoff
0,0.6202525849677305,0.38492583611635867,54.61059881517959,-0.6202525849677305,0.0481481032953383,0
