,abs_amplitude,amplitude_squared,surface_energy,param_0,real_group_sampling_width,global_cutoff
0,0.008164467566603691,0.00010640179807451362,7.704075550748447,0.0001954674461108627,0.08095551469243743,22
