,abs_amplitude,amplitude_squared,surface_energy,param_0,real_group_sampling_width,global_cutoff
0,0.01171462318837546,0.0002133968853802918,18.004897760822296,0.0006854728073872005,0.11710344376382453,1
