,abs_amplitude,amplitude_squared,surface_energy,param_0,real_group_sampling_width,global_cutoff
0,0.6674745474797307,0.4455242128766467,544.6644922224934,-0.6674745474797307,0.012265049563375678,4
