,abs_amplitude,amplitude_squared,surface_energy,param_0,real_group_sampling_width,global_cutoff
0,0.007851090073115394,9.522800248583343e-05,9.76319804105102,0.000658967579181573,0.08328586961807605,0
