,abs_amplitude,amplitude_squared,surface_energy,param_0,real_group_sampling_width,global_cutoff
0,0.6483472648499755,0.4203735403053015,69.91785196323903,-0.6483472648499755,0.03901914574407255,7
