,abs_amplitude,amplitude_squared,surface_energy,param_0,real_group_sampling_width,global_cutoff
0,0.3026214865622165,0.09275016245592244,35.77468475888282,0.3026214865622165,0.23040589508932083,73
