,abs_amplitude,amplitude_squared,surface_energy,param_0,real_group_sampling_width,global_cutoff
0,0.012493712590153729,0.00024256728091265957,18.37239082252962,-0.0006232416936179409,0.13036059704804379,24
