,abs_amplitude,amplitude_squared,surface_energy,param_0,real_group_sampling_width,global_cutoff
0,0.6216550677853113,0.3864601009495131,247.3051418941655,0.6216550677853113,0.02190208531369507,150
