,abs_amplitude,amplitude_squared,surface_energy,param_0,real_group_sampling_width,global_cutoff
0,0.006677923076024217,6.953726984154761e-05,21.185212457025433,0.000799030416073005,0.07413500969361661,101
