,abs_amplitude,amplitude_squared,surface_energy,param_0,real_group_sampling_width,global_cutoff
0,0.016269834223791146,0.0004101285710891697,21.290631901058774,0.001099193684509737,0.16152459608271258,46
