,abs_amplitude,amplitude_squared,surface_energy,param_0,real_group_sampling_width,global_cutoff
0,0.1098551770169137,0.014956859421962534,29.597961516480357,0.003357227263090592,0.5824912680605899,58
