,abs_amplitude,amplitude_squared,surface_energy,param_0,real_group_sampling_width,global_cutoff
0,0.656263398053104,0.4306858817134493,523.9660131902344,0.656263398053104,0.013051817609159683,4
