,abs_amplitude,amplitude_squared,surface_energy,param_0,real_group_sampling_width,global_cutoff
0,0.007383036988537179,8.368856029677027e-05,205.63200382534123,-0.0007540187397426171,0.07555798076850209,20
