,abs_amplitude,amplitude_squared,surface_energy,param_0,real_group_sampling_width,global_cutoff
0,0.016368393458667217,0.00042306571998009944,32.335002085499035,0.001678258608544105,0.1641725244269547,20
