,abs_amplitude,amplitude_squared,surface_energy,param_0,real_group_sampling_width,global_cutoff
0,0.0151259760778875,0.00036317654491589994,20.053219996149434,0.00030497711668399006,0.1502272628979588,14
