,abs_amplitude,amplitude_squared,surface_energy,param_0,real_group_sampling_width,global_cutoff
0,0.007902515895676449,9.824697392554311e-05,12.514706984932085,0.0006280547497077119,0.0807746988509533,11
