,abs_amplitude,amplitude_squared,surface_energy,param_0,real_group_sampling_width,global_cutoff
0,0.011249611657569623,0.00018757710509714824,13.315776078300223,-5.8406819608369166e-05,0.12147599770641734,9
