,abs_amplitude,amplitude_squared,surface_energy,param_0,real_group_sampling_width,global_cutoff
0,0.013271704963335917,0.0002741202589186775,28.81292003436268,-0.0010620215415916498,0.13073280035064722,9
