,abs_amplitude,amplitude_squared,surface_energy,param_0,real_group_sampling_width,global_cutoff
0,0.5625069073240107,0.316466328709656,55.101765240118496,-0.5625069073240107,0.051976955958339614,1
