,abs_amplitude,amplitude_squared,surface_energy,param_0,real_group_sampling_width,global_cutoff
0,0.009483578984955403,0.00014554747225706006,21.44080176502163,0.0003458617559656945,0.09226230016175321,15
