,abs_amplitude,amplitude_squared,surface_energy,param_0,real_group_sampling_width,global_cutoff
0,0.013812223678059446,0.00030603746912702027,34.714233273867116,-0.0006748896129922567,0.1423086087486439,13
