,abs_amplitude,amplitude_squared,surface_energy,param_0,real_group_sampling_width,global_cutoff
0,0.6126947236457126,0.3755022300636778,62.8661116148522,-0.6126947236457126,0.04390853959189408,0
