,abs_amplitude,amplitude_squared,surface_energy,param_0,real_group_sampling_width,global_cutoff
0,0.23278170702191406,0.05451391368317826,41.57328260013172,-0.23172169586367328,0.15369849384200804,15
