,abs_amplitude,amplitude_squared,surface_energy,param_0,real_group_sampling_width,global_cutoff
0,0.007038096886813034,8.002874104197935e-05,16.27167510539176,0.001185311404548773,0.07566600030608017,0
