,abs_amplitude,amplitude_squared,surface_energy,param_0,real_group_sampling_width,global_cutoff
0,0.02171870661772675,0.0007567768594744373,26.750692289030244,-0.00022003162841013947,0.21553180746145092,12
