,abs_amplitude,amplitude_squared,surface_energy,param_0,real_group_sampling_width,global_cutoff
0,0.6586283526526748,0.433807460130823,79.03491159011588,-0.6586283526526748,0.035084121771684657,1
