,abs_amplitude,amplitude_squared,surface_energy,param_0,real_group_sampling_width,global_cutoff
0,0.6160558627140027,0.37971977384107153,126.89197357642412,-0.6160558627140027,0.029825664281501126,0
