,abs_amplitude,amplitude_squared,surface_energy,param_0,real_group_sampling_width,global_cutoff
0,0.007833940715947164,9.775317142733503e-05,13.267825463613246,-0.0006862689279983644,0.07529671683185504,10
