,abs_amplitude,amplitude_squared,surface_energy,param_0,real_group_sampling_width,global_cutoff
0,0.012923536544430762,0.0002674626573927601,55.16991667271098,0.0002409829199422085,0.1300524372530431,1
