,abs_amplitude,amplitude_squared,surface_energy,param_0,real_group_sampling_width,global_cutoff
0,0.5946125904840013,0.3536057451049361,52.920718948836935,-0.5946125904840013,0.06119247981268632,1
