,abs_amplitude,amplitude_squared,surface_energy,param_0,real_group_sampling_width,global_cutoff
0,0.37183332871935226,0.13847581232614692,35.580645456352094,-0.37183332871935226,0.11082077220568709,3
