,abs_amplitude,amplitude_squared,surface_energy,param_0,real_group_sampling_width,global_cutoff
0,0.47103310558479616,0.22193083653721304,55.30412554744663,0.47103310558479616,0.063363780676224,0
