,abs_amplitude,amplitude_squared,surface_energy,param_0,real_group_sampling_width,global_cutoff
0,0.6588136859917931,0.4340443209503331,189.85291656118878,0.6588136859917931,0.02147297606836138,3
