,abs_amplitude,amplitude_squared,surface_energy,param_0,real_group_sampling_width,global_cutoff
0,0.39901118145776365,0.15931085506901055,49.35403364535554,0.39901118145776365,0.07908292419052539,2
