,abs_amplitude,amplitude_squared,surface_energy,param_0,real_group_sampling_width,global_cutoff
0,0.4992061239842451,0.24923533288018054,77.99349616937972,-0.4992061239842451,0.04578424435302847,30
