,abs_amplitude,amplitude_squared,surface_energy,param_0,real_group_sampling_width,global_cutoff
0,0.4678128247155884,0.21893397973078538,42.64679021763154,-0.4678128247155884,0.07726538908811671,7
