,abs_amplitude,amplitude_squared,surface_energy,param_0,real_group_sampling_width,global_cutoff
0,0.008281684739279406,0.00010504155152580324,211.34396479699114,-0.00054629643930482,0.08482144641790382,0
