,abs_amplitude,amplitude_squared,surface_energy,param_0,real_group_sampling_width,global_cutoff
0,0.018784002705645918,0.0005232069751451537,21.584052676293084,-0.0005067402518474095,0.16803117024581896,46
