,abs_amplitude,amplitude_squared,surface_energy,param_0,real_group_sampling_width,global_cutoff
0,0.018995892763243767,0.000579900435740691,25.506514190984063,4.011422897524893e-05,0.19235348802641297,19
