,abs_amplitude,amplitude_squared,surface_energy,param_0,real_group_sampling_width,global_cutoff
0,0.013232985575549182,0.00026894900323823514,27.077244780924502,-7.486970828385714e-06,0.1247284001177692,23
