,abs_amplitude,amplitude_squared,surface_energy,param_0,real_group_sampling_width,global_cutoff
0,0.010838990996419696,0.000186921311352617,30.593984183814506,0.0001316027525624664,0.11138719737948752,0
