,abs_amplitude,amplitude_squared,surface_energy,param_0,real_group_sampling_width,global_cutoff
0,0.34269798890815856,0.11768478710755745,34.47310404123864,-0.34269798890815856,0.12797001085373966,34
