,abs_amplitude,amplitude_squared,surface_energy,param_0,real_group_sampling_width,global_cutoff
0,0.6363938517346405,0.40501676950311166,67.35940634673535,0.6363938517346405,0.04007860050366832,24
