,abs_amplitude,amplitude_squared,surface_energy,param_0,real_group_sampling_width,global_cutoff
0,0.6551020274382061,0.42916283266445454,274.5954828473921,0.6551020274382061,0.01736643523688877,8
