,abs_amplitude,amplitude_squared,surface_energy,param_0,real_group_sampling_width,global_cutoff
0,0.12801503528554134,0.016401782231066364,2575.9780583103875,0.12801503528554134,0.03492554485295671,47
