,abs_amplitude,amplitude_squared,surface_energy,param_0,real_group_sampling_width,global_cutoff
0,0.03286124984082833,0.001686322442261762,28.965484366084873,-0.0049117970469388554,0.2906049206282674,0
