,abs_amplitude,amplitude_squared,surface_energy,param_0,real_group_sampling_width,global_cutoff
0,0.6097182285345928,0.3717872145970185,55.052187488646794,0.6097182285345928,0.04917254152435731,46
