,abs_amplitude,amplitude_squared,surface_energy,param_0,real_group_sampling_width,global_cutoff
0,0.014117399489465722,0.00031194404681845746,19.213528687309495,-0.0011936384203988129,0.15304374589919684,53
