,abs_amplitude,amplitude_squared,surface_energy,param_0,real_group_sampling_width,global_cutoff
0,0.5074844994387947,0.25766247830277095,3909.17102944155,0.5074844994387947,0.007358134746660197,0
