,abs_amplitude,amplitude_squared,surface_energy,param_0,real_group_sampling_width,global_cutoff
0,0.006669524026903034,7.033796706109323e-05,25.53377682991969,5.897192963357001e-05,0.06805989075580851,12
