,abs_amplitude,amplitude_squared,surface_energy,param_0,real_group_sampling_width,global_cutoff
0,0.6544551252975371,0.4283260355600738,86.68875375170725,-0.6544551252975371,0.032257560847753074,59
