,abs_amplitude,amplitude_squared,surface_energy,param_0,real_group_sampling_width,global_cutoff
0,0.5121367946909351,0.2623969293661979,42.11124301519007,-0.5121367946909351,0.08602890941931329,2
