,abs_amplitude,amplitude_squared,surface_energy,param_0,real_group_sampling_width,global_cutoff
0,0.303611878251882,0.0923758646841392,44.186111755514375,-0.3021622352388067,0.11606875418108292,0
