,abs_amplitude,amplitude_squared,surface_energy,param_0,real_group_sampling_width,global_cutoff
0,0.6441490693285347,0.4149551422349095,64.35640923950932,0.6441490693285347,0.03914163811210623,2
