,abs_amplitude,amplitude_squared,surface_energy,param_0,real_group_sampling_width,global_cutoff
0,0.1860594727989092,0.03542308529763235,33.825831243664695,0.17310380524443414,0.2454779414327559,385
