,abs_amplitude,amplitude_squared,surface_energy,param_0,real_group_sampling_width,global_cutoff
0,0.007511190941278886,9.218538682397082e-05,29.28407026566356,0.00029140970822374523,0.0862445358626887,27
