,abs_amplitude,amplitude_squared,surface_energy,param_0,real_group_sampling_width,global_cutoff
0,0.01243270880256404,0.0002328471616619061,16.16777874922338,-0.0006563980634723778,0.14213260156201432,142
