,abs_amplitude,amplitude_squared,surface_energy,param_0,real_group_sampling_width,global_cutoff
0,0.01561758382452418,0.0003752699785682245,25.367357097025145,0.0003262691525202153,0.15980216927345486,18
