,abs_amplitude,amplitude_squared,surface_energy,param_0,real_group_sampling_width,global_cutoff
0,0.017074532513156652,0.00046351681994742064,21.80993051301289,-0.002497057341157753,0.1666269566840302,6
