,abs_amplitude,amplitude_squared,surface_energy,param_0,real_group_sampling_width,global_cutoff
0,0.014955830494068872,0.0003601206748464823,28.701413785156053,-0.0016730521911029746,0.15638287856930624,14
