,abs_amplitude,amplitude_squared,surface_energy,param_0,real_group_sampling_width,global_cutoff
0,0.6301170117328766,0.39718803848013645,107.81051184538292,-0.6301170117328766,0.029438047340714407,0
