,abs_amplitude,amplitude_squared,surface_energy,param_0,real_group_sampling_width,global_cutoff
0,0.03578191994257063,0.0019962156061115225,31.624490044064576,0.0033015457427799477,0.31545943890807193,10
