,abs_amplitude,amplitude_squared,surface_energy,param_0,real_group_sampling_width,global_cutoff
0,0.0068423894826587384,7.048924160445227e-05,22.529834238134193,3.54139954692511e-05,0.07330380854878413,0
