,abs_amplitude,amplitude_squared,surface_energy,param_0,real_group_sampling_width,global_cutoff
0,0.00895152619888399,0.00012499264644188422,21.323577413659592,-0.00013534344313100453,0.09288901629633196,1
