,abs_amplitude,amplitude_squared,surface_energy,param_0,real_group_sampling_width,global_cutoff
0,0.37618235852767706,0.14181413267822843,35.602814086002766,0.37618235852767706,0.13658778789376164,16
