,abs_amplitude,amplitude_squared,surface_energy,param_0,real_group_sampling_width,global_cutoff
0,0.5477550171934097,0.30007831574496,49.76922427332253,-0.5477550171934097,0.05581116125270095,37
