,abs_amplitude,amplitude_squared,surface_energy,param_0,real_group_sampling_width,global_cutoff
0,0.016218361966831043,0.00040425599265961874,31.232697528208856,-7.39545494163586e-06,0.16848436166298325,13
