,abs_amplitude,amplitude_squared,surface_energy,param_0,real_group_sampling_width,global_cutoff
0,0.013159311783322827,0.00027532761157915376,17.17197415919127,-0.0009178081162520558,0.141172653504095,16
