,abs_amplitude,amplitude_squared,surface_energy,param_0,real_group_sampling_width,global_cutoff
0,0.013249435702108311,0.00027268460719597225,16.78763103616417,0.0006153846923514136,0.12675460566235933,2
