,abs_amplitude,amplitude_squared,surface_energy,param_0,real_group_sampling_width,global_cutoff
0,0.47730534733932223,0.2278449955184008,120.45550777160445,0.47730534733932223,0.03965916954921056,3
