,abs_amplitude,amplitude_squared,surface_energy,param_0,real_group_sampling_width,global_cutoff
0,0.025147968999230438,0.0009691803399953224,49.28032104839863,0.0013092046932130907,0.2508127246147303,22
