,abs_amplitude,amplitude_squared,surface_energy,param_0,real_group_sampling_width,global_cutoff
0,0.6577533473703429,0.43267648457139574,277.31485745610604,0.6577533473703429,0.018152335795532236,1
