,abs_amplitude,amplitude_squared,surface_energy,param_0,real_group_sampling_width,global_cutoff
0,0.00990167947304824,0.00015738081010285786,9.378386589595898,0.000432639787087957,0.10488289758697088,23
