,abs_amplitude,amplitude_squared,surface_energy,param_0,real_group_sampling_width,global_cutoff
0,0.6381732443478659,0.40729336617890644,59.827575966809924,0.6381732443478659,0.04509063059716135,71
