,abs_amplitude,amplitude_squared,surface_energy,param_0,real_group_sampling_width,global_cutoff
0,0.5974213088502166,0.35691831167062626,230.80692404411874,-0.5974213088502166,0.02188399527027945,31
