,abs_amplitude,amplitude_squared,surface_energy,param_0,real_group_sampling_width,global_cutoff
0,0.6292276217284551,0.39593340644268016,252.78279286849568,0.6292276217284551,0.019461693123204424,4
