,abs_amplitude,amplitude_squared,surface_energy,param_0,real_group_sampling_width,global_cutoff
0,0.6235326074363847,0.38879316295474237,5190.224299142155,0.6235326074363847,0.004392531681129621,23
