,abs_amplitude,amplitude_squared,surface_energy,param_0,real_group_sampling_width,global_cutoff
0,0.6717414807838592,0.45123980185528456,290.86338410560217,-0.6717414807838592,0.015530018547966797,20
