,abs_amplitude,amplitude_squared,surface_energy,param_0,real_group_sampling_width,global_cutoff
0,0.6777629662849417,0.4594429705915455,107.25418646818723,-0.6777629662849417,0.02808880275335165,1
