,abs_amplitude,amplitude_squared,surface_energy,param_0,real_group_sampling_width,global_cutoff
0,0.3712411216459993,0.13793879374933124,47.63913466213492,-0.3712411216459993,0.08673630164902633,0
