,abs_amplitude,amplitude_squared,surface_energy,param_0,real_group_sampling_width,global_cutoff
0,0.5923432045125703,0.3508930870666967,71.97249833199707,0.5923432045125703,0.04076824959321458,5
