,abs_amplitude,amplitude_squared,surface_energy,param_0,real_group_sampling_width,global_cutoff
0,0.6922027025786565,0.4791601138716991,6556.358113532341,0.6922027025786565,0.004776126988353743,2
