,abs_amplitude,amplitude_squared,surface_energy,param_0,real_group_sampling_width,global_cutoff
0,0.03785446214963684,0.0023356413452080994,28.298748173785885,0.0009759908574691907,0.33777128720943095,12
