,abs_amplitude,amplitude_squared,surface_energy,param_0,real_group_sampling_width,global_cutoff
0,0.03401808738562333,0.001810332093625282,27.52182768298162,0.0002907258976257289,0.30528172137301496,0
