,abs_amplitude,amplitude_squared,surface_energy,param_0,real_group_sampling_width,global_cutoff
0,0.012468064409584027,0.00024405867530693135,15.396371905026127,0.0003569570374522078,0.13003556023909957,10
