,abs_amplitude,amplitude_squared,surface_energy,param_0,real_group_sampling_width,global_cutoff
0,0.47326290131516174,0.22407640527930517,41.06719590395175,0.47326290131516174,0.07776069787678892,1
