,abs_amplitude,amplitude_squared,surface_energy,param_0,real_group_sampling_width,global_cutoff
0,0.013482633698293842,0.00028018663494079144,29.160064499607362,0.0018160697577916305,0.1347569281304444,47
