,abs_amplitude,amplitude_squared,surface_energy,param_0,real_group_sampling_width,global_cutoff
0,0.5569834458754948,0.3102531896516734,88.4183806242146,0.5569834458754948,0.03922486294730687,36
