,abs_amplitude,amplitude_squared,surface_energy,param_0,real_group_sampling_width,global_cutoff
0,0.007756681916652948,9.049988794861575e-05,12.266467863415366,-0.00036464620303794517,0.07850726133273064,4
