,abs_amplitude,amplitude_squared,surface_energy,param_0,real_group_sampling_width,global_cutoff
0,0.008474577759376215,0.00011586677789232013,62.83239822059881,-0.0004989488246147041,0.088555897298478,52
