,abs_amplitude,amplitude_squared,surface_energy,param_0,real_group_sampling_width,global_cutoff
0,0.01535543031563174,0.00037439610171836966,21.637955896174912,0.001928886523381363,0.15679166371410908,0
