,abs_amplitude,amplitude_squared,surface_energy,param_0,real_group_sampling_width,global_cutoff
0,0.009289358287803279,0.00013027277438666733,29.183086330968894,0.0005655135260940841,0.0946883622300152,11
