,abs_amplitude,amplitude_squared,surface_energy,param_0,real_group_sampling_width,global_cutoff
0,0.009626496387766536,0.00014526558178000812,26.503103438425057,-0.00022284501355979594,0.09837771785810942,9
