,abs_amplitude,amplitude_squared,surface_energy,param_0,real_group_sampling_width,global_cutoff
0,0.007183954828001729,8.254673618937281e-05,21.900388944751413,0.0005183662950444482,0.07943022042636555,86
