,abs_amplitude,amplitude_squared,surface_energy,param_0,real_group_sampling_width,global_cutoff
0,0.30637477009431674,0.09402205053426448,50.39584208289881,0.30637477009431674,0.10977348555497399,1
