,abs_amplitude,amplitude_squared,surface_energy,param_0,real_group_sampling_width,global_cutoff
0,0.18936304679804952,0.03870257955610613,32.0818874777621,0.005948163958940736,0.4140170160213291,14
