,abs_amplitude,amplitude_squared,surface_energy,param_0,real_group_sampling_width,global_cutoff
0,0.006634001568637888,6.676595967472253e-05,16.461984974049706,6.292640246365106e-05,0.06734166140160089,31
