,abs_amplitude,amplitude_squared,surface_energy,param_0,real_group_sampling_width,global_cutoff
0,0.008297713838504386,0.00010602642490419487,19.312478278418865,6.502846957576547e-05,0.0829721149378017,0
