,abs_amplitude,amplitude_squared,surface_energy,param_0,real_group_sampling_width,global_cutoff
0,0.5259226925695288,0.27662707795599284,70.1460387570567,-0.5259226925695288,0.04733427569583747,1
