,abs_amplitude,amplitude_squared,surface_energy,param_0,real_group_sampling_width,global_cutoff
0,0.008330581567274922,0.00010575488093508652,15.637319012288478,0.0009097458669248481,0.08609793116283167,7
