,abs_amplitude,amplitude_squared,surface_energy,param_0,real_group_sampling_width,global_cutoff
0,0.015068504324114254,0.00034330221015126843,22.24533263213687,-0.0003151681931341085,0.15212725355357432,9
