,abs_amplitude,amplitude_squared,surface_energy,param_0,real_group_sampling_width,global_cutoff
0,0.6373066702796917,0.40616712963988244,176.92934961190198,-0.6373066702796917,0.022734415633769524,4
