,abs_amplitude,amplitude_squared,surface_energy,param_0,real_group_sampling_width,global_cutoff
0,0.010127158845596252,0.00016112273947448437,12.191766074008806,-0.0002178914676342082,0.10730844904850412,0
