,abs_amplitude,amplitude_squared,surface_energy,param_0,real_group_sampling_width,global_cutoff
0,0.502993166109229,0.2530780127584977,43.24173622290261,0.502993166109229,0.07374377422073014,24
