,abs_amplitude,amplitude_squared,surface_energy,param_0,real_group_sampling_width,global_cutoff
0,0.010348467985250773,0.00016547778122009076,36.96046130182834,-0.000986846492723762,0.10145859934640855,4
