,abs_amplitude,amplitude_squared,surface_energy,param_0,real_group_sampling_width,global_cutoff
0,0.009107699669523739,0.00012037513709115193,27.098570772791756,0.00015983066935075922,0.10671162441187779,151
