,abs_amplitude,amplitude_squared,surface_energy,param_0,real_group_sampling_width,global_cutoff
0,0.5723870050932477,0.32766995026528284,52.71037966636322,0.5723870050932477,0.05704297947027026,0
