,abs_amplitude,amplitude_squared,surface_energy,param_0,real_group_sampling_width,global_cutoff
0,0.6069826566106714,0.36846557011602654,52.650001845956844,-0.6069826566106714,0.05271417361545267,5
