,abs_amplitude,amplitude_squared,surface_energy,param_0,real_group_sampling_width,global_cutoff
0,0.007612068124968546,9.184818835534973e-05,10.013510412397252,3.804845504741741e-05,0.08194461410783964,15
