,abs_amplitude,amplitude_squared,surface_energy,param_0,real_group_sampling_width,global_cutoff
0,0.011963150845746917,0.0002280960610452371,19.107224952889723,0.00045602081418379657,0.1304262189737301,6
