,abs_amplitude,amplitude_squared,surface_energy,param_0,real_group_sampling_width,global_cutoff
0,0.4693638785687763,0.22046463482193185,39.15603440890802,0.4693638785687763,0.11641201290233379,205
