,abs_amplitude,amplitude_squared,surface_energy,param_0,real_group_sampling_width,global_cutoff
0,0.03466248432570555,0.001954182414103965,27.819171558652332,-0.0025173863951611602,0.3363484173679156,112
