,abs_amplitude,amplitude_squared,surface_energy,param_0,real_group_sampling_width,global_cutoff
0,0.6586653963990057,0.43394631586333343,145.11070031761707,0.6586653963990057,0.02457665501629933,0
