,abs_amplitude,amplitude_squared,surface_energy,param_0,real_group_sampling_width,global_cutoff
0,0.011615745126836576,0.00020358690454502106,20.48156685604024,-8.869989305649571e-05,0.1233580121981384,23
