,abs_amplitude,amplitude_squared,surface_energy,param_0,real_group_sampling_width,global_cutoff
0,0.5932125465521058,0.351949743708741,49.737136076466825,-0.5932125465521058,0.05979641327717761,2
