,abs_amplitude,amplitude_squared,surface_energy,param_0,real_group_sampling_width,global_cutoff
0,0.021570546723327495,0.0007438816981349807,39.68375221669775,0.0003876965441166077,0.20896480004399817,4
