,abs_amplitude,amplitude_squared,surface_energy,param_0,real_group_sampling_width,global_cutoff
0,0.4809261743296261,0.23131668069164232,92.58372297333737,-0.4809261743296261,0.04241322204276049,4
