,abs_amplitude,amplitude_squared,surface_energy,param_0,real_group_sampling_width,global_cutoff
0,0.5215609286554345,0.2720717173523731,366.1518671038353,-0.5215609286554345,0.019415049659619075,2
