,abs_amplitude,amplitude_squared,surface_energy,param_0,real_group_sampling_width,global_cutoff
0,0.6643543511022579,0.4414406686276421,539.506710014046,0.6643543511022579,0.012382007710983177,3
