,abs_amplitude,amplitude_squared,surface_energy,param_0,real_group_sampling_width,global_cutoff
0,0.5785992947061093,0.3348474995801061,219.75073648225037,0.5785992947061093,0.022774703853699726,0
