,abs_amplitude,amplitude_squared,surface_energy,param_0,real_group_sampling_width,global_cutoff
0,0.45610688050307535,0.20803487474739488,3552.3910512399398,0.45610688050307535,0.008567286998103319,2
