,abs_amplitude,amplitude_squared,surface_energy,param_0,real_group_sampling_width,global_cutoff
0,0.6292288320882119,0.39594469643610153,91.23346163353689,-0.6292288320882119,0.034122877654914625,6
