,abs_amplitude,amplitude_squared,surface_energy,param_0,real_group_sampling_width,global_cutoff
0,0.00874511878149577,0.00012438394608149414,23.8229807314203,0.0009091885278687924,0.09391438017944458,3
