,abs_amplitude,amplitude_squared,surface_energy,param_0,real_group_sampling_width,global_cutoff
0,0.13112663390910462,0.021281571993048577,31.63814583527978,0.0031067033853557713,0.6254341474913261,12
