,abs_amplitude,amplitude_squared,surface_energy,param_0,real_group_sampling_width,global_cutoff
0,0.006420979886481436,6.523514714291338e-05,15.76640837579425,-0.0005280296074616708,0.06573844645926694,2
