,abs_amplitude,amplitude_squared,surface_energy,param_0,real_group_sampling_width,global_cutoff
0,0.011085147856696202,0.00019108199921603834,23.356848276163085,-0.0008516435529237719,0.1121699155127316,14
