,abs_amplitude,amplitude_squared,surface_energy,param_0,real_group_sampling_width,global_cutoff
0,0.01887663919609102,0.0005343713515858012,46.81643257710509,0.000976872115628019,0.17718682424997403,28
