,abs_amplitude,amplitude_squared,surface_energy,param_0,real_group_sampling_width,global_cutoff
0,0.5839274003482794,0.3410178370656311,49.7012837045453,0.5839274003482794,0.057264960913763874,0
