,abs_amplitude,amplitude_squared,surface_energy,param_0,real_group_sampling_width,global_cutoff
0,0.4555421435118087,0.2075771450392869,61.34964891463389,-0.4555421435118087,0.06059178357080284,4
