,abs_amplitude,amplitude_squared,surface_energy,param_0,real_group_sampling_width,global_cutoff
0,0.01577999702422358,0.0003774938286869579,22.076525078793082,0.0003977888158276838,0.15207929259766612,4
