,abs_amplitude,amplitude_squared,surface_energy,param_0,real_group_sampling_width,global_cutoff
0,0.6037425950971963,0.36451500653062935,160.19597752303747,0.6037425950971963,0.024590989909620227,45
