,abs_amplitude,amplitude_squared,surface_energy,param_0,real_group_sampling_width,global_cutoff
0,0.010505309343088735,0.00017603383078766176,15.46173719597567,-0.00040688168972350774,0.10422817359299003,14
