,abs_amplitude,amplitude_squared,surface_energy,param_0,real_group_sampling_width,global_cutoff
0,0.45690777735910315,0.20884837324778244,48.540206357029895,0.45690777735910315,0.0730685955653916,24
