,abs_amplitude,amplitude_squared,surface_energy,param_0,real_group_sampling_width,global_cutoff
0,0.3851110140293193,0.14849532219347858,48.49764940810157,0.3851110140293193,0.0789334273125811,0
