,abs_amplitude,amplitude_squared,surface_energy,param_0,real_group_sampling_width,global_cutoff
0,0.358121491110148,0.1284786558167432,35.02735273772956,0.358121491110148,0.11322983367791138,1
