,abs_amplitude,amplitude_squared,surface_energy,param_0,real_group_sampling_width,global_cutoff
0,0.4915850879279108,0.24179724017209242,41.892791067194814,-0.4915850879279108,0.104620150345096,20
