,abs_amplitude,amplitude_squared,surface_energy,param_0,real_group_sampling_width,global_cutoff
0,0.008450443125173825,0.00011187006044692745,8.511631209665618,0.0006059909826292109,0.0854460752377106,40
