,abs_amplitude,amplitude_squared,surface_energy,param_0,real_group_sampling_width,global_cutoff
0,0.013254119643414754,0.00027974961210866446,22.781637904749065,-0.0010822608275206946,0.13737477079665433,0
