,abs_amplitude,amplitude_squared,surface_energy,param_0,real_group_sampling_width,global_cutoff
0,0.5114199849166232,0.2616355554013261,41.935796919994885,0.5114199849166232,0.08011174268966774,22
