,abs_amplitude,amplitude_squared,surface_energy,param_0,real_group_sampling_width,global_cutoff
0,0.35286030329975243,0.12452860985560968,279.07357416244173,-0.35286030329975243,0.03669990959506383,24
