,abs_amplitude,amplitude_squared,surface_energy,param_0,real_group_sampling_width,global_cutoff
0,0.014160022648347025,0.00032184118231177284,21.151862098767516,0.0010966471231052828,0.13446129326643536,0
