,abs_amplitude,amplitude_squared,surface_energy,param_0,real_group_sampling_width,global_cutoff
0,0.3610595240215058,0.13073449120033118,35.16505379265579,-0.3610595240215058,0.14805309944603928,0
