,abs_amplitude,amplitude_squared,surface_energy,param_0,real_group_sampling_width,global_cutoff
0,0.01371042930561946,0.00029143175793805984,18.226502611049824,0.0004049202248633394,0.1362005269264521,27
