,abs_amplitude,amplitude_squared,surface_energy,param_0,real_group_sampling_width,global_cutoff
0,0.006166415018639566,5.957326201007291e-05,25.999888835894936,-0.0005377977479327976,0.06261404009570296,24
