,abs_amplitude,amplitude_squared,surface_energy,param_0,real_group_sampling_width,global_cutoff
0,0.009571344249059269,0.0001498526062184909,24.070393470542744,0.0008339303802337467,0.10096942638955377,12
