,abs_amplitude,amplitude_squared,surface_energy,param_0,real_group_sampling_width,global_cutoff
0,0.5128331976554843,0.26308865386664076,80.32260042585173,0.5128331976554843,0.04331537849463398,2
