,abs_amplitude,amplitude_squared,surface_energy,param_0,real_group_sampling_width,global_cutoff
0,0.00874889164709288,0.00011933551988372756,9.520469371632036,0.0009597967027547123,0.08859131767702624,1
