,abs_amplitude,amplitude_squared,surface_energy,param_0,real_group_sampling_width,global_cutoff
0,0.010365097326643898,0.00016667929198653178,21.56967602791183,-0.00043796146292566124,0.10430124872392915,1
