,abs_amplitude,amplitude_squared,surface_energy,param_0,real_group_sampling_width,global_cutoff
0,0.012201674147042388,0.00023636026416969843,28.319096714579274,-0.00045515973686472886,0.11753926592258758,26
