,abs_amplitude,amplitude_squared,surface_energy,param_0,real_group_sampling_width,global_cutoff
0,0.006733712390007144,7.124281269762371e-05,25.02890406194965,-0.00017648349683825225,0.07529144237423137,0
