,abs_amplitude,amplitude_squared,surface_energy,param_0,real_group_sampling_width,global_cutoff
0,0.008249580367343587,0.00010666895159916732,15.232454673547094,0.0004691593730976252,0.08684295199146481,30
