,abs_amplitude,amplitude_squared,surface_energy,param_0,real_group_sampling_width,global_cutoff
0,0.015425397326732114,0.00037901992040378435,29.762953467528284,0.0005432396875725532,0.1665506059880892,85
