,abs_amplitude,amplitude_squared,surface_energy,param_0,real_group_sampling_width,global_cutoff
0,0.6306685881000913,0.3977530284444753,5305.114228581068,-0.6306685881000913,0.005345338385974348,2
