,abs_amplitude,amplitude_squared,surface_energy,param_0,real_group_sampling_width,global_cutoff
0,0.011003951859546562,0.00019686237712085092,12.150330323033934,-0.0005962078907726253,0.11100090559151753,6
