,abs_amplitude,amplitude_squared,surface_energy,param_0,real_group_sampling_width,global_cutoff
0,0.5345744344524281,0.2858443038099278,43.78061791247663,0.5345744344524281,0.07483728010468076,3
