,abs_amplitude,amplitude_squared,surface_energy,param_0,real_group_sampling_width,global_cutoff
0,0.008389103750140106,0.0001070332738720577,16.320463515716067,-0.0006779073166668489,0.0860317296757902,25
