,abs_amplitude,amplitude_squared,surface_energy,param_0,real_group_sampling_width,global_cutoff
0,0.6351456166341104,0.4034322335693209,59.29817355929617,0.6351456166341104,0.043440370621204545,12
