,abs_amplitude,amplitude_squared,surface_energy,param_0,real_group_sampling_width,global_cutoff
0,0.6060313109659999,0.36731136987380236,54.51994498220965,-0.6060313109659999,0.05231179421938185,43
