,abs_amplitude,amplitude_squared,surface_energy,param_0,real_group_sampling_width,global_cutoff
0,0.024534128757911118,0.000962205793499721,25.900651440111275,0.00013948253989769368,0.22358284039604837,3
