,abs_amplitude,amplitude_squared,surface_energy,param_0,real_group_sampling_width,global_cutoff
0,0.007272975779928458,8.17452233165157e-05,29.64840477150853,-0.0001337149687463717,0.08208914905820126,54
