,abs_amplitude,amplitude_squared,surface_energy,param_0,real_group_sampling_width,global_cutoff
0,0.02428290385420026,0.0009061376180104534,29.127822056880355,0.001621490557134069,0.22590128676765994,3
