,abs_amplitude,amplitude_squared,surface_energy,param_0,real_group_sampling_width,global_cutoff
0,0.07711559882317015,0.007349547887167962,51.74358787070524,0.0014013482312872328,0.47260753078424167,3
