,abs_amplitude,amplitude_squared,surface_energy,param_0,real_group_sampling_width,global_cutoff
0,0.01452425081984394,0.00032524093233615476,36.449925690622216,-0.0015881521417251418,0.14831662526370487,0
