,abs_amplitude,amplitude_squared,surface_energy,param_0,real_group_sampling_width,global_cutoff
0,0.2721314443784151,0.07419538568707619,70.42379144140318,-0.2721314443784151,0.09554127791632011,2
