,abs_amplitude,amplitude_squared,surface_energy,param_0,real_group_sampling_width,global_cutoff
0,0.006577362565517955,6.536060650933875e-05,22.388870034407688,-3.313726391461935e-06,0.06783002022056897,0
