,abs_amplitude,amplitude_squared,surface_energy,param_0,real_group_sampling_width,global_cutoff
0,0.007930421625645312,9.827441289153437e-05,10.689695290951308,0.00019373439592697275,0.08074516485986374,21
