,abs_amplitude,amplitude_squared,surface_energy,param_0,real_group_sampling_width,global_cutoff
0,0.35986636537136335,0.13055048404085148,40.186542829701814,0.35986636537136335,0.2364059759118314,0
