,abs_amplitude,amplitude_squared,surface_energy,param_0,real_group_sampling_width,global_cutoff
0,0.5432837683112928,0.29519746810149167,57.38921930037979,0.5432837683112928,0.05283420279995635,4
