,abs_amplitude,amplitude_squared,surface_energy,param_0,real_group_sampling_width,global_cutoff
0,0.3568072754558939,0.1276012753358632,34.21539471538206,-0.3568072754558939,0.12459370154195817,0
