,abs_amplitude,amplitude_squared,surface_energy,param_0,real_group_sampling_width,global_cutoff
0,0.009279861262076599,0.00013492177528257978,16.676242902941745,-0.0007819269808167256,0.09352631198722249,5
