,abs_amplitude,amplitude_squared,surface_energy,param_0,real_group_sampling_width,global_cutoff
0,0.6374658875721447,0.40637489466534243,110.06824899925518,-0.6374658875721447,0.028945042271631007,10
