,abs_amplitude,amplitude_squared,surface_energy,param_0,real_group_sampling_width,global_cutoff
0,0.017564822427864016,0.00045771476890621264,27.31867928703691,-0.0005824825784261017,0.16499809177108443,1
