,abs_amplitude,amplitude_squared,surface_energy,param_0,real_group_sampling_width,global_cutoff
0,0.6678553559903758,0.4460428101655628,90.74186578563406,-0.6678553559903758,0.03243813399831553,2
