,abs_amplitude,amplitude_squared,surface_energy,param_0,real_group_sampling_width,global_cutoff
0,0.009635624221373826,0.00015017851330310382,13.487895433079824,-0.0003947582945501833,0.10732268956109992,19
