,abs_amplitude,amplitude_squared,surface_energy,param_0,real_group_sampling_width,global_cutoff
0,0.4189906959470876,0.17569639701852696,37.78474456997638,-0.4189906959470876,0.10164647152772549,49
