,abs_amplitude,amplitude_squared,surface_energy,param_0,real_group_sampling_width,global_cutoff
0,0.009630386243795726,0.00014782755661311915,23.757790596015983,0.00025874142711910375,0.09990174863247238,11
