,abs_amplitude,amplitude_squared,surface_energy,param_0,real_group_sampling_width,global_cutoff
0,0.008505927073755358,0.00011641387378603297,31.26750697191331,-0.00048079154521065906,0.09701343074145573,74
