,abs_amplitude,amplitude_squared,surface_energy,param_0,real_group_sampling_width,global_cutoff
0,0.008695449183292209,0.00011853270510571227,14.215826809551944,0.0004914743005635672,0.0913503697519732,40
