,abs_amplitude,amplitude_squared,surface_energy,param_0,real_group_sampling_width,global_cutoff
0,0.008111861226712726,0.00010270072567581175,10.950432068234585,-6.416453866906204e-05,0.08488736820869568,3
