,abs_amplitude,amplitude_squared,surface_energy,param_0,real_group_sampling_width,global_cutoff
0,0.009714487585763567,0.00014779542368082164,13.400681833408342,3.133422344280991e-05,0.10021489205885506,25
