,abs_amplitude,amplitude_squared,surface_energy,param_0,real_group_sampling_width,global_cutoff
0,0.0169904913556616,0.00042706909743252594,21.221939826588525,-0.0005385135495076584,0.1642469402336199,102
