,abs_amplitude,amplitude_squared,surface_energy,param_0,real_group_sampling_width,global_cutoff
0,0.48934099692211774,0.23948079085395307,94.03647581943108,0.48934099692211774,0.04405330799097628,67
