,abs_amplitude,amplitude_squared,surface_energy,param_0,real_group_sampling_width,global_cutoff
0,0.5804997319941205,0.33731225661594977,79.79513316398352,0.5804997319941205,0.042664837165684824,0
