,abs_amplitude,amplitude_squared,surface_energy,param_0,real_group_sampling_width,global_cutoff
0,0.49106758754750734,0.2413345097944805,344.6444301911568,-0.49106758754750734,0.023414051395357762,2
