,abs_amplitude,amplitude_squared,surface_energy,param_0,real_group_sampling_width,global_cutoff
0,0.42881931515652644,0.18430490482167752,41.723645671056325,0.42881931515652644,0.1616981093385215,5
