,abs_amplitude,amplitude_squared,surface_energy,param_0,real_group_sampling_width,global_cutoff
0,0.012867160139166497,0.0002750103607329514,32.63138448071962,-0.0003827877646315203,0.13180068353756927,8
