,abs_amplitude,amplitude_squared,surface_energy,param_0,real_group_sampling_width,global_cutoff
0,0.48734134980045024,0.23764969108741832,40.77145283559361,-0.48734134980045024,0.08012602925030653,0
