,abs_amplitude,amplitude_squared,surface_energy,param_0,real_group_sampling_width,global_cutoff
0,0.01321928906159003,0.0002681656628165333,29.85430796350677,0.001925818207863194,0.14659047418843824,94
