,abs_amplitude,amplitude_squared,surface_energy,param_0,real_group_sampling_width,global_cutoff
0,0.012381364278839483,0.0002434600158453934,21.870191896511784,0.0001633310838092924,0.12858771604109673,21
