,abs_amplitude,amplitude_squared,surface_energy,param_0,real_group_sampling_width,global_cutoff
0,0.6704975860632354,0.4495692610061967,6046.938384857806,0.6704975860632354,0.004843285952708093,4
