,abs_amplitude,amplitude_squared,surface_energy,param_0,real_group_sampling_width,global_cutoff
0,0.20990709850766798,0.0449512702612361,31.125523279129677,0.17648516673959988,0.2031557801144453,59
