,abs_amplitude,amplitude_squared,surface_energy,param_0,real_group_sampling_width,global_cutoff
0,0.00622097411269906,6.10777242505995e-05,25.03695088572564,-0.00012435650282414373,0.06705025559823796,0
