,abs_amplitude,amplitude_squared,surface_energy,param_0,real_group_sampling_width,global_cutoff
0,0.6092200178315315,0.371175570691375,62.22122580204228,0.6092200178315315,0.045431428716867506,2
