,abs_amplitude,amplitude_squared,surface_energy,param_0,real_group_sampling_width,global_cutoff
0,0.60448451079469,0.36542296419477055,74.44072055234884,-0.60448451079469,0.03956831390893121,21
