,abs_amplitude,amplitude_squared,surface_energy,param_0,real_group_sampling_width,global_cutoff
0,0.4741535589025231,0.2248286160586389,333.8262063235023,0.4741535589025231,0.024635462720740492,118
