,abs_amplitude,amplitude_squared,surface_energy,param_0,real_group_sampling_width,global_cutoff
0,0.008238934426143233,0.00010914222392809833,26.205179959094103,0.00019012036643467576,0.08952019856880727,16
