,abs_amplitude,amplitude_squared,surface_energy,param_0,real_group_sampling_width,global_cutoff
0,0.012890734460242704,0.00026375791907384225,23.258769687761102,0.00021174730187706648,0.11969034780075405,17
