,abs_amplitude,amplitude_squared,surface_energy,param_0,real_group_sampling_width,global_cutoff
0,0.45633072002466407,0.2083309672014265,44.59738358539417,-0.45633072002466407,0.07677871432637366,1
