,abs_amplitude,amplitude_squared,surface_energy,param_0,real_group_sampling_width,global_cutoff
0,0.02022117398562214,0.0006316613897602677,25.40055782376616,0.0003967154154311038,0.22247417998167746,89
