,abs_amplitude,amplitude_squared,surface_energy,param_0,real_group_sampling_width,global_cutoff
0,0.021111801130754157,0.0006900022262533285,27.879486650045507,0.0005293449994650195,0.21216878945455814,0
