,abs_amplitude,amplitude_squared,surface_energy,param_0,real_group_sampling_width,global_cutoff
0,0.006995171245215072,7.47130863852509e-05,18.774931328040626,0.0009383285299161279,0.0747164258439303,56
