,abs_amplitude,amplitude_squared,surface_energy,param_0,real_group_sampling_width,global_cutoff
0,0.011500426186062422,0.0002007410046193277,22.217231123849864,-0.00013483134702420033,0.12133024143852549,32
