,abs_amplitude,amplitude_squared,surface_energy,param_0,real_group_sampling_width,global_cutoff
0,0.532958308958506,0.2840657453278547,102.70318886583568,-0.532958308958506,0.0381119943979529,6
