,abs_amplitude,amplitude_squared,surface_energy,param_0,real_group_sampling_width,global_cutoff
0,0.014048114242451141,0.00032368897646699324,27.150069758036082,-0.0011469108998903895,0.14998418367780914,93
