,abs_amplitude,amplitude_squared,surface_energy,param_0,real_group_sampling_width,global_cutoff
0,0.012537324826874165,0.0002517387999685317,18.34268216383415,0.0009082250197767014,0.13295306731926004,41
