,abs_amplitude,amplitude_squared,surface_energy,param_0,real_group_sampling_width,global_cutoff
0,0.3802653849620655,0.1449580706235622,37.41648384153422,-0.3802653849620655,0.1770538198207539,115
