,abs_amplitude,amplitude_squared,surface_energy,param_0,real_group_sampling_width,global_cutoff
0,0.008095398168762641,0.00010358340441300879,30.989977367287786,-0.0007926462969199883,0.08659388637678825,0
