,abs_amplitude,amplitude_squared,surface_energy,param_0,real_group_sampling_width,global_cutoff
0,0.006357814598394041,6.182761181069934e-05,19.707915687626592,-0.00042569706891222375,0.06611475987985187,11
