,abs_amplitude,amplitude_squared,surface_energy,param_0,real_group_sampling_width,global_cutoff
0,0.3242613406184827,0.10669677795578303,39.800867088621025,-0.3147439563681687,0.29029134899420633,304
