,abs_amplitude,amplitude_squared,surface_energy,param_0,real_group_sampling_width,global_cutoff
0,0.006448343293686144,6.43788390995995e-05,23.35181354984254,-0.0001776080113985927,0.06528212268085103,15
