,abs_amplitude,amplitude_squared,surface_energy,param_0,real_group_sampling_width,global_cutoff
0,0.009053187720157563,0.00012980416385378673,20.547395322474074,4.417140331553882e-05,0.09943638386027936,9
