,abs_amplitude,amplitude_squared,surface_energy,param_0,real_group_sampling_width,global_cutoff
0,0.013710576657507577,0.00028955350177786867,222.76792615486755,0.0009116944998144,0.14702326805172178,13
