,abs_amplitude,amplitude_squared,surface_energy,param_0,real_group_sampling_width,global_cutoff
0,0.6014700036045268,0.36179530560612283,56.80610774973514,-0.6014700036045268,0.04758642593314919,12
