,abs_amplitude,amplitude_squared,surface_energy,param_0,real_group_sampling_width,global_cutoff
0,0.00712906873543616,7.756608672395536e-05,11.361242840703149,0.00021587149057789728,0.07351942368748603,0
