,abs_amplitude,amplitude_squared,surface_energy,param_0,real_group_sampling_width,global_cutoff
0,0.46241505991019394,0.21388898687179136,54.45860658305672,0.46241505991019394,0.06277191172485376,36
