,abs_amplitude,amplitude_squared,surface_energy,param_0,real_group_sampling_width,global_cutoff
0,0.013786732813624832,0.0002935378564545694,23.883953886330218,0.0004405025802798156,0.13686226217389713,0
