,abs_amplitude,amplitude_squared,surface_energy,param_0,real_group_sampling_width,global_cutoff
0,0.013882126285564565,0.00030487218714251056,20.52977107269279,0.0008429316561354587,0.13147790445480048,1
