,abs_amplitude,amplitude_squared,surface_energy,param_0,real_group_sampling_width,global_cutoff
0,0.49412238677720616,0.24424937450975712,41.271335882864676,-0.49412238677720616,0.0770409345999814,1
