,abs_amplitude,amplitude_squared,surface_energy,param_0,real_group_sampling_width,global_cutoff
0,0.010778877540396853,0.00018396933780723967,14.803837056423362,-0.00018022245588811617,0.11220477571324917,44
