,abs_amplitude,amplitude_squared,surface_energy,param_0,real_group_sampling_width,global_cutoff
0,0.02548318022611066,0.0009891171910667948,26.737494066611653,-0.0016582943059572572,0.23179528918263534,23
