,abs_amplitude,amplitude_squared,surface_energy,param_0,real_group_sampling_width,global_cutoff
0,0.010261817917501108,0.00016513650550288656,29.384581334592575,-0.00010637248969688176,0.10498317107250837,14
