,abs_amplitude,amplitude_squared,surface_energy,param_0,real_group_sampling_width,global_cutoff
0,0.6226320518269588,0.387726326602685,78.54034035658078,-0.6226320518269588,0.038008828909239914,0
