,abs_amplitude,amplitude_squared,surface_energy,param_0,real_group_sampling_width,global_cutoff
0,0.017181230732143837,0.00044822819643041035,26.237988807171305,0.00038546221897894635,0.16661718172604176,37
