,abs_amplitude,amplitude_squared,surface_energy,param_0,real_group_sampling_width,global_cutoff
0,0.007925803933119435,9.508781095785273e-05,14.269128825556793,5.984565929385582e-05,0.07749225270155237,33
