,abs_amplitude,amplitude_squared,surface_energy,param_0,real_group_sampling_width,global_cutoff
0,0.01696540121890546,0.000453078881038662,58.23489150139102,-0.0017778098958475784,0.16514697461187872,5
