,abs_amplitude,amplitude_squared,surface_energy,param_0,real_group_sampling_width,global_cutoff
0,0.5594081786738379,0.312942119362279,398.16336974607776,-0.5594081786738379,0.017866862485564412,48
