,abs_amplitude,amplitude_squared,surface_energy,param_0,real_group_sampling_width,global_cutoff
0,0.018008632180365566,0.0005063454424682211,34.53964798739891,-0.0013880667695337374,0.17160805558985637,6
