,abs_amplitude,amplitude_squared,surface_energy,param_0,real_group_sampling_width,global_cutoff
0,0.007009446173468858,7.886376564406188e-05,10.83353163416301,-0.0002178671106472218,0.07534482664356491,11
