,abs_amplitude,amplitude_squared,surface_energy,param_0,real_group_sampling_width,global_cutoff
0,0.0069312119288449155,7.528015434092316e-05,23.531182386346355,-0.0001992312072139405,0.06885116904013255,65
