,abs_amplitude,amplitude_squared,surface_energy,param_0,real_group_sampling_width,global_cutoff
0,0.01868651682094822,0.0005330121498841873,22.329237390980435,-0.0012168006523189322,0.1736954290840161,7
