,abs_amplitude,amplitude_squared,surface_energy,param_0,real_group_sampling_width,global_cutoff
0,0.5620950529668473,0.3160138835934757,47.23442500971946,0.5620950529668473,0.06180406687444671,2
