,abs_amplitude,amplitude_squared,surface_energy,param_0,real_group_sampling_width,global_cutoff
0,0.011253761187163836,0.0001947756510690481,13.538861759487558,0.0010959288294608972,0.11554515085737435,1
