,abs_amplitude,amplitude_squared,surface_energy,param_0,real_group_sampling_width,global_cutoff
0,0.42301629921142175,0.17895420252109717,306.606435670168,-0.42301629921142175,0.03130837938340541,15
