,abs_amplitude,amplitude_squared,surface_energy,param_0,real_group_sampling_width,global_cutoff
0,0.008587990960053388,0.00011525268932596016,13.931504814259474,0.0003307701533720129,0.09527132974287607,59
