,abs_amplitude,amplitude_squared,surface_energy,param_0,real_group_sampling_width,global_cutoff
0,0.2773705836943799,0.07756632301728314,32.12020958018947,-0.2773705836943799,0.18993901694283113,0
