,abs_amplitude,amplitude_squared,surface_energy,param_0,real_group_sampling_width,global_cutoff
0,0.00877903163832266,0.00012229208060662012,45.975016984836245,0.0002991081066760905,0.10001977367928401,129
