,abs_amplitude,amplitude_squared,surface_energy,param_0,real_group_sampling_width,global_cutoff
0,0.011379232713450567,0.00020361632041702443,14.830316743340552,-0.0010714744078072335,0.12839660217362794,16
