,abs_amplitude,amplitude_squared,surface_energy,param_0,real_group_sampling_width,global_cutoff
0,0.006475312453568619,6.304895171213667e-05,20.4629501565628,-0.0005469000799475701,0.067458700830082,5
