,abs_amplitude,amplitude_squared,surface_energy,param_0,real_group_sampling_width,global_cutoff
0,0.007427010543028216,8.675225128749748e-05,21.11826700144127,-0.00013365329519362021,0.07532178098819058,3
