,abs_amplitude,amplitude_squared,surface_energy,param_0,real_group_sampling_width,global_cutoff
0,0.6158602638132602,0.37931100279746643,59.136486188753345,-0.6158602638132602,0.04447169443785263,4
