,abs_amplitude,amplitude_squared,surface_energy,param_0,real_group_sampling_width,global_cutoff
0,0.007943996767842333,0.00010043762629369422,9.26256481968259,-1.116286333721893e-05,0.08330643385583239,3
