,abs_amplitude,amplitude_squared,surface_energy,param_0,real_group_sampling_width,global_cutoff
0,0.04977970040219572,0.0037254594259260344,32.872755249573814,0.001006197343422699,0.3966797081101309,0
