,abs_amplitude,amplitude_squared,surface_energy,param_0,real_group_sampling_width,global_cutoff
0,0.009904858592952372,0.00015619538396341402,10.720668123836147,-5.520226968556502e-05,0.10779720430693211,0
