,abs_amplitude,amplitude_squared,surface_energy,param_0,real_group_sampling_width,global_cutoff
0,0.0064972577856542355,6.584267119627469e-05,20.635368844327402,0.0007159909613215387,0.06511884442636844,9
