,abs_amplitude,amplitude_squared,surface_energy,param_0,real_group_sampling_width,global_cutoff
0,0.007321605145196793,8.443931964352576e-05,17.52334717540111,-0.00021378945808539653,0.07368028065424614,3
