,abs_amplitude,amplitude_squared,surface_energy,param_0,real_group_sampling_width,global_cutoff
0,0.014691321422154437,0.00033913001961048407,19.732814390756296,-5.3340061959437304e-05,0.15130425190312194,0
