,abs_amplitude,amplitude_squared,surface_energy,param_0,real_group_sampling_width,global_cutoff
0,0.011504560231987442,0.00022048058794925968,12.488838781485565,-0.00018299675666299874,0.1419368471905029,152
