,abs_amplitude,amplitude_squared,surface_energy,param_0,real_group_sampling_width,global_cutoff
0,0.5153617521891921,0.2655986356401448,3968.1993507706784,0.5153617521891921,0.007291190921393728,1
