,abs_amplitude,amplitude_squared,surface_energy,param_0,real_group_sampling_width,global_cutoff
0,0.17119778743369368,0.030885462402396164,30.56345124878893,-0.02189318941159443,0.3481198733037825,82
