,abs_amplitude,amplitude_squared,surface_energy,param_0,real_group_sampling_width,global_cutoff
0,0.019631218486502452,0.0005972495583855937,24.90677060193101,0.0008373219244392608,0.20250104017646567,1
