,abs_amplitude,amplitude_squared,surface_energy,param_0,real_group_sampling_width,global_cutoff
0,0.0014387697360255856,3.429633387245402e-06,1884.9561309096082,-2.1715101357523596e-05,0.015503817704404512,4
