,abs_amplitude,amplitude_squared,surface_energy,param_0,real_group_sampling_width,global_cutoff
0,0.6850753279309424,0.4693298748516411,580.7439127247485,0.6850753279309424,0.011723814270963967,8
