,abs_amplitude,amplitude_squared,surface_energy,param_0,real_group_sampling_width,global_cutoff
0,0.030185821835460033,0.0014473143723304465,30.380718998477438,0.0012583492888736897,0.2750118287568048,3
