,abs_amplitude,amplitude_squared,surface_energy,param_0,real_group_sampling_width,global_cutoff
0,0.008995160922918724,0.00012655483224015152,20.75496626672936,-0.0008578505812007122,0.09822381291513758,109
