,abs_amplitude,amplitude_squared,surface_energy,param_0,real_group_sampling_width,global_cutoff
0,0.4035044393947403,0.1630445015669512,35.89008550079768,-0.4035044393947403,0.11867969831748282,6
