,abs_amplitude,amplitude_squared,surface_energy,param_0,real_group_sampling_width,global_cutoff
0,0.5799152848939991,0.3363532206335111,49.20866875527068,0.5799152848939991,0.05788138715508698,2
