,abs_amplitude,amplitude_squared,surface_energy,param_0,real_group_sampling_width,global_cutoff
0,0.6201189516783048,0.3845656052123546,104.40989030182457,-0.6201189516783048,0.03159003651608634,1
