,abs_amplitude,amplitude_squared,surface_energy,param_0,real_group_sampling_width,global_cutoff
0,0.010954178096939073,0.0001886180518992388,17.764501122175673,0.000241627069900151,0.11260025543212412,47
