,abs_amplitude,amplitude_squared,surface_energy,param_0,real_group_sampling_width,global_cutoff
0,0.009049263945390686,0.0001227373936098241,8.343359220762844,0.0004509287134534405,0.09128006416805559,57
