,abs_amplitude,amplitude_squared,surface_energy,param_0,real_group_sampling_width,global_cutoff
0,0.0074029190616319435,8.536577292278913e-05,13.481694503362718,0.0006417486483228978,0.0728612559864605,2
