,abs_amplitude,amplitude_squared,surface_energy,param_0,real_group_sampling_width,global_cutoff
0,0.6797902246912233,0.46212114928371784,156.2290913176385,0.6797902246912233,0.02240355362241758,4
