,abs_amplitude,amplitude_squared,surface_energy,param_0,real_group_sampling_width,global_cutoff
0,0.6673880081982481,0.4454145355238894,195.37001844939397,0.6673880081982481,0.02000008462810697,2
