,abs_amplitude,amplitude_squared,surface_energy,param_0,real_group_sampling_width,global_cutoff
0,0.00832925346784456,0.00011175449289306423,30.07635919443267,-0.00023902062896897296,0.1069067602345416,208
