,abs_amplitude,amplitude_squared,surface_energy,param_0,real_group_sampling_width,global_cutoff
0,0.45556143589837395,0.20754500564020714,322.9722055189191,0.45556143589837395,0.024982979165780777,37
