,abs_amplitude,amplitude_squared,surface_energy,param_0,real_group_sampling_width,global_cutoff
0,0.6006012754012849,0.3607633793916057,50.64885206285875,0.6006012754012849,0.05877141630350903,5
