,abs_amplitude,amplitude_squared,surface_energy,param_0,real_group_sampling_width,global_cutoff
0,0.06165768588497264,0.005465793034648629,29.25790176160756,-0.0020185153892789756,0.5228508851051435,83
