,abs_amplitude,amplitude_squared,surface_energy,param_0,real_group_sampling_width,global_cutoff
0,0.008588401820500366,0.00011966554379094118,13.872503981987792,-0.00014734166182129771,0.09416923292939543,68
