,abs_amplitude,amplitude_squared,surface_energy,param_0,real_group_sampling_width,global_cutoff
0,0.6807592186847821,0.4634337419883279,6273.706553752174,-0.6807592186847821,0.004999086450863069,3
