,abs_amplitude,amplitude_squared,surface_energy,param_0,real_group_sampling_width,global_cutoff
0,0.5672007676417207,0.3217735392199066,90.71865536769451,-0.5672007676417207,0.03780296121202505,0
