,abs_amplitude,amplitude_squared,surface_energy,param_0,real_group_sampling_width,global_cutoff
0,0.009252732602047209,0.00013257538184112427,11.253886406896084,0.00012438488910525102,0.10102511685257078,8
