,abs_amplitude,amplitude_squared,surface_energy,param_0,real_group_sampling_width,global_cutoff
0,0.009685840769023417,0.00014835842429584267,20.006635549721665,-0.00012538287481721278,0.10011259196784002,5
