,abs_amplitude,amplitude_squared,surface_energy,param_0,real_group_sampling_width,global_cutoff
0,0.07490588205290283,0.007702939237629809,29.434874094987475,-0.0003371884635365399,0.5261357817610497,9
