,abs_amplitude,amplitude_squared,surface_energy,param_0,real_group_sampling_width,global_cutoff
0,0.6445871145683093,0.4155263525656389,75.46301728899189,-0.6445871145683093,0.037093451579265614,0
