,abs_amplitude,amplitude_squared,surface_energy,param_0,real_group_sampling_width,global_cutoff
0,0.28908630658600315,0.08395989462842852,32.804340454615996,0.28908630658600315,0.15482522903002782,16
