,abs_amplitude,amplitude_squared,surface_energy,param_0,real_group_sampling_width,global_cutoff
0,0.588232024299441,0.34604620174324796,225.28514425975982,0.588232024299441,0.02327306418134026,2
