,abs_amplitude,amplitude_squared,surface_energy,param_0,real_group_sampling_width,global_cutoff
0,0.6870103032117039,0.4720773966197715,585.9003856120428,-0.6870103032117039,0.011853349847062288,4
