,abs_amplitude,amplitude_squared,surface_energy,param_0,real_group_sampling_width,global_cutoff
0,0.007585109332456298,8.538488443762879e-05,18.511103059750234,8.393423640680595e-06,0.07440075807808762,21
