,abs_amplitude,amplitude_squared,surface_energy,param_0,real_group_sampling_width,global_cutoff
0,0.007076823771016855,7.849711943419243e-05,14.203866984111711,0.0001672413798243035,0.07232553292402394,33
