,abs_amplitude,amplitude_squared,surface_energy,param_0,real_group_sampling_width,global_cutoff
0,0.006553670974853862,6.764527919607653e-05,15.648225749489207,-9.100059010581292e-06,0.07112071156728754,3
