,abs_amplitude,amplitude_squared,surface_energy,param_0,real_group_sampling_width,global_cutoff
0,0.1462049259374622,0.029878584836834265,39.02631150637793,0.010076031789608924,0.8228951758268065,25
