,abs_amplitude,amplitude_squared,surface_energy,param_0,real_group_sampling_width,global_cutoff
0,0.011700927617339471,0.00021742792668675762,18.74592903588152,0.0004932912804968713,0.12076804317926292,46
