,abs_amplitude,amplitude_squared,surface_energy,param_0,real_group_sampling_width,global_cutoff
0,0.012986084346226218,0.00026276701795472165,17.637570308079972,-0.00025756528971439664,0.1285256940067689,1
