,abs_amplitude,amplitude_squared,surface_energy,param_0,real_group_sampling_width,global_cutoff
0,0.021616331024218702,0.0007353924642893034,31.028628582966746,-0.001608135508687185,0.19032786991434086,18
