,abs_amplitude,amplitude_squared,surface_energy,param_0,real_group_sampling_width,global_cutoff
0,0.007719254129566708,9.11781039874627e-05,29.852682341975083,-0.0005356642850025764,0.08366638204812687,11
