,abs_amplitude,amplitude_squared,surface_energy,param_0,real_group_sampling_width,global_cutoff
0,0.006108974920100668,5.908676210878834e-05,21.099021493046283,-0.00010586315401708164,0.06437918509601345,0
