,abs_amplitude,amplitude_squared,surface_energy,param_0,real_group_sampling_width,global_cutoff
0,0.006937378716764161,7.393991607658862e-05,12.752352018212573,-5.5958358875670855e-05,0.07319185268567537,0
