,abs_amplitude,amplitude_squared,surface_energy,param_0,real_group_sampling_width,global_cutoff
0,0.5028243093150178,0.2528919396280962,48.56096698570773,-0.5028243093150178,0.06539241732314716,36
