,abs_amplitude,amplitude_squared,surface_energy,param_0,real_group_sampling_width,global_cutoff
0,0.5237102615042293,0.27433140466122846,50.53112000948838,-0.5237102615042293,0.06168171895515266,0
