,abs_amplitude,amplitude_squared,surface_energy,param_0,real_group_sampling_width,global_cutoff
0,0.63438386266352,0.40245267983372307,133.9189450954469,0.63438386266352,0.026997679643495538,12
