,abs_amplitude,amplitude_squared,surface_energy,param_0,real_group_sampling_width,global_cutoff
0,0.00674471893173055,7.121637813521446e-05,24.76818871913941,-0.00039088328511082196,0.07878321503430018,111
