,abs_amplitude,amplitude_squared,surface_energy,param_0,real_group_sampling_width,global_cutoff
0,0.6792950745766223,0.46145081225978174,126.91327875418703,-0.6792950745766223,0.025211112008101885,3
