,abs_amplitude,amplitude_squared,surface_energy,param_0,real_group_sampling_width,global_cutoff
0,0.01035334048247467,0.00017538031188568323,21.7120002204244,0.00042296051711102447,0.11356328325675845,0
