,abs_amplitude,amplitude_squared,surface_energy,param_0,real_group_sampling_width,global_cutoff
0,0.007958467052440693,9.948860386464432e-05,11.01486792079673,-0.0002766418261515029,0.0825988758333439,0
