,abs_amplitude,amplitude_squared,surface_energy,param_0,real_group_sampling_width,global_cutoff
0,0.007588706739362367,8.65085433284377e-05,17.773689126402072,0.00023234576746903918,0.07177000146211755,2
