,abs_amplitude,amplitude_squared,surface_energy,param_0,real_group_sampling_width,global_cutoff
0,0.6323118668299174,0.3999075224421866,255.52275117945078,0.6323118668299174,0.018822501740642063,0
