,abs_amplitude,amplitude_squared,surface_energy,param_0,real_group_sampling_width,global_cutoff
0,0.005511492582605668,4.894512268056442e-05,25.272311334097914,-0.00039565201666920494,0.06108357130875107,31
