,abs_amplitude,amplitude_squared,surface_energy,param_0,real_group_sampling_width,global_cutoff
0,0.6749795786472754,0.45560839605934245,153.45451467700923,0.6749795786472754,0.02296001215785207,1
