,abs_amplitude,amplitude_squared,surface_energy,param_0,real_group_sampling_width,global_cutoff
0,0.0068034235026996955,7.508610289415529e-05,21.778879354955272,-0.0002603024135868147,0.0701296071190718,17
