,abs_amplitude,amplitude_squared,surface_energy,param_0,real_group_sampling_width,global_cutoff
0,0.009162537209742376,0.00013240648728072812,17.911900796155322,0.0006083121853995765,0.0939245597095306,0
