,abs_amplitude,amplitude_squared,surface_energy,param_0,real_group_sampling_width,global_cutoff
0,0.36918606732889253,0.1363142335731003,284.60824457147197,-0.36918606732889253,0.035774962950617155,20
