,abs_amplitude,amplitude_squared,surface_energy,param_0,real_group_sampling_width,global_cutoff
0,0.011245691162716336,0.00019231513532264527,28.620230521082455,-0.0006321171688495904,0.11245659092594099,16
