,abs_amplitude,amplitude_squared,surface_energy,param_0,real_group_sampling_width,global_cutoff
0,0.0062972337817603285,6.364164285949007e-05,199.91999156079538,-0.00035437362601007717,0.068301939758298,18
