,abs_amplitude,amplitude_squared,surface_energy,param_0,real_group_sampling_width,global_cutoff
0,0.007524638338971592,8.662090655228252e-05,21.639697512505187,-0.0006465930889977769,0.07371741007169128,0
