,abs_amplitude,amplitude_squared,surface_energy,param_0,real_group_sampling_width,global_cutoff
0,0.007179179448055908,7.766185180903032e-05,19.275607797405556,-2.2673521730962626e-05,0.07012455600605447,0
