,abs_amplitude,amplitude_squared,surface_energy,param_0,real_group_sampling_width,global_cutoff
0,0.47509509215353474,0.22577850874273997,50.02543253245265,0.47509509215353474,0.06458165129907344,11
