,abs_amplitude,amplitude_squared,surface_energy,param_0,real_group_sampling_width,global_cutoff
0,0.4975291901895857,0.24757021899521706,95.48687276611744,-0.4975291901895857,0.040819008158314726,1
