,abs_amplitude,amplitude_squared,surface_energy,param_0,real_group_sampling_width,global_cutoff
0,0.5390092361522142,0.2905509678460072,104.13998489990641,-0.5390092361522142,0.03582944501059739,29
