,abs_amplitude,amplitude_squared,surface_energy,param_0,real_group_sampling_width,global_cutoff
0,0.38330015525212374,0.14697084425389148,79.38153297284492,0.38330015525212374,0.0636412322524085,11
