,abs_amplitude,amplitude_squared,surface_energy,param_0,real_group_sampling_width,global_cutoff
0,0.014900016435243633,0.000338967978140787,27.19089559883433,0.0007856824133666034,0.14888771259299124,8
