,abs_amplitude,amplitude_squared,surface_energy,param_0,real_group_sampling_width,global_cutoff
0,0.012418986224108983,0.00023724407125945987,26.035781060934312,0.0005853637973292784,0.1430743560115034,109
