,abs_amplitude,amplitude_squared,surface_energy,param_0,real_group_sampling_width,global_cutoff
0,0.5053976209241114,0.25546377341383236,67.22749252373217,0.5053976209241114,0.049536608351205796,72
