,abs_amplitude,amplitude_squared,surface_energy,param_0,real_group_sampling_width,global_cutoff
0,0.5598840482378815,0.3134705458156329,4379.217490790694,0.5598840482378815,0.006245790080240594,6
