,abs_amplitude,amplitude_squared,surface_energy,param_0,real_group_sampling_width,global_cutoff
0,0.00823426596015242,0.00010440654508610802,23.597956130827733,-0.0002365151247438644,0.09024108586962074,0
