,abs_amplitude,amplitude_squared,surface_energy,param_0,real_group_sampling_width,global_cutoff
0,0.011998751249839788,0.0002324779459993726,15.578638940326163,-0.0001386267193714057,0.1186059004093047,3
