,abs_amplitude,amplitude_squared,surface_energy,param_0,real_group_sampling_width,global_cutoff
0,0.5959543400743572,0.35527130465964113,51.177629892318016,0.5959543400743572,0.05525217146011845,0
