,abs_amplitude,amplitude_squared,surface_energy,param_0,real_group_sampling_width,global_cutoff
0,0.00645540029806621,6.480283526038331e-05,18.296322904968065,-0.0005820431496830928,0.06925945918719818,28
