,abs_amplitude,amplitude_squared,surface_energy,param_0,real_group_sampling_width,global_cutoff
0,0.34663555884688346,0.12070513035034261,36.596738375482616,0.34663555884688346,0.18351167892594605,13
