,abs_amplitude,amplitude_squared,surface_energy,param_0,real_group_sampling_width,global_cutoff
0,0.6722776508821704,0.45196193705535675,199.0411739212166,0.6722776508821704,0.02014486832858563,1
