,abs_amplitude,amplitude_squared,surface_energy,param_0,real_group_sampling_width,global_cutoff
0,0.01446360989589439,0.00033328730317793245,37.838466496625465,-0.00023150190407408375,0.14728727798111774,4
