,abs_amplitude,amplitude_squared,surface_energy,param_0,real_group_sampling_width,global_cutoff
0,0.01802589819582395,0.00048375765932934386,22.281330750903656,0.0004501889490309282,0.1646046463930789,1
