,abs_amplitude,amplitude_squared,surface_energy,param_0,real_group_sampling_width,global_cutoff
0,0.009659674176243914,0.0001474128187831199,9.231725023581884,-0.0008648642746207217,0.09636545694649246,5
