,abs_amplitude,amplitude_squared,surface_energy,param_0,real_group_sampling_width,global_cutoff
0,0.009524362871385358,0.00014041799764152825,66.88604286814055,0.00116203699684695,0.11111703832650313,110
