,abs_amplitude,amplitude_squared,surface_energy,param_0,real_group_sampling_width,global_cutoff
0,0.38698271850886734,0.14992151731985998,37.83533050055449,-0.38698271850886734,0.1015349130580907,1
