,abs_amplitude,amplitude_squared,surface_energy,param_0,real_group_sampling_width,global_cutoff
0,0.012477738717724366,0.00024337267871744184,16.39140875261061,0.00023766186149241204,0.12564945313616063,45
