,abs_amplitude,amplitude_squared,surface_energy,param_0,real_group_sampling_width,global_cutoff
0,0.5167620245264498,0.2670797989505674,60.34968870376053,0.5167620245264498,0.054532058238909116,2
