,abs_amplitude,amplitude_squared,surface_energy,param_0,real_group_sampling_width,global_cutoff
0,0.4004734413837289,0.1604536737879277,56.40294091065004,-0.4004734413837289,0.0717093488595988,1
