,abs_amplitude,amplitude_squared,surface_energy,param_0,real_group_sampling_width,global_cutoff
0,0.015086889013911827,0.0003439434258186359,20.684341028130916,0.0019687514896282797,0.15193914177570558,11
