,abs_amplitude,amplitude_squared,surface_energy,param_0,real_group_sampling_width,global_cutoff
0,0.5692074091688321,0.3240509570775378,61.03786925178516,-0.5692074091688321,0.05015215265089942,0
