,abs_amplitude,amplitude_squared,surface_energy,param_0,real_group_sampling_width,global_cutoff
0,0.566979238542832,0.3215013043331364,55.75180262284455,0.566979238542832,0.05525384360270092,132
