,abs_amplitude,amplitude_squared,surface_energy,param_0,real_group_sampling_width,global_cutoff
0,0.00722972814504975,8.571283369022125e-05,22.943270154153595,5.19315707103646e-05,0.07691623118375192,65
