,abs_amplitude,amplitude_squared,surface_energy,param_0,real_group_sampling_width,global_cutoff
0,0.0074132930777052785,7.955406151202856e-05,10.89754430845426,-0.00039757775051873346,0.07144249067342427,0
