,abs_amplitude,amplitude_squared,surface_energy,param_0,real_group_sampling_width,global_cutoff
0,0.509176266535394,0.25927806916051194,128.11916525177588,-0.509176266535394,0.03891118331420177,118
