,abs_amplitude,amplitude_squared,surface_energy,param_0,real_group_sampling_width,global_cutoff
0,0.00941038021127055,0.00014149286991804491,10.422834680251341,0.0007828813913525127,0.09845969167462877,0
