,abs_amplitude,amplitude_squared,surface_energy,param_0,real_group_sampling_width,global_cutoff
0,0.009606993008156234,0.00013921525768461013,10.804199201572011,0.00016042020907198188,0.09318502231550851,2
