,abs_amplitude,amplitude_squared,surface_energy,param_0,real_group_sampling_width,global_cutoff
0,0.6102768763917271,0.3724785946600729,53.140381431809026,-0.6102768763917271,0.05325711249428745,15
