,abs_amplitude,amplitude_squared,surface_energy,param_0,real_group_sampling_width,global_cutoff
0,0.6437242358773853,0.41440720732397596,503.2044753259154,0.6437242358773853,0.013916185943784179,3
