,abs_amplitude,amplitude_squared,surface_energy,param_0,real_group_sampling_width,global_cutoff
0,0.006821107482815788,7.439126513741429e-05,12.520499600605083,2.901088106362154e-05,0.0743828837390664,1
