,abs_amplitude,amplitude_squared,surface_energy,param_0,real_group_sampling_width,global_cutoff
0,0.6412716471094791,0.41123910189819923,136.72277046435653,0.6412716471094791,0.02514928339621736,19
