,abs_amplitude,amplitude_squared,surface_energy,param_0,real_group_sampling_width,global_cutoff
0,0.015203980528328163,0.00037103815348052275,56.702453617166675,0.0012237001278147272,0.15667697880686246,55
