,abs_amplitude,amplitude_squared,surface_energy,param_0,real_group_sampling_width,global_cutoff
0,0.008763263241845114,0.00012116821651451295,31.863090816636713,-0.0009777111590182042,0.08941380502556712,5
