,abs_amplitude,amplitude_squared,surface_energy,param_0,real_group_sampling_width,global_cutoff
0,0.006812265297702583,7.530687237038655e-05,8.347106663236206,0.00046961103422585694,0.07425637044182617,0
