,abs_amplitude,amplitude_squared,surface_energy,param_0,real_group_sampling_width,global_cutoff
0,0.016206975683379938,0.0004033050609452615,22.470168119540396,-0.0005684489829037284,0.1765368412406645,102
