,abs_amplitude,amplitude_squared,surface_energy,param_0,real_group_sampling_width,global_cutoff
0,0.011252686451201328,0.00019819506207081804,13.595671753582458,-0.0014026485339241202,0.10776342702505776,0
