,abs_amplitude,amplitude_squared,surface_energy,param_0,real_group_sampling_width,global_cutoff
0,0.011776204079966593,0.000207491527923129,19.409358716906684,-0.000331709410121094,0.11493039127100131,0
