,abs_amplitude,amplitude_squared,surface_energy,param_0,real_group_sampling_width,global_cutoff
0,0.021687650910176125,0.0007753186656355511,33.17251340874251,0.002331822675188808,0.2623267342114223,174
