,abs_amplitude,amplitude_squared,surface_energy,param_0,real_group_sampling_width,global_cutoff
0,0.3318440387314775,0.11015611863674593,143.29132872572043,0.3318440387314775,0.051603560033057494,40
