,abs_amplitude,amplitude_squared,surface_energy,param_0,real_group_sampling_width,global_cutoff
0,0.0140658323495575,0.00031594565052422963,34.3671171669863,0.0006847537676171906,0.14506400790085192,87
