,abs_amplitude,amplitude_squared,surface_energy,param_0,real_group_sampling_width,global_cutoff
0,0.028744356181887996,0.0013108552114514784,27.171015340612716,0.00201105582915347,0.2573960014903565,0
