,abs_amplitude,amplitude_squared,surface_energy,param_0,real_group_sampling_width,global_cutoff
0,0.01961244247208797,0.0006253571098995899,23.98211719626146,0.000382288271535444,0.22902058361317745,155
