,abs_amplitude,amplitude_squared,surface_energy,param_0,real_group_sampling_width,global_cutoff
0,0.010914704391231326,0.00018402555066970356,39.42441107064932,0.0009180974606343928,0.11304691714542887,43
