,abs_amplitude,amplitude_squared,surface_energy,param_0,real_group_sampling_width,global_cutoff
0,0.009103327573370141,0.0001336849501930068,10.12502525201922,2.0331955698819693e-05,0.10252554974893077,59
