,abs_amplitude,amplitude_squared,surface_energy,param_0,real_group_sampling_width,global_cutoff
0,0.6337322760408234,0.401637162014497,66.71875114028813,0.6337322760408234,0.03946688826438474,36
