,abs_amplitude,amplitude_squared,surface_energy,param_0,real_group_sampling_width,global_cutoff
0,0.48230283857464645,0.23266079944321216,64.29579006966313,-0.48230283857464645,0.05544091539640916,1
