,abs_amplitude,amplitude_squared,surface_energy,param_0,real_group_sampling_width,global_cutoff
0,0.007040721285832241,7.636709308947601e-05,21.02790147452575,-0.000344028892139366,0.08500025174786616,138
