,abs_amplitude,amplitude_squared,surface_energy,param_0,real_group_sampling_width,global_cutoff
0,0.01530678876523134,0.000388913510844507,21.390038197982285,-0.00024922069177161425,0.15900963696439702,33
