,abs_amplitude,amplitude_squared,surface_energy,param_0,real_group_sampling_width,global_cutoff
0,0.005658527741503264,4.872125819314733e-05,25.040455014016295,-5.087189590851703e-05,0.059065143750182986,1
