,abs_amplitude,amplitude_squared,surface_energy,param_0,real_group_sampling_width,global_cutoff
0,0.01058444211205867,0.00017795289757308996,25.00162003560832,-0.00016751714211255483,0.11020735384990021,3
