,abs_amplitude,amplitude_squared,surface_energy,param_0,real_group_sampling_width,global_cutoff
0,0.6326176024707176,0.4002310108507829,62.040223547710234,-0.6326176024707176,0.051632868933126366,163
