,abs_amplitude,amplitude_squared,surface_energy,param_0,real_group_sampling_width,global_cutoff
0,0.17120150738573445,0.031139910713389788,31.722813848827226,0.00805304528733546,0.34787150505709086,359
