,abs_amplitude,amplitude_squared,surface_energy,param_0,real_group_sampling_width,global_cutoff
0,0.006433802334272511,6.47609433866707e-05,19.740749461691383,5.4051941731514074e-05,0.06772469010340648,11
