,abs_amplitude,amplitude_squared,surface_energy,param_0,real_group_sampling_width,global_cutoff
0,0.5051620170197276,0.2552016424287354,186.22130262807576,-0.5051620170197276,0.030705296941235454,9
