,abs_amplitude,amplitude_squared,surface_energy,param_0,real_group_sampling_width,global_cutoff
0,0.6219386586642561,0.3868213754594081,89.33526036081967,0.6219386586642561,0.03156684748901148,26
