,abs_amplitude,amplitude_squared,surface_energy,param_0,real_group_sampling_width,global_cutoff
0,0.6701301320268731,0.4490869144487723,104.43882686031728,-0.6701301320268731,0.029898362018317904,0
