,abs_amplitude,amplitude_squared,surface_energy,param_0,real_group_sampling_width,global_cutoff
0,0.0074401283320656405,8.716648857346712e-05,28.56043082314311,1.9089836726454643e-05,0.07538056041869735,2
