,abs_amplitude,amplitude_squared,surface_energy,param_0,real_group_sampling_width,global_cutoff
0,0.5126646208428243,0.26285685332785524,68.201697440554,-0.5126646208428243,0.05089234152181082,54
