,abs_amplitude,amplitude_squared,surface_energy,param_0,real_group_sampling_width,global_cutoff
0,0.6716527178032048,0.45112588305567597,123.55825475025566,-0.6716527178032048,0.026123769822042876,6
