,abs_amplitude,amplitude_squared,surface_energy,param_0,real_group_sampling_width,global_cutoff
0,0.0067029835194362675,6.947435079630248e-05,16.92571582689687,0.0005067734775718113,0.06794227545667454,12
