,abs_amplitude,amplitude_squared,surface_energy,param_0,real_group_sampling_width,global_cutoff
0,0.01042811404557637,0.00016509299561150997,15.317742789894414,-0.00019031072094775192,0.11057497073008796,53
