,abs_amplitude,amplitude_squared,surface_energy,param_0,real_group_sampling_width,global_cutoff
0,0.008279066474109179,0.00010563782950905403,17.95246755873039,2.388456026340574e-05,0.08486026799411125,0
