,abs_amplitude,amplitude_squared,surface_energy,param_0,real_group_sampling_width,global_cutoff
0,0.5146419270289733,0.2649353004974558,42.7683388418564,-0.5146419270289733,0.07304643944574574,3
