,abs_amplitude,amplitude_squared,surface_energy,param_0,real_group_sampling_width,global_cutoff
0,0.009676112672120889,0.000146433093850927,24.382978940466504,0.00030787475038577665,0.10904456934323042,0
