,abs_amplitude,amplitude_squared,surface_energy,param_0,real_group_sampling_width,global_cutoff
0,0.010955687505160782,0.0001988398003701976,14.145956857766917,0.0005281619160162217,0.11440251039995361,84
