,abs_amplitude,amplitude_squared,surface_energy,param_0,real_group_sampling_width,global_cutoff
0,0.22537241537010433,0.051288163378273265,34.51000688976765,-0.22537241537010433,0.17575279418335898,13
