,abs_amplitude,amplitude_squared,surface_energy,param_0,real_group_sampling_width,global_cutoff
0,0.31037846052663387,0.09700641607257328,33.84800396722844,0.31037846052663387,0.18275657225026085,10
