,abs_amplitude,amplitude_squared,surface_energy,param_0,real_group_sampling_width,global_cutoff
0,0.009306783421683259,0.00013183855222855692,14.78449834231302,0.0004443842670961132,0.09011539985098968,15
