,abs_amplitude,amplitude_squared,surface_energy,param_0,real_group_sampling_width,global_cutoff
0,0.013937259966319558,0.0003045857919254317,17.82514453405789,0.0009921242860416997,0.14050359098413454,2
