,abs_amplitude,amplitude_squared,surface_energy,param_0,real_group_sampling_width,global_cutoff
0,0.006951144325911251,7.626441941765755e-05,12.984223263749579,-4.7840077863719205e-05,0.07091183306986175,5
