,abs_amplitude,amplitude_squared,surface_energy,param_0,real_group_sampling_width,global_cutoff
0,0.5726694439502618,0.32797055531043706,91.86578212916257,-0.5726694439502618,0.0384094340438019,2
