,abs_amplitude,amplitude_squared,surface_energy,param_0,real_group_sampling_width,global_cutoff
0,0.00617644457814683,6.038814685610976e-05,24.796207580202342,-0.0006793448207422785,0.06487828643193783,20
