,abs_amplitude,amplitude_squared,surface_energy,param_0,real_group_sampling_width,global_cutoff
0,0.008685410416947757,0.00011771412739621985,21.892163140131053,0.0002563691548281878,0.0884580170346943,14
