,abs_amplitude,amplitude_squared,surface_energy,param_0,real_group_sampling_width,global_cutoff
0,0.012495960019584237,0.0002460185652846511,41.888433529739764,-0.0010766179019958057,0.12709355582168907,30
