,abs_amplitude,amplitude_squared,surface_energy,param_0,real_group_sampling_width,global_cutoff
0,0.011048750150415036,0.0001936673206512141,15.13282569037294,-0.0003914383437119825,0.11282297513478998,95
