,abs_amplitude,amplitude_squared,surface_energy,param_0,real_group_sampling_width,global_cutoff
0,0.49730822877649733,0.2476612588172839,66.25304979732182,0.49730822877649733,0.05398751657452035,0
