,abs_amplitude,amplitude_squared,surface_energy,param_0,real_group_sampling_width,global_cutoff
0,0.1524121095777143,0.024458596679298956,39.819124747219824,0.02755123781112975,0.2385646716913691,37
