,abs_amplitude,amplitude_squared,surface_energy,param_0,real_group_sampling_width,global_cutoff
0,0.013707490663331929,0.0002840301787308023,30.089002116426908,-0.0003311215426527966,0.1318976994739647,1
