,abs_amplitude,amplitude_squared,surface_energy,param_0,real_group_sampling_width,global_cutoff
0,0.5647974770476984,0.31905559125557115,46.53666461890566,0.5647974770476984,0.07071571028524677,138
