,abs_amplitude,amplitude_squared,surface_energy,param_0,real_group_sampling_width,global_cutoff
0,0.41892524064573194,0.1757770766420307,38.64239167460135,-0.4173904573839917,0.15149812918083397,4
