,abs_amplitude,amplitude_squared,surface_energy,param_0,real_group_sampling_width,global_cutoff
0,0.49726622836063156,0.24729799295961177,183.39995152002584,-0.49726622836063156,0.02981437578173368,1
