,abs_amplitude,amplitude_squared,surface_energy,param_0,real_group_sampling_width,global_cutoff
0,0.0015776672230397254,3.894490763359662e-06,2010.6197877305037,-4.587325662111179e-06,0.017377573806642885,57
