,abs_amplitude,amplitude_squared,surface_energy,param_0,real_group_sampling_width,global_cutoff
0,0.013632543273662891,0.0002875790992859971,25.72109683580027,0.0004712368978333969,0.13644022393552094,7
