,abs_amplitude,amplitude_squared,surface_energy,param_0,real_group_sampling_width,global_cutoff
0,0.6339349771473674,0.401941019880847,175.07963203099564,0.6339349771473674,0.023138477045831603,1
