,abs_amplitude,amplitude_squared,surface_energy,param_0,real_group_sampling_width,global_cutoff
0,0.44344680684854587,0.19668237006821437,86.74615030322477,-0.44344680684854587,0.0533690892043421,65
