,abs_amplitude,amplitude_squared,surface_energy,param_0,real_group_sampling_width,global_cutoff
0,0.2853802149651414,0.08161229820292573,49.38579775282233,-0.2853802149651414,0.11130165111598005,50
