,abs_amplitude,amplitude_squared,surface_energy,param_0,real_group_sampling_width,global_cutoff
0,0.0016850395171893815,4.4173292629973666e-06,2073.451637126421,-9.11277262233647e-05,0.017738488179349483,24
