,abs_amplitude,amplitude_squared,surface_energy,param_0,real_group_sampling_width,global_cutoff
0,0.011651710105274533,0.00020812941596701773,17.704504945163098,0.00016274653100471117,0.1282531847433842,78
