,abs_amplitude,amplitude_squared,surface_energy,param_0,real_group_sampling_width,global_cutoff
0,0.011266173712340132,0.0002015079020167586,27.96233145976853,-0.0008419659619610234,0.11295255896499545,10
