,abs_amplitude,amplitude_squared,surface_energy,param_0,real_group_sampling_width,global_cutoff
0,0.6380350285822575,0.40709877586625515,135.32146560269013,0.6380350285822575,0.026566465812766345,20
