,abs_amplitude,amplitude_squared,surface_energy,param_0,real_group_sampling_width,global_cutoff
0,0.5874752425377572,0.3451732605991361,51.85266403667744,-0.5874752425377572,0.06253598404763658,1
