,abs_amplitude,amplitude_squared,surface_energy,param_0,real_group_sampling_width,global_cutoff
0,0.5995685513281717,0.35952238555903393,51.66840985940114,-0.5995685513281717,0.057341455859943956,1
