,abs_amplitude,amplitude_squared,surface_energy,param_0,real_group_sampling_width,global_cutoff
0,0.008945784721683954,0.00012141460694072992,25.014098618921043,0.0004498469640336241,0.10731214194283875,138
