,abs_amplitude,amplitude_squared,surface_energy,param_0,real_group_sampling_width,global_cutoff
0,0.5649483099651965,0.31921188648951765,49.174925539633854,-0.5649483099651965,0.05670242439535533,3
