,abs_amplitude,amplitude_squared,surface_energy,param_0,real_group_sampling_width,global_cutoff
0,0.4213462864299604,0.17770603612418134,51.06221506119008,-0.4213462864299604,0.0708502052501547,0
