,abs_amplitude,amplitude_squared,surface_energy,param_0,real_group_sampling_width,global_cutoff
0,0.008523768793414781,0.00011606161554347151,15.782827578685806,-0.00020857507685917404,0.09789701957446345,2
