,abs_amplitude,amplitude_squared,surface_energy,param_0,real_group_sampling_width,global_cutoff
0,0.4160641092841923,0.17320457568419795,45.55474260369412,-0.4160641092841923,0.08872960700217448,79
