,abs_amplitude,amplitude_squared,surface_energy,param_0,real_group_sampling_width,global_cutoff
0,0.2954922090397702,0.08742124426221287,71.92716572145811,-0.2954922090397702,0.08590561339486874,3
