,abs_amplitude,amplitude_squared,surface_energy,param_0,real_group_sampling_width,global_cutoff
0,0.010677135607790668,0.0001735866710457323,217.05600568770603,-0.00030824762561229444,0.10164796686936581,0
