,abs_amplitude,amplitude_squared,surface_energy,param_0,real_group_sampling_width,global_cutoff
0,0.5658605902343621,0.320208337111667,145.1886607247053,0.5658605902343621,0.02792856568702056,14
