,abs_amplitude,amplitude_squared,surface_energy,param_0,real_group_sampling_width,global_cutoff
0,0.010394545805276897,0.00017470500847307382,107.71229621454786,-0.0007548980044285608,0.09934757679621913,11
