,abs_amplitude,amplitude_squared,surface_energy,param_0,real_group_sampling_width,global_cutoff
0,0.5224790243239049,0.27298528493325125,4027.1854677780398,0.5224790243239049,0.007086653859026894,3
