,abs_amplitude,amplitude_squared,surface_energy,param_0,real_group_sampling_width,global_cutoff
0,0.5584254114662631,0.3120043335593949,66.18562765275841,0.5584254114662631,0.047999655978081326,0
