,abs_amplitude,amplitude_squared,surface_energy,param_0,real_group_sampling_width,global_cutoff
0,0.38965662903801435,0.15187901366482195,104.94914098273314,-0.38965662903801435,0.05501208595340701,3
