,abs_amplitude,amplitude_squared,surface_energy,param_0,real_group_sampling_width,global_cutoff
0,0.0069202269191554686,7.426021224383119e-05,25.28347669763638,0.0002915018485592603,0.06865949042239292,6
