,abs_amplitude,amplitude_squared,surface_energy,param_0,real_group_sampling_width,global_cutoff
0,0.008285808431857312,0.00010247298172908463,15.504437106223167,-0.0001682093271383535,0.08407053169826832,3
