,abs_amplitude,amplitude_squared,surface_energy,param_0,real_group_sampling_width,global_cutoff
0,0.011595556041391107,0.00021182339152220345,13.963136949759066,-0.0008017618671682275,0.11861939754526148,7
