,abs_amplitude,amplitude_squared,surface_energy,param_0,real_group_sampling_width,global_cutoff
0,0.010645633808934895,0.0001873808248848233,34.87048120021654,0.0005030776169492507,0.11614002644303184,50
