,abs_amplitude,amplitude_squared,surface_energy,param_0,real_group_sampling_width,global_cutoff
0,0.016797573588689784,0.00044607856237387943,24.26230269384215,-0.0010501212156644349,0.16958657704302776,0
