,abs_amplitude,amplitude_squared,surface_energy,param_0,real_group_sampling_width,global_cutoff
0,0.3846739582375568,0.1481971401622374,36.133027060817334,-0.3846739582375568,0.10917762908438579,0
