,abs_amplitude,amplitude_squared,surface_energy,param_0,real_group_sampling_width,global_cutoff
0,0.006982873174981541,7.476956698455413e-05,16.851963898462603,0.0003437313730537051,0.07158600259308169,79
