,abs_amplitude,amplitude_squared,surface_energy,param_0,real_group_sampling_width,global_cutoff
0,0.49767225176928237,0.24780641253925847,42.297448942194634,0.49767225176928237,0.1018381601299369,15
