,abs_amplitude,amplitude_squared,surface_energy,param_0,real_group_sampling_width,global_cutoff
0,0.0063653826829846135,6.295112652677452e-05,19.012360178788217,-0.00027873932707285254,0.06678127840542987,2
