,abs_amplitude,amplitude_squared,surface_energy,param_0,real_group_sampling_width,global_cutoff
0,0.35742897179682953,0.12783795082001181,62.65159800293242,0.35742897179682953,0.0755614524906845,26
