,abs_amplitude,amplitude_squared,surface_energy,param_0,real_group_sampling_width,global_cutoff
0,0.6636424188154229,0.4404252406102469,282.7385963171905,-0.6636424188154229,0.016752989748622577,10
