,abs_amplitude,amplitude_squared,surface_energy,param_0,real_group_sampling_width,global_cutoff
0,0.012562243040710524,0.0002390765689747744,110.70431493422306,0.000689009461603692,0.13641704375975094,132
