,abs_amplitude,amplitude_squared,surface_energy,param_0,real_group_sampling_width,global_cutoff
0,0.4476052269681482,0.20047847351515116,38.26269552912829,0.4476052269681482,0.09219212065717773,2
