,abs_amplitude,amplitude_squared,surface_energy,param_0,real_group_sampling_width,global_cutoff
0,0.4237817105874952,0.1795920017523919,3372.423396063865,-0.4237817105874952,0.008109642968645801,19
