,abs_amplitude,amplitude_squared,surface_energy,param_0,real_group_sampling_width,global_cutoff
0,0.012405235482153365,0.00023737326832817956,27.434188950247872,0.0012878099803730171,0.1146059555623299,0
