,abs_amplitude,amplitude_squared,surface_energy,param_0,real_group_sampling_width,global_cutoff
0,0.007442569354200462,8.334090417002397e-05,13.017416533646726,-0.0001898465419733505,0.08058948745857693,45
