,abs_amplitude,amplitude_squared,surface_energy,param_0,real_group_sampling_width,global_cutoff
0,0.5129050420130535,0.26308413937997077,189.03823774124865,-0.5129050420130535,0.0280497137061841,27
