,abs_amplitude,amplitude_squared,surface_energy,param_0,real_group_sampling_width,global_cutoff
0,0.04320465345329694,0.0029598679493660703,28.041161619893078,-1.692295897258831e-05,0.3578558567688912,1
