,abs_amplitude,amplitude_squared,surface_energy,param_0,real_group_sampling_width,global_cutoff
0,0.0074835682189477604,9.126454719735206e-05,12.278036466363996,0.00035764970767945955,0.08017398363237753,22
