,abs_amplitude,amplitude_squared,surface_energy,param_0,real_group_sampling_width,global_cutoff
0,0.2724326228681865,0.07453109416098319,38.75166149139043,-0.2724326228681865,0.1274727183353622,1
