,abs_amplitude,amplitude_squared,surface_energy,param_0,real_group_sampling_width,global_cutoff
0,0.44915523668333823,0.20176771202159108,114.67084428093901,-0.44915523668333823,0.04360512428291675,1
