,abs_amplitude,amplitude_squared,surface_energy,param_0,real_group_sampling_width,global_cutoff
0,0.45127522455880387,0.20375272113965054,41.44936409514706,0.45127522455880387,0.08701421692011167,58
