,abs_amplitude,amplitude_squared,surface_energy,param_0,real_group_sampling_width,global_cutoff
0,0.10357059502354593,0.011404009299242587,122.66868429052991,0.018882856253485077,0.2385330910991306,84
