,abs_amplitude,amplitude_squared,surface_energy,param_0,real_group_sampling_width,global_cutoff
0,0.559249007728666,0.3128327065986251,46.078281080652935,-0.559249007728666,0.06721467739945652,2
