,abs_amplitude,amplitude_squared,surface_energy,param_0,real_group_sampling_width,global_cutoff
0,0.01286984317578157,0.00026144737967333893,20.577017681276235,0.0004758429232288618,0.12306209293022281,1
