,abs_amplitude,amplitude_squared,surface_energy,param_0,real_group_sampling_width,global_cutoff
0,0.6376435948928219,0.40659409078346087,5419.7642619146345,0.6376435948928219,0.005326363501269526,1
