,abs_amplitude,amplitude_squared,surface_energy,param_0,real_group_sampling_width,global_cutoff
0,0.015583852339094555,0.0003735317732775305,24.196613601969847,-0.001564880831716069,0.16119574324517405,54
