,abs_amplitude,amplitude_squared,surface_energy,param_0,real_group_sampling_width,global_cutoff
0,0.5390014294296124,0.290553523631417,72.08498341574249,-0.5390014294296124,0.04296226243699703,9
