,abs_amplitude,amplitude_squared,surface_energy,param_0,real_group_sampling_width,global_cutoff
0,0.006319498425285472,6.213620161777135e-05,23.59253342992754,5.3559352143583336e-05,0.06643552817654537,9
