,abs_amplitude,amplitude_squared,surface_energy,param_0,real_group_sampling_width,global_cutoff
0,0.5714678040850153,0.3266269808028885,48.22224704729324,0.5714678040850153,0.05893519680305451,16
