,abs_amplitude,amplitude_squared,surface_energy,param_0,real_group_sampling_width,global_cutoff
0,0.3364909675777329,0.11362306810370788,33.53932937482775,0.3364909675777329,0.1508778324645361,29
