,abs_amplitude,amplitude_squared,surface_energy,param_0,real_group_sampling_width,global_cutoff
0,0.006975236257429677,7.706595436972871e-05,14.926072891058757,0.0003830039090713668,0.07025890005565587,28
