,abs_amplitude,amplitude_squared,surface_energy,param_0,real_group_sampling_width,global_cutoff
0,0.5833901876539328,0.3403789631569978,222.51903689224773,0.5833901876539328,0.02298214448379627,2
