,abs_amplitude,amplitude_squared,surface_energy,param_0,real_group_sampling_width,global_cutoff
0,0.011603641794738974,0.00020563534692206607,14.47493730418491,0.0013465501292894701,0.11352505468105126,39
