,abs_amplitude,amplitude_squared,surface_energy,param_0,real_group_sampling_width,global_cutoff
0,0.011915772608253281,0.00022714160973747672,15.348697594522987,0.0005316161606731722,0.12812892200184425,12
