,abs_amplitude,amplitude_squared,surface_energy,param_0,real_group_sampling_width,global_cutoff
0,0.6272736158189444,0.39347244725464153,5247.687835582176,0.6272736158189444,0.004351142667801431,47
