,abs_amplitude,amplitude_squared,surface_energy,param_0,real_group_sampling_width,global_cutoff
0,0.5816485435932485,0.33835253110101,57.6987455786013,-0.5816485435932485,0.047718534154009375,5
