,abs_amplitude,amplitude_squared,surface_energy,param_0,real_group_sampling_width,global_cutoff
0,0.01549068928697409,0.0003865564176808797,32.74382961996411,0.0005829135563203672,0.15084444967319852,4
