,abs_amplitude,amplitude_squared,surface_energy,param_0,real_group_sampling_width,global_cutoff
0,0.27241473139219596,0.07424494088173304,256.77500160417554,-0.27241473139219596,0.05460008223583369,11
