,abs_amplitude,amplitude_squared,surface_energy,param_0,real_group_sampling_width,global_cutoff
0,0.6513900428248041,0.424324009043153,85.87651564619036,0.6513900428248041,0.03260001886321547,2
