,abs_amplitude,amplitude_squared,surface_energy,param_0,real_group_sampling_width,global_cutoff
0,0.0068127086171080676,7.23051376270706e-05,22.27951799190443,0.00046466713455697455,0.07525256375708901,81
