,abs_amplitude,amplitude_squared,surface_energy,param_0,real_group_sampling_width,global_cutoff
0,0.009958120264323907,0.00016227778536174233,11.843123008712164,-0.0002979797924175942,0.10778915706180436,22
