,abs_amplitude,amplitude_squared,surface_energy,param_0,real_group_sampling_width,global_cutoff
0,0.010366595414328699,0.00016697367807038373,50.572465151827664,-0.00024999947452675463,0.10979410775261329,28
