,abs_amplitude,amplitude_squared,surface_energy,param_0,real_group_sampling_width,global_cutoff
0,0.01486714144545848,0.00034497408575508707,21.0745908270943,-0.0008389015108328436,0.15043936876492542,43
