,abs_amplitude,amplitude_squared,surface_energy,param_0,real_group_sampling_width,global_cutoff
0,0.00931017798936744,0.0001340691412148877,10.235561256486724,0.0009562789626972502,0.10112049233067638,69
