,abs_amplitude,amplitude_squared,surface_energy,param_0,real_group_sampling_width,global_cutoff
0,0.006449625654957525,6.415786270070633e-05,25.033074871622308,-0.0005601163553950933,0.06979999493170035,6
