,abs_amplitude,amplitude_squared,surface_energy,param_0,real_group_sampling_width,global_cutoff
0,0.012706020041914684,0.00026232903482389296,16.042669284848763,7.621967364515033e-05,0.14264827427133545,102
