,abs_amplitude,amplitude_squared,surface_energy,param_0,real_group_sampling_width,global_cutoff
0,0.6381575691056827,0.4072707977181254,63.19903494185056,-0.6381575691056827,0.04113060762763869,7
