,abs_amplitude,amplitude_squared,surface_energy,param_0,real_group_sampling_width,global_cutoff
0,0.6271474020501749,0.39333717342370755,65.43611334152288,0.6271474020501749,0.0433995546304849,3
