,abs_amplitude,amplitude_squared,surface_energy,param_0,real_group_sampling_width,global_cutoff
0,0.01214682385674766,0.00022636642253017565,19.093083933475672,-0.0008656661546064605,0.12141234139277053,43
