,abs_amplitude,amplitude_squared,surface_energy,param_0,real_group_sampling_width,global_cutoff
0,0.6848388032277491,0.46901110164176174,159.00044192915837,-0.6848388032277491,0.022106600993324274,1
