,abs_amplitude,amplitude_squared,surface_energy,param_0,real_group_sampling_width,global_cutoff
0,0.6499723422150239,0.4224746899647602,114.57826714975862,0.6499723422150239,0.027032958197898454,2
