,abs_amplitude,amplitude_squared,surface_energy,param_0,real_group_sampling_width,global_cutoff
0,0.6361720067984737,0.40471997926007913,258.25010829546767,0.6361720067984737,0.01838983348815381,2
