,abs_amplitude,amplitude_squared,surface_energy,param_0,real_group_sampling_width,global_cutoff
0,0.3241775908156822,0.10522968878130852,45.05237246789652,0.3241775908156822,0.10693726494259838,4
