,abs_amplitude,amplitude_squared,surface_energy,param_0,real_group_sampling_width,global_cutoff
0,0.6391419837559703,0.40852472173525617,67.99971634507315,-0.6391419837559703,0.04040598882618599,5
