,abs_amplitude,amplitude_squared,surface_energy,param_0,real_group_sampling_width,global_cutoff
0,0.008968933435998357,0.00012714818168207742,11.696519538598665,-0.00024434835994796626,0.0928489021242633,52
