,abs_amplitude,amplitude_squared,surface_energy,param_0,real_group_sampling_width,global_cutoff
0,0.008083653402332266,9.968852029894153e-05,16.16473827711575,-0.00122532118954111,0.08613649115638795,79
