,abs_amplitude,amplitude_squared,surface_energy,param_0,real_group_sampling_width,global_cutoff
0,0.07558546868158027,0.008576829299157847,33.704875642028725,0.0048597954062300185,0.5596468827458316,117
