,abs_amplitude,amplitude_squared,surface_energy,param_0,real_group_sampling_width,global_cutoff
0,0.007520293440132634,9.217129634682347e-05,9.870652273444026,-0.0003142871801955558,0.07878200277680575,9
