,abs_amplitude,amplitude_squared,surface_energy,param_0,real_group_sampling_width,global_cutoff
0,0.012634500359219895,0.00024261952734756288,17.270095717162306,-0.0015411694249136305,0.12363475349361085,5
