,abs_amplitude,amplitude_squared,surface_energy,param_0,real_group_sampling_width,global_cutoff
0,0.006771414962382755,6.914665268876127e-05,17.81487759113493,-0.00019265505357546605,0.07336410356337857,66
