,abs_amplitude,amplitude_squared,surface_energy,param_0,real_group_sampling_width,global_cutoff
0,0.011552390093879482,0.00020502698977634308,12.125957469812532,-0.000490680255931727,0.11436458132749187,11
