,abs_amplitude,amplitude_squared,surface_energy,param_0,real_group_sampling_width,global_cutoff
0,0.0187306399026809,0.0005438724670300443,30.252868734112628,0.00031998882016680567,0.17781528108277705,0
