,abs_amplitude,amplitude_squared,surface_energy,param_0,real_group_sampling_width,global_cutoff
0,0.008033770408774987,0.00010491776283506913,25.87242782372866,-0.0005614699199000831,0.08729796828756528,10
