,abs_amplitude,amplitude_squared,surface_energy,param_0,real_group_sampling_width,global_cutoff
0,0.007171923739167758,7.999779128879947e-05,12.288681506715465,0.0007243018666096778,0.07019890049839243,0
