,abs_amplitude,amplitude_squared,surface_energy,param_0,real_group_sampling_width,global_cutoff
0,0.5644893481403107,0.31867283564675586,403.4744708446117,-0.5644893481403107,0.01782632258560907,4
