,abs_amplitude,amplitude_squared,surface_energy,param_0,real_group_sampling_width,global_cutoff
0,0.608435064592429,0.37022601711428454,57.97224230218745,-0.608435064592429,0.05338426250352893,0
