,abs_amplitude,amplitude_squared,surface_energy,param_0,real_group_sampling_width,global_cutoff
0,0.025631612568382617,0.0010014245150274806,27.372835993903184,-0.0006946221348981481,0.22449619607442886,5
