,abs_amplitude,amplitude_squared,surface_energy,param_0,real_group_sampling_width,global_cutoff
0,0.007153607696903884,8.360832610389343e-05,10.202002366776568,-1.274093096651696e-05,0.08218934323630206,136
