,abs_amplitude,amplitude_squared,surface_energy,param_0,real_group_sampling_width,global_cutoff
0,0.017268854270728624,0.00046276404323996435,28.6607843097072,0.0005892606719542523,0.1541510041850287,0
