,abs_amplitude,amplitude_squared,surface_energy,param_0,real_group_sampling_width,global_cutoff
0,0.007442260843380791,8.778240503095418e-05,7.187898977470722,-0.00046624840545358976,0.07952870319499518,23
