,abs_amplitude,amplitude_squared,surface_energy,param_0,real_group_sampling_width,global_cutoff
0,0.019018992984765327,0.000571783647838803,39.14172721954453,0.0008036083963357407,0.17595644296507204,0
