,abs_amplitude,amplitude_squared,surface_energy,param_0,real_group_sampling_width,global_cutoff
0,0.008135586650405192,0.00010333737176787568,16.048444504123793,-0.0005393861059433629,0.0823431376939294,0
