,abs_amplitude,amplitude_squared,surface_energy,param_0,real_group_sampling_width,global_cutoff
0,0.007870362821481248,9.871844724866628e-05,21.216453446347053,-0.0005768372475554259,0.07905272991521405,3
