,abs_amplitude,amplitude_squared,surface_energy,param_0,real_group_sampling_width,global_cutoff
0,0.006906288853764652,7.810919932261792e-05,19.98158543029874,-0.00010228613906995579,0.07093625721473595,35
