,abs_amplitude,amplitude_squared,surface_energy,param_0,real_group_sampling_width,global_cutoff
0,0.5680332675413937,0.3227030805364309,52.123219385941724,-0.5680332675413937,0.05817847597852025,2
