,abs_amplitude,amplitude_squared,surface_energy,param_0,real_group_sampling_width,global_cutoff
0,0.010321195121383004,0.00016458877267535595,12.172091101717648,0.00046520966768073054,0.11013793431835332,6
