,abs_amplitude,amplitude_squared,surface_energy,param_0,real_group_sampling_width,global_cutoff
0,0.6840292106175144,0.46790029811079425,304.3671969390762,0.6840292106175144,0.016718668350612056,3
