,abs_amplitude,amplitude_squared,surface_energy,param_0,real_group_sampling_width,global_cutoff
0,0.00626633759601633,6.220127404912616e-05,22.49017716942509,-0.00041908327163448265,0.0639282410107449,11
