,abs_amplitude,amplitude_squared,surface_energy,param_0,real_group_sampling_width,global_cutoff
0,0.014850429467585942,0.00033869369589407125,20.389638959863355,-0.0020574102495252954,0.14544520317605875,16
