,abs_amplitude,amplitude_squared,surface_energy,param_0,real_group_sampling_width,global_cutoff
0,0.012838704881878335,0.00026430742342897794,16.488274211265047,0.0002906981547775113,0.1382738945019628,18
