,abs_amplitude,amplitude_squared,surface_energy,param_0,real_group_sampling_width,global_cutoff
0,0.008882072214089745,0.00012637961676173105,17.343257368675367,-0.0003280558815390638,0.09285503819574638,0
