,abs_amplitude,amplitude_squared,surface_energy,param_0,real_group_sampling_width,global_cutoff
0,0.008342225983323627,0.00010859028552637835,19.049035362215218,0.0004092857882347087,0.09038963598031417,2
