,abs_amplitude,amplitude_squared,surface_energy,param_0,real_group_sampling_width,global_cutoff
0,0.01226934066547561,0.0002385506506588649,20.828780314343618,0.000470662529451448,0.1241256902051235,22
