,abs_amplitude,amplitude_squared,surface_energy,param_0,real_group_sampling_width,global_cutoff
0,0.5772181743398476,0.3332384549649845,47.910167175187574,-0.5772181743398476,0.06155694322112871,16
