,abs_amplitude,amplitude_squared,surface_energy,param_0,real_group_sampling_width,global_cutoff
0,0.01317406798913518,0.00026443654350122227,20.293959923823113,-0.00013573784978187375,0.14221569063540612,16
