,abs_amplitude,amplitude_squared,surface_energy,param_0,real_group_sampling_width,global_cutoff
0,0.007990995519574388,0.00010072293142654249,13.768501404523214,0.00047142539134487906,0.07784081469275646,18
