,abs_amplitude,amplitude_squared,surface_energy,param_0,real_group_sampling_width,global_cutoff
0,0.5047322677830657,0.2548049189028107,52.982749316577035,-0.5047322677830657,0.06102576534138699,0
