,abs_amplitude,amplitude_squared,surface_energy,param_0,real_group_sampling_width,global_cutoff
0,0.007671332328474747,9.238903591710811e-05,12.016148599820129,0.00017515116510766085,0.07961896707105738,7
