,abs_amplitude,amplitude_squared,surface_energy,param_0,real_group_sampling_width,global_cutoff
0,0.02568123072649885,0.0010338905679687432,27.628634613581923,0.0005312426384049194,0.24406396941388062,3
