,abs_amplitude,amplitude_squared,surface_energy,param_0,real_group_sampling_width,global_cutoff
0,0.006456472337879294,6.514832375487394e-05,21.425917066597957,0.0006763423192997879,0.06603541997294235,8
