,abs_amplitude,amplitude_squared,surface_energy,param_0,real_group_sampling_width,global_cutoff
0,0.6018058494203955,0.3622014495076061,60.93183139668372,-0.6018058494203955,0.04836299297050226,4
