,abs_amplitude,amplitude_squared,surface_energy,param_0,real_group_sampling_width,global_cutoff
0,0.010109327090342294,0.00015381194818995928,17.86744191731064,3.0445078053394827e-05,0.09889473388909714,16
