,abs_amplitude,amplitude_squared,surface_energy,param_0,real_group_sampling_width,global_cutoff
0,0.46554936135512054,0.21679145948112902,62.33341857637538,-0.46554936135512054,0.06131941358125554,1
