,abs_amplitude,amplitude_squared,surface_energy,param_0,real_group_sampling_width,global_cutoff
0,0.010798276431799116,0.00018358466154423845,34.073586921353055,-0.0002994507570525109,0.11548053182673713,153
