,abs_amplitude,amplitude_squared,surface_energy,param_0,real_group_sampling_width,global_cutoff
0,0.6829215330084438,0.4664114923143928,6330.370050038821,0.6829215330084438,0.0049996833680614255,2
