,abs_amplitude,amplitude_squared,surface_energy,param_0,real_group_sampling_width,global_cutoff
0,0.0913700667431801,0.010272853731404094,38.937621961400815,0.0003569008584678216,0.5146540737043623,11
