,abs_amplitude,amplitude_squared,surface_energy,param_0,real_group_sampling_width,global_cutoff
0,0.010584232351457118,0.00017183347493007878,25.00825304074942,-0.00011904526491404527,0.10240703073964184,0
