,abs_amplitude,amplitude_squared,surface_energy,param_0,real_group_sampling_width,global_cutoff
0,0.08196079714266202,0.009439507646319236,29.737265587571404,-0.005293287163382765,0.5556707874356592,0
