,abs_amplitude,amplitude_squared,surface_energy,param_0,real_group_sampling_width,global_cutoff
0,0.4357229927600606,0.18990342233633,69.78190800149261,0.4357229927600606,0.06033812282836499,5
