,abs_amplitude,amplitude_squared,surface_energy,param_0,real_group_sampling_width,global_cutoff
0,0.5897742538557003,0.3479342015867393,58.99428371258385,0.5897742538557003,0.047508388902513576,0
