,abs_amplitude,amplitude_squared,surface_energy,param_0,real_group_sampling_width,global_cutoff
0,0.006198140567604675,5.852459513646764e-05,23.881273011571547,-7.524702257235508e-05,0.06302853798024188,1
