,abs_amplitude,amplitude_squared,surface_energy,param_0,real_group_sampling_width,global_cutoff
0,0.02603330381298534,0.001050524430763621,26.604966687863914,0.0027730264623611143,0.26531086703520207,119
