,abs_amplitude,amplitude_squared,surface_energy,param_0,real_group_sampling_width,global_cutoff
0,0.6276260916739078,0.3939253687888651,131.11033752614193,-0.6276260916739078,0.0293262585132856,1
