,abs_amplitude,amplitude_squared,surface_energy,param_0,real_group_sampling_width,global_cutoff
0,0.011509603111258263,0.00020963005441007056,33.99145585014303,0.00017643645835606526,0.11932380980205709,4
