,abs_amplitude,amplitude_squared,surface_energy,param_0,real_group_sampling_width,global_cutoff
0,0.18228782115967726,0.03378645736898708,36.45125641928502,-0.18012270945882936,0.2305704578074737,412
