,abs_amplitude,amplitude_squared,surface_energy,param_0,real_group_sampling_width,global_cutoff
0,0.012945792345098165,0.0002646800590251489,27.771502582747505,-0.000157841638620242,0.12375771616458796,16
