,abs_amplitude,amplitude_squared,surface_energy,param_0,real_group_sampling_width,global_cutoff
0,0.005995503014257814,5.688686869233312e-05,25.75912875478054,-0.00010506444852871669,0.061608788796500134,20
