,abs_amplitude,amplitude_squared,surface_energy,param_0,real_group_sampling_width,global_cutoff
0,0.016312923001919364,0.00041775820381713527,21.835665701580005,-0.00013657527575122334,0.16242194069643487,23
