,abs_amplitude,amplitude_squared,surface_energy,param_0,real_group_sampling_width,global_cutoff
0,0.55716262549197,0.31047739640602456,54.4508392545724,-0.55716262549197,0.05145939228532408,1
