,abs_amplitude,amplitude_squared,surface_energy,param_0,real_group_sampling_width,global_cutoff
0,0.48160259179436266,0.23200936540994405,46.583273066792835,-0.48160259179436266,0.06890598476965859,1
