,abs_amplitude,amplitude_squared,surface_energy,param_0,real_group_sampling_width,global_cutoff
0,0.0066973006534656624,7.122203876009926e-05,23.03049659005452,0.00016031987947280304,0.07323026984971674,58
