,abs_amplitude,amplitude_squared,surface_energy,param_0,real_group_sampling_width,global_cutoff
0,0.014927822009796938,0.00035824130163764436,24.857064125752267,-0.00013591940643419785,0.14826120975201215,15
