,abs_amplitude,amplitude_squared,surface_energy,param_0,real_group_sampling_width,global_cutoff
0,0.616233565998328,0.3797573589492154,103.27496692583215,0.616233565998328,0.033148143026534675,1
