,abs_amplitude,amplitude_squared,surface_energy,param_0,real_group_sampling_width,global_cutoff
0,0.011103771098158077,0.00019863958881218853,14.440052897932823,-0.0003014150166412851,0.12658242134726005,71
