,abs_amplitude,amplitude_squared,surface_energy,param_0,real_group_sampling_width,global_cutoff
0,0.572067951100003,0.3273874770743938,56.40211634760884,-0.572067951100003,0.046922555940442416,3
