,abs_amplitude,amplitude_squared,surface_energy,param_0,real_group_sampling_width,global_cutoff
0,0.010868314215827759,0.00018077102056017407,15.790711826140107,0.0006959759263981109,0.112283310729563,9
