,abs_amplitude,amplitude_squared,surface_energy,param_0,real_group_sampling_width,global_cutoff
0,0.5395769813985669,0.2915166207348447,44.24148287354869,-0.5395769813985669,0.07395944008827438,0
