,abs_amplitude,amplitude_squared,surface_energy,param_0,real_group_sampling_width,global_cutoff
0,0.03196416438925841,0.0015993577319900487,33.355628597099276,0.00041513256524077684,0.2953126157657159,5
