,abs_amplitude,amplitude_squared,surface_energy,param_0,real_group_sampling_width,global_cutoff
0,0.08553892839087682,0.009291956330872684,32.451403418998744,-0.0013664295265563072,0.5668984701724824,73
