,abs_amplitude,amplitude_squared,surface_energy,param_0,real_group_sampling_width,global_cutoff
0,0.62717712617477,0.3933641788414425,106.67605463168574,0.62717712617477,0.030171189729608753,1
