,abs_amplitude,amplitude_squared,surface_energy,param_0,real_group_sampling_width,global_cutoff
0,0.008298409291057593,0.00010995908194641013,21.03920249092218,-0.0006089987933584491,0.08707908605744537,40
