,abs_amplitude,amplitude_squared,surface_energy,param_0,real_group_sampling_width,global_cutoff
0,0.3088846472192653,0.09580857636715409,32.684892619627604,0.3088846472192653,0.14820723913497288,8
