,abs_amplitude,amplitude_squared,surface_energy,param_0,real_group_sampling_width,global_cutoff
0,0.587211629492675,0.3448340329835555,95.30110942700053,0.587211629492675,0.034264826424716455,6
