,abs_amplitude,amplitude_squared,surface_energy,param_0,real_group_sampling_width,global_cutoff
0,0.015049144123079608,0.00036548676619602594,22.63561332586467,-0.0005066930102806053,0.14997037159056253,21
