,abs_amplitude,amplitude_squared,surface_energy,param_0,real_group_sampling_width,global_cutoff
0,0.019113466495713872,0.0005716889660185151,26.215091321319058,0.0014485852836905583,0.19473432636390212,28
