,abs_amplitude,amplitude_squared,surface_energy,param_0,real_group_sampling_width,global_cutoff
0,0.008811168598946859,0.00012379525734323112,11.941376143712745,0.0001810902548694583,0.09815803138697317,83
