,abs_amplitude,amplitude_squared,surface_energy,param_0,real_group_sampling_width,global_cutoff
0,0.44059228699796915,0.1943526877449118,39.45734807261025,-0.44059228699796915,0.1316497338595268,22
