,abs_amplitude,amplitude_squared,surface_energy,param_0,real_group_sampling_width,global_cutoff
0,0.006117142541215004,6.153135835913599e-05,17.389364872596353,4.542054819574465e-05,0.07394703726445585,119
