,abs_amplitude,amplitude_squared,surface_energy,param_0,real_group_sampling_width,global_cutoff
0,0.008662776727786621,0.0001225840484665678,8.160471998657057,0.0006056151519314651,0.09089525038111938,6
