,abs_amplitude,amplitude_squared,surface_energy,param_0,real_group_sampling_width,global_cutoff
0,0.013403178225179287,0.00028870105108221706,31.590009947544218,-0.0002454947308270068,0.131717605407342,1
