,abs_amplitude,amplitude_squared,surface_energy,param_0,real_group_sampling_width,global_cutoff
0,0.021832071974731693,0.0007394657364059034,24.40629918822603,-0.00098725690093896,0.20285454814304962,13
