,abs_amplitude,amplitude_squared,surface_energy,param_0,real_group_sampling_width,global_cutoff
0,0.4216613856343701,0.17784805587728636,83.81007326773229,-0.4216613856343701,0.0572928256392484,6
