,abs_amplitude,amplitude_squared,surface_energy,param_0,real_group_sampling_width,global_cutoff
0,0.007136413666022509,8.111508818040144e-05,19.02530088344386,-0.00015607098509618972,0.07361755613010669,30
