,abs_amplitude,amplitude_squared,surface_energy,param_0,real_group_sampling_width,global_cutoff
0,0.6728898889182591,0.45279169192367036,105.37711144043156,-0.6728898889182591,0.028246693010770638,15
