,abs_amplitude,amplitude_squared,surface_energy,param_0,real_group_sampling_width,global_cutoff
0,0.33331194919557106,0.11127583386274505,41.03428077614719,-0.33331194919557106,0.10081430041361787,2
