,abs_amplitude,amplitude_squared,surface_energy,param_0,real_group_sampling_width,global_cutoff
0,0.011617771532162422,0.00021105987122544106,35.52845986649731,-0.0002958495740746809,0.12185095497566963,1
