,abs_amplitude,amplitude_squared,surface_energy,param_0,real_group_sampling_width,global_cutoff
0,0.3740037439102285,0.14005139535060152,37.22948287640738,0.3740037439102285,0.10584193798064735,3
