,abs_amplitude,amplitude_squared,surface_energy,param_0,real_group_sampling_width,global_cutoff
0,0.5770528140487979,0.33305299868963817,47.6847917452055,-0.5770528140487979,0.06786432479110119,23
