,abs_amplitude,amplitude_squared,surface_energy,param_0,real_group_sampling_width,global_cutoff
0,0.008892151038295932,0.00012152712676007626,22.929622854664505,0.00021628026778736632,0.09344350570857071,28
