,abs_amplitude,amplitude_squared,surface_energy,param_0,real_group_sampling_width,global_cutoff
0,0.5928580936038552,0.3514868106444475,228.04694167871446,0.5928580936038552,0.021584005291918337,15
