,abs_amplitude,amplitude_squared,surface_energy,param_0,real_group_sampling_width,global_cutoff
0,0.014933211036629288,0.0003502650377261327,21.773967342698324,-0.0007304026271947891,0.14759700202834003,61
