,abs_amplitude,amplitude_squared,surface_energy,param_0,real_group_sampling_width,global_cutoff
0,0.0067460997203636925,6.966369371094126e-05,28.157475748094516,-0.0003753831452485965,0.07275628377438746,57
