,abs_amplitude,amplitude_squared,surface_energy,param_0,real_group_sampling_width,global_cutoff
0,0.00815281074252473,0.00010458014535624769,28.1468955995368,0.00031557567044774177,0.08425071428300301,51
