,abs_amplitude,amplitude_squared,surface_energy,param_0,real_group_sampling_width,global_cutoff
0,0.00973400924486496,0.00014775239022055803,14.591811801067509,-0.0003745861671315314,0.09559467636116092,0
