,abs_amplitude,amplitude_squared,surface_energy,param_0,real_group_sampling_width,global_cutoff
0,0.007716366848938157,9.324070100088934e-05,26.65645512324447,5.755402255709178e-05,0.07702540901118853,7
