,abs_amplitude,amplitude_squared,surface_energy,param_0,real_group_sampling_width,global_cutoff
0,0.5508837241448071,0.30349129351738513,107.00760315939783,0.5508837241448071,0.03680773898994978,5
