,abs_amplitude,amplitude_squared,surface_energy,param_0,real_group_sampling_width,global_cutoff
0,0.011141232348736534,0.00019161808168003885,23.685810859635712,0.0010128283748256002,0.11140338551766177,0
