,abs_amplitude,amplitude_squared,surface_energy,param_0,real_group_sampling_width,global_cutoff
0,0.010845853060199907,0.00018327801040537097,10.198377583049457,-4.292100418655425e-05,0.10785720038835164,2
