,abs_amplitude,amplitude_squared,surface_energy,param_0,real_group_sampling_width,global_cutoff
0,0.5732933135419074,0.3286930039458626,68.67030588324027,-0.5732933135419074,0.04482281655106436,31
