,abs_amplitude,amplitude_squared,surface_energy,param_0,real_group_sampling_width,global_cutoff
0,0.009143708928126111,0.00012778101327207836,22.0362995770127,-0.0005560922240048073,0.09487049254479032,2
