,abs_amplitude,amplitude_squared,surface_energy,param_0,real_group_sampling_width,global_cutoff
0,0.011465950725836938,0.00021735983493560753,11.391123555700762,0.0010366636301641055,0.11657546402202958,7
