,abs_amplitude,amplitude_squared,surface_energy,param_0,real_group_sampling_width,global_cutoff
0,0.008240893089475988,0.00010387542012100654,10.168289155921219,-0.0005798520968783912,0.08651776244655472,0
