,abs_amplitude,amplitude_squared,surface_energy,param_0,real_group_sampling_width,global_cutoff
0,0.43034475836326375,0.18545641373133048,39.05009688790746,-0.43034475836326375,0.13789777711510992,8
