,abs_amplitude,amplitude_squared,surface_energy,param_0,real_group_sampling_width,global_cutoff
0,0.011613522254452705,0.0002100610682629808,30.92300271649008,-0.00011995262425596355,0.12169693511122767,66
