,abs_amplitude,amplitude_squared,surface_energy,param_0,real_group_sampling_width,global_cutoff
0,0.5904288487715854,0.3486272322684718,81.70862657094426,-0.5904288487715854,0.04030583729677684,0
