,abs_amplitude,amplitude_squared,surface_energy,param_0,real_group_sampling_width,global_cutoff
0,0.5089829637877746,0.2591492496205104,43.783915783730656,0.5089829637877746,0.06911148515716882,2
