,abs_amplitude,amplitude_squared,surface_energy,param_0,real_group_sampling_width,global_cutoff
0,0.6319631202338654,0.399469335296441,58.76935870544547,0.6319631202338654,0.046517426985351815,0
