,abs_amplitude,amplitude_squared,surface_energy,param_0,real_group_sampling_width,global_cutoff
0,0.010947902660591912,0.00019180033065941367,13.228223416268795,0.0004196417894191446,0.1193237351815946,38
