,abs_amplitude,amplitude_squared,surface_energy,param_0,real_group_sampling_width,global_cutoff
0,0.42136775090162526,0.1776741559078517,39.646606290832025,-0.42136775090162526,0.08535959085804667,20
