,abs_amplitude,amplitude_squared,surface_energy,param_0,real_group_sampling_width,global_cutoff
0,0.012291721589822975,0.00023511487940590834,33.8837125632253,0.0014542144622064878,0.14493512157281682,179
