,abs_amplitude,amplitude_squared,surface_energy,param_0,real_group_sampling_width,global_cutoff
0,0.007541805106465789,8.469678563167831e-05,20.33610826935173,3.9301606562489406e-05,0.09341706376974432,238
