,abs_amplitude,amplitude_squared,surface_energy,param_0,real_group_sampling_width,global_cutoff
0,0.006394260036969966,6.35172862524063e-05,18.780509831142876,0.00010996611856171703,0.06701171892147818,31
