,abs_amplitude,amplitude_squared,surface_energy,param_0,real_group_sampling_width,global_cutoff
0,0.008154119510992345,9.87803309127158e-05,23.12046501741841,0.0009615075670829749,0.08018900182441943,0
