,abs_amplitude,amplitude_squared,surface_energy,param_0,real_group_sampling_width,global_cutoff
0,0.006895086536358907,7.51357700609699e-05,17.574181118464022,-0.00010546430753796175,0.0725231166466906,66
