,abs_amplitude,amplitude_squared,surface_energy,param_0,real_group_sampling_width,global_cutoff
0,0.010645018030253148,0.00017273744631598014,30.90140574290402,-0.00016268183469251592,0.10154201478906912,3
