,abs_amplitude,amplitude_squared,surface_energy,param_0,real_group_sampling_width,global_cutoff
0,0.007189339379909296,8.125956030762125e-05,27.744393501486098,-0.0006261486717088846,0.08413116366116462,109
