,abs_amplitude,amplitude_squared,surface_energy,param_0,real_group_sampling_width,global_cutoff
0,0.016862819924381652,0.00044116955801434577,23.302385523535985,-0.0008131887765202385,0.19376759227523713,193
