,abs_amplitude,amplitude_squared,surface_energy,param_0,real_group_sampling_width,global_cutoff
0,0.4827280084855073,0.23306665894711032,339.2390802953034,0.4827280084855073,0.022436610362144307,1
