,abs_amplitude,amplitude_squared,surface_energy,param_0,real_group_sampling_width,global_cutoff
0,0.49805665121434084,0.24811553817384893,52.2450178102172,0.49805665121434084,0.06259948962904516,2
