,abs_amplitude,amplitude_squared,surface_energy,param_0,real_group_sampling_width,global_cutoff
0,0.007688616948824597,9.278744107981562e-05,23.313595048146972,-0.0006199435564611326,0.08318904036696739,2
