,abs_amplitude,amplitude_squared,surface_energy,param_0,real_group_sampling_width,global_cutoff
0,0.4117942457839677,0.1695756759129378,3312.1665650754226,0.4117942457839677,0.009864675304591721,2
