,abs_amplitude,amplitude_squared,surface_energy,param_0,real_group_sampling_width,global_cutoff
0,0.013493743693571772,0.0002913537641647239,31.242881934182826,0.0012210833835108916,0.13255904539588506,0
