,abs_amplitude,amplitude_squared,surface_energy,param_0,real_group_sampling_width,global_cutoff
0,0.008485222800438084,0.00011445320840906023,101.72829001360248,-0.00017402234061098394,0.08419916113501776,0
