,abs_amplitude,amplitude_squared,surface_energy,param_0,real_group_sampling_width,global_cutoff
0,0.006841327065757581,7.502317893097333e-05,20.02657728624796,6.890682504070894e-05,0.07704523553347921,0
