,abs_amplitude,amplitude_squared,surface_energy,param_0,real_group_sampling_width,global_cutoff
0,0.006557818128940545,6.74380537294451e-05,20.9444586493617,0.000540800112429201,0.06784545557850725,43
