,abs_amplitude,amplitude_squared,surface_energy,param_0,real_group_sampling_width,global_cutoff
0,0.6241360135643592,0.3895562781957801,129.70411542997508,0.6241360135643592,0.028315159117852096,7
