,abs_amplitude,amplitude_squared,surface_energy,param_0,real_group_sampling_width,global_cutoff
0,0.007079492559882212,7.645779175472514e-05,12.518685938884902,0.00034368824762454677,0.07204155583954279,24
