,abs_amplitude,amplitude_squared,surface_energy,param_0,real_group_sampling_width,global_cutoff
0,0.6409698063236626,0.410848601627346,5477.019448585737,-0.6409698063236626,0.00521418569163856,1
