,abs_amplitude,amplitude_squared,surface_energy,param_0,real_group_sampling_width,global_cutoff
0,0.007827827776110702,9.678097151638395e-05,20.672440438396603,-0.0005539089646307495,0.08146637110843186,4
