,abs_amplitude,amplitude_squared,surface_energy,param_0,real_group_sampling_width,global_cutoff
0,0.00664471176241508,6.787117036685768e-05,27.11460351614734,0.0007196148075881208,0.07097846524946927,11
