,abs_amplitude,amplitude_squared,surface_energy,param_0,real_group_sampling_width,global_cutoff
0,0.01149880319021367,0.00021419240359562912,12.899739819480374,0.0009848304672344084,0.11627660908556069,3
