,abs_amplitude,amplitude_squared,surface_energy,param_0,real_group_sampling_width,global_cutoff
0,0.014734457732523637,0.00035215327797288653,26.823486076181062,0.0004881323022890192,0.1495525238902648,4
