,abs_amplitude,amplitude_squared,surface_energy,param_0,real_group_sampling_width,global_cutoff
0,0.6543934678600404,0.4282488553282325,71.19460096723834,-0.6543934678600404,0.038631471081726744,0
