,abs_amplitude,amplitude_squared,surface_energy,param_0,real_group_sampling_width,global_cutoff
0,0.015381920078107363,0.00037369114869736887,23.025872474595005,-0.0014059612960623605,0.15383080002764224,39
