,abs_amplitude,amplitude_squared,surface_energy,param_0,real_group_sampling_width,global_cutoff
0,0.009928495355089963,0.00015311346648653364,15.942897505899763,-0.0006867280302242538,0.1021947640024607,2
