,abs_amplitude,amplitude_squared,surface_energy,param_0,real_group_sampling_width,global_cutoff
0,0.007995997003432906,0.00010024004914027433,19.58445136444501,-0.00031975057883289773,0.09460496697767556,105
