,abs_amplitude,amplitude_squared,surface_energy,param_0,real_group_sampling_width,global_cutoff
0,0.015064053137886523,0.0003444552477943029,27.925748072291647,0.0002043937773398581,0.1537595033965054,37
