,abs_amplitude,amplitude_squared,surface_energy,param_0,real_group_sampling_width,global_cutoff
0,0.6869229070412789,0.47186770532041283,210.02579642324267,0.6869229070412789,0.019363559456154224,6
