,abs_amplitude,amplitude_squared,surface_energy,param_0,real_group_sampling_width,global_cutoff
0,0.6373719935107375,0.40624572070840476,492.79188715561145,0.6373719935107375,0.013005585418311837,16
