,abs_amplitude,amplitude_squared,surface_energy,param_0,real_group_sampling_width,global_cutoff
0,0.04562291007831521,0.00325794377210347,37.46546675493952,0.0035490221453517395,0.3727309921843694,8
