,abs_amplitude,amplitude_squared,surface_energy,param_0,real_group_sampling_width,global_cutoff
0,0.010400318680757218,0.00016509697302087843,10.003603831299994,-0.0008486688876515602,0.10640385998305799,1
