,abs_amplitude,amplitude_squared,surface_energy,param_0,real_group_sampling_width,global_cutoff
0,0.679897620825504,0.46226529922181725,204.53887944993787,0.679897620825504,0.019778254711905734,39
