,abs_amplitude,amplitude_squared,surface_energy,param_0,real_group_sampling_width,global_cutoff
0,0.013357993442357654,0.0002885588434794555,19.812316695620105,0.0005873899936280109,0.15986141884395275,144
