,abs_amplitude,amplitude_squared,surface_energy,param_0,real_group_sampling_width,global_cutoff
0,0.008077098500543558,0.00010274485933432933,24.120679918799183,-0.0008509554663863356,0.10561438671219137,135
