,abs_amplitude,amplitude_squared,surface_energy,param_0,real_group_sampling_width,global_cutoff
0,0.013432827147927972,0.0002804000602628548,16.00123306935215,-0.0006515259351141061,0.15347026086322385,177
