,abs_amplitude,amplitude_squared,surface_energy,param_0,real_group_sampling_width,global_cutoff
0,0.009687821059157362,0.00015297478261583827,33.76089187346472,0.0008810102392151383,0.10133728482731345,4
