,abs_amplitude,amplitude_squared,surface_energy,param_0,real_group_sampling_width,global_cutoff
0,0.006417641545133062,6.513375962956284e-05,26.535052635021263,0.0006057099364596047,0.07817447406110922,148
