,abs_amplitude,amplitude_squared,surface_energy,param_0,real_group_sampling_width,global_cutoff
0,0.006428503717930057,6.706183771253165e-05,22.629621145703773,-0.00013810704758013956,0.07054760471263637,110
