,abs_amplitude,amplitude_squared,surface_energy,param_0,real_group_sampling_width,global_cutoff
0,0.4389937658385646,0.1928343566778039,38.88183319862712,-0.4389937658385646,0.09524654987209624,8
