,abs_amplitude,amplitude_squared,surface_energy,param_0,real_group_sampling_width,global_cutoff
0,0.6003573068252134,0.36044861956242163,73.61870103265673,0.6003573068252134,0.04145584725652987,67
