,abs_amplitude,amplitude_squared,surface_energy,param_0,real_group_sampling_width,global_cutoff
0,0.008217800135604738,0.00010155263430507313,7.76059182303939,-0.0002809771245141966,0.086133249663865,34
