,abs_amplitude,amplitude_squared,surface_energy,param_0,real_group_sampling_width,global_cutoff
0,0.6195542864724327,0.3838632609269684,167.6511919293741,0.6195542864724327,0.02445993840674435,3
