,abs_amplitude,amplitude_squared,surface_energy,param_0,real_group_sampling_width,global_cutoff
0,0.011263879806955854,0.0002009158725167527,31.25194118228278,-0.00012733903594442565,0.11181455532940794,1
