,abs_amplitude,amplitude_squared,surface_energy,param_0,real_group_sampling_width,global_cutoff
0,0.3407833653543066,0.11621852216214662,61.453404134332835,0.3407833653543066,0.08161096569871969,32
