,abs_amplitude,amplitude_squared,surface_energy,param_0,real_group_sampling_width,global_cutoff
0,0.6395527548673772,0.409044336505015,82.62180559486897,-0.6395527548673772,0.0355107691340187,7
