,abs_amplitude,amplitude_squared,surface_energy,param_0,real_group_sampling_width,global_cutoff
0,0.3702364502854487,0.13732602731959825,34.72386784032573,-0.3702364502854487,0.12751766639314963,3
