,abs_amplitude,amplitude_squared,surface_energy,param_0,real_group_sampling_width,global_cutoff
0,0.6777477342143378,0.4593520109505865,565.3045845102484,0.6777477342143378,0.011702030388986748,3
