,abs_amplitude,amplitude_squared,surface_energy,param_0,real_group_sampling_width,global_cutoff
0,0.007404350865626016,8.886999248363519e-05,20.59684796336643,-0.00030050327332766186,0.07521323916571805,13
