,abs_amplitude,amplitude_squared,surface_energy,param_0,real_group_sampling_width,global_cutoff
0,0.006290733918951647,6.312230582466627e-05,17.62123208124912,-0.00030124325097491254,0.06681550603948891,41
