,abs_amplitude,amplitude_squared,surface_energy,param_0,real_group_sampling_width,global_cutoff
0,0.3082693285578286,0.09535286365180382,33.36164861851484,0.3082693285578286,0.14302842671222207,17
