,abs_amplitude,amplitude_squared,surface_energy,param_0,real_group_sampling_width,global_cutoff
0,0.011793208735372507,0.00021502903660229765,23.271565091688657,-0.0010163306201805265,0.11848504369028173,23
