,abs_amplitude,amplitude_squared,surface_energy,param_0,real_group_sampling_width,global_cutoff
0,0.021060029274239875,0.0006968195310970405,30.83105526495625,0.0004907536423001123,0.1991293429000476,1
