,abs_amplitude,amplitude_squared,surface_energy,param_0,real_group_sampling_width,global_cutoff
0,0.017604911114104293,0.000489899257243569,23.172514652504017,0.0004623571829467319,0.17904885976788032,8
