,abs_amplitude,amplitude_squared,surface_energy,param_0,real_group_sampling_width,global_cutoff
0,0.6080806042737232,0.3697849177516966,67.55883095306795,-0.6080806042737232,0.04064022890648685,3
