,abs_amplitude,amplitude_squared,surface_energy,param_0,real_group_sampling_width,global_cutoff
0,0.5612953196491555,0.31520252665169096,75.94915199960285,0.5612953196491555,0.04396874318625304,0
