,abs_amplitude,amplitude_squared,surface_energy,param_0,real_group_sampling_width,global_cutoff
0,0.07645642579916478,0.007649103523062297,34.90661903814043,-0.0035015562337517713,0.5118410415464736,0
