,abs_amplitude,amplitude_squared,surface_energy,param_0,real_group_sampling_width,global_cutoff
0,0.4553573753244575,0.2074703985820672,38.76559231635931,0.4553573753244575,0.0898208204247501,6
