,abs_amplitude,amplitude_squared,surface_energy,param_0,real_group_sampling_width,global_cutoff
0,0.6268541589618715,0.39297886787654396,55.58746488569488,0.6268541589618715,0.04865898127355608,2
