,abs_amplitude,amplitude_squared,surface_energy,param_0,real_group_sampling_width,global_cutoff
0,0.3262539107733553,0.1071633636982601,36.18601186667578,0.3262539107733553,0.20982125490609113,0
