,abs_amplitude,amplitude_squared,surface_energy,param_0,real_group_sampling_width,global_cutoff
0,0.5690397749843212,0.3238382388055813,67.84266370830558,-0.5690397749843212,0.047306306255722054,1
