,abs_amplitude,amplitude_squared,surface_energy,param_0,real_group_sampling_width,global_cutoff
0,0.2591489705155826,0.06739166560893127,42.44654426608345,-0.258052289048469,0.12996351250167676,2
