,abs_amplitude,amplitude_squared,surface_energy,param_0,real_group_sampling_width,global_cutoff
0,0.02528188174535988,0.0009692826394531275,32.78239113650962,-0.0030428675471075896,0.21732862798232253,0
