,abs_amplitude,amplitude_squared,surface_energy,param_0,real_group_sampling_width,global_cutoff
0,0.659191504897247,0.4345628241161917,72.47008450064148,0.659191504897247,0.04030705811465672,1
