,abs_amplitude,amplitude_squared,surface_energy,param_0,real_group_sampling_width,global_cutoff
0,0.4780270967802216,0.2286564132284453,39.95255552073442,0.4780270967802216,0.1038379782955946,9
