,abs_amplitude,amplitude_squared,surface_energy,param_0,real_group_sampling_width,global_cutoff
0,0.011548663368223024,0.00021356886206940281,40.65642766006517,-0.0006446425615784237,0.11871246932919703,50
