,abs_amplitude,amplitude_squared,surface_energy,param_0,real_group_sampling_width,global_cutoff
0,0.04057581327320665,0.0025680351418708347,37.07518941837069,0.0008028609340370557,0.340754020917129,1
