,abs_amplitude,amplitude_squared,surface_energy,param_0,real_group_sampling_width,global_cutoff
0,0.007891927903790464,9.452008795876699e-05,8.42623099912625,-0.0005964705103747241,0.07923879510601504,0
