,abs_amplitude,amplitude_squared,surface_energy,param_0,real_group_sampling_width,global_cutoff
0,0.007232017196542483,7.901459892050675e-05,27.636107041746023,-0.00013376824743409994,0.07644486494419436,0
