,abs_amplitude,amplitude_squared,surface_energy,param_0,real_group_sampling_width,global_cutoff
0,0.012040117449652051,0.00022845836967715953,15.274617946389546,0.00011025954421957685,0.11586476381845395,0
