,abs_amplitude,amplitude_squared,surface_energy,param_0,real_group_sampling_width,global_cutoff
0,0.6461089405763802,0.4174618784671082,266.4331211289391,-0.6461089405763802,0.018444769102509185,2
