,abs_amplitude,amplitude_squared,surface_energy,param_0,real_group_sampling_width,global_cutoff
0,0.6060553320407587,0.3673093812363859,236.31783371930587,0.6060553320407587,0.020955639050554045,67
