,abs_amplitude,amplitude_squared,surface_energy,param_0,real_group_sampling_width,global_cutoff
0,0.657158202683782,0.4318790182977575,87.5006795704467,0.657158202683782,0.03291102332209871,1
