,abs_amplitude,amplitude_squared,surface_energy,param_0,real_group_sampling_width,global_cutoff
0,0.6070514427093934,0.36854484940486165,85.52946353603245,-0.6070514427093934,0.036302024257977454,0
