,abs_amplitude,amplitude_squared,surface_energy,param_0,real_group_sampling_width,global_cutoff
0,0.5675298746341264,0.32210492623815773,111.29480496029579,0.5675298746341264,0.034189526184821205,10
