,abs_amplitude,amplitude_squared,surface_energy,param_0,real_group_sampling_width,global_cutoff
0,0.007863184581102887,9.60818681559765e-05,10.263861458811482,0.0002635437983315476,0.08423389725516478,47
