,abs_amplitude,amplitude_squared,surface_energy,param_0,real_group_sampling_width,global_cutoff
0,0.6152580091636798,0.3785465824125609,461.45076238448627,0.6152580091636798,0.014342624903757853,3
