,abs_amplitude,amplitude_squared,surface_energy,param_0,real_group_sampling_width,global_cutoff
0,0.010069398642294471,0.00015261811667877808,25.320787966842282,5.4220326998733876e-05,0.10152304399276903,14
