,abs_amplitude,amplitude_squared,surface_energy,param_0,real_group_sampling_width,global_cutoff
0,0.08632422130026128,0.010058320560416504,31.193176418590095,-0.00402576566188005,0.5870311650513933,7
