,abs_amplitude,amplitude_squared,surface_energy,param_0,real_group_sampling_width,global_cutoff
0,0.45225872875144457,0.20468102988081208,38.2254792435673,-0.45225872875144457,0.0927298753422964,2
