,abs_amplitude,amplitude_squared,surface_energy,param_0,real_group_sampling_width,global_cutoff
0,0.46744491361156637,0.21867938715048943,40.676717358623875,-0.46744491361156637,0.12356830680387823,3
