,abs_amplitude,amplitude_squared,surface_energy,param_0,real_group_sampling_width,global_cutoff
0,0.010796667202527433,0.00017858939084133146,14.927357663635194,-0.00037189207135142154,0.10737088816832993,0
