,abs_amplitude,amplitude_squared,surface_energy,param_0,real_group_sampling_width,global_cutoff
0,0.36602627525503406,0.13411783134155691,39.25438688271108,-0.36602627525503406,0.09711277006830464,22
