,abs_amplitude,amplitude_squared,surface_energy,param_0,real_group_sampling_width,global_cutoff
0,0.014552828640490291,0.00034221151189214416,22.396012606648576,-0.0008190130722332147,0.14861405353471382,4
