,abs_amplitude,amplitude_squared,surface_energy,param_0,real_group_sampling_width,global_cutoff
0,0.006655176942137809,7.036826367331082e-05,19.500052428477023,-0.0005641317545158947,0.07254546940483526,8
