,abs_amplitude,amplitude_squared,surface_energy,param_0,real_group_sampling_width,global_cutoff
0,0.5946815886753857,0.3536566856274837,156.45696662518142,0.5946815886753857,0.02867581128781102,169
