,abs_amplitude,amplitude_squared,surface_energy,param_0,real_group_sampling_width,global_cutoff
0,0.019354166129523145,0.0005998614634841557,36.74427744328249,0.00032120980835006216,0.21064915335906262,111
