,abs_amplitude,amplitude_squared,surface_energy,param_0,real_group_sampling_width,global_cutoff
0,0.6810348778173122,0.46400025148916346,128.03542668768964,-0.6810348778173122,0.026796825931971007,0
