,abs_amplitude,amplitude_squared,surface_energy,param_0,real_group_sampling_width,global_cutoff
0,0.354162140770272,0.12553695360768188,3069.667077404515,0.354162140770272,0.01148927762601846,0
