,abs_amplitude,amplitude_squared,surface_energy,param_0,real_group_sampling_width,global_cutoff
0,0.15015808519403032,0.02295659726038038,85.11872960226702,0.14916743059605742,0.17232266206779423,203
