,abs_amplitude,amplitude_squared,surface_energy,param_0,real_group_sampling_width,global_cutoff
0,0.32578330182258824,0.10626615479432938,51.40314123558907,0.32578330182258824,0.09136163419721245,33
