,abs_amplitude,amplitude_squared,surface_energy,param_0,real_group_sampling_width,global_cutoff
0,0.012949146728571727,0.0002661515816361112,19.907634148613077,-0.0006174857172651881,0.12418876651575429,19
