,abs_amplitude,amplitude_squared,surface_energy,param_0,real_group_sampling_width,global_cutoff
0,0.5940648097867782,0.35294149518744733,59.640187322668545,0.5940648097867782,0.047423044123019356,4
