,abs_amplitude,amplitude_squared,surface_energy,param_0,real_group_sampling_width,global_cutoff
0,0.01159397891463224,0.00021110925181503626,33.225732631449446,0.0005299341683535146,0.11275847064125089,5
