,abs_amplitude,amplitude_squared,surface_energy,param_0,real_group_sampling_width,global_cutoff
0,0.016324985700685305,0.00041872482721670067,38.11164024700113,0.0007349036448302965,0.1492523268926535,0
