,abs_amplitude,amplitude_squared,surface_energy,param_0,real_group_sampling_width,global_cutoff
0,0.5567210751049447,0.30995620034569626,108.43853205696234,-0.5567210751049447,0.03648855651682325,1
