,abs_amplitude,amplitude_squared,surface_energy,param_0,real_group_sampling_width,global_cutoff
0,0.006423469845419962,6.409738957599731e-05,26.0343880904341,-0.0001397429382208807,0.0688641671198112,22
