,abs_amplitude,amplitude_squared,surface_energy,param_0,real_group_sampling_width,global_cutoff
0,0.41813389094878484,0.17499929760517008,36.75020743535718,0.41813389094878484,0.10659528341009758,7
