,abs_amplitude,amplitude_squared,surface_energy,param_0,real_group_sampling_width,global_cutoff
0,0.6483985580541931,0.4204339385348802,96.90941746513525,-0.6483985580541931,0.030853201563268318,16
