,abs_amplitude,amplitude_squared,surface_energy,param_0,real_group_sampling_width,global_cutoff
0,0.01575840224455469,0.00040110422879694596,29.395554581432098,5.536887335537869e-06,0.15809279314512428,57
