,abs_amplitude,amplitude_squared,surface_energy,param_0,real_group_sampling_width,global_cutoff
0,0.5203355843793095,0.2707794032396674,81.48349355105881,0.5203355843793095,0.042094310870723024,3
