,abs_amplitude,amplitude_squared,surface_energy,param_0,real_group_sampling_width,global_cutoff
0,0.6878163668996379,0.4730916764506298,6443.381343785539,0.6878163668996379,0.004447858003537223,3
