,abs_amplitude,amplitude_squared,surface_energy,param_0,real_group_sampling_width,global_cutoff
0,0.009471917283343454,0.000149240721358744,17.19327075327733,-0.00043389549841908086,0.1018207165687083,1
