,abs_amplitude,amplitude_squared,surface_energy,param_0,real_group_sampling_width,global_cutoff
0,0.006722060181928253,7.377817474603486e-05,22.780185566177835,0.00019198704787786114,0.0708962046175476,7
