,abs_amplitude,amplitude_squared,surface_energy,param_0,real_group_sampling_width,global_cutoff
0,0.6032829441228342,0.3639702126489638,84.5754332742603,-0.6032829441228342,0.036181841629270614,2
