,abs_amplitude,amplitude_squared,surface_energy,param_0,real_group_sampling_width,global_cutoff
0,0.011211509074488493,0.00019693671247432648,13.731893052164477,-1.0203462689859915e-05,0.1228569728601695,0
