,abs_amplitude,amplitude_squared,surface_energy,param_0,real_group_sampling_width,global_cutoff
0,0.005996472076824889,5.907766145199903e-05,26.240622222131528,0.0004230956968089794,0.06304626525224075,25
