,abs_amplitude,amplitude_squared,surface_energy,param_0,real_group_sampling_width,global_cutoff
0,0.010586323411364553,0.00017583487960312854,10.41460158216202,0.0003367664632130363,0.11265135437434964,0
