,abs_amplitude,amplitude_squared,surface_energy,param_0,real_group_sampling_width,global_cutoff
0,0.011851533625555404,0.0002230066570613153,25.688618296219413,0.0003062134976072177,0.14223012114065278,102
