,abs_amplitude,amplitude_squared,surface_energy,param_0,real_group_sampling_width,global_cutoff
0,0.008056666613696663,9.848682838111933e-05,11.732560219145814,-8.468805785095021e-05,0.0866311748228171,62
