,abs_amplitude,amplitude_squared,surface_energy,param_0,real_group_sampling_width,global_cutoff
0,0.007989086139530968,9.91012603708048e-05,9.148473167582953,-0.0003826174625431942,0.08156362187641139,2
