,abs_amplitude,amplitude_squared,surface_energy,param_0,real_group_sampling_width,global_cutoff
0,0.01546639364800168,0.00038394952816715256,77.02017272765329,0.0009587759903182658,0.1549412940041357,0
