,abs_amplitude,amplitude_squared,surface_energy,param_0,real_group_sampling_width,global_cutoff
0,0.007260143439557134,8.021987537200456e-05,19.77628215403026,-0.0001778023128730004,0.07128966103041583,1
