,abs_amplitude,amplitude_squared,surface_energy,param_0,real_group_sampling_width,global_cutoff
0,0.5855374392240907,0.3429291622766274,152.71163861126976,0.5855374392240907,0.02728828326982337,1
