,abs_amplitude,amplitude_squared,surface_energy,param_0,real_group_sampling_width,global_cutoff
0,0.006712626585731486,6.866955473995536e-05,24.3147995578534,-0.0007365803647136271,0.06768998834491838,8
