,abs_amplitude,amplitude_squared,surface_energy,param_0,real_group_sampling_width,global_cutoff
0,0.030442356714504053,0.0014453367181929656,27.339505307833406,-0.001262284030766047,0.3066314968708777,71
