,abs_amplitude,amplitude_squared,surface_energy,param_0,real_group_sampling_width,global_cutoff
0,0.011972355758810949,0.0002312868438478899,12.879116280419474,0.0008034767692966341,0.12618677019987176,55
