,abs_amplitude,amplitude_squared,surface_energy,param_0,real_group_sampling_width,global_cutoff
0,0.032987066627252634,0.0016042349975794916,119.6801325999085,0.0018195584866683905,0.29214940841150927,1
