,abs_amplitude,amplitude_squared,surface_energy,param_0,real_group_sampling_width,global_cutoff
0,0.6157916397698414,0.37922063840724174,76.90223378334441,0.6157916397698414,0.03815422067909086,0
