,abs_amplitude,amplitude_squared,surface_energy,param_0,real_group_sampling_width,global_cutoff
0,0.014647817190400958,0.0003407803119044509,19.607592220960974,0.0008446652585681506,0.1490484225184937,31
