,abs_amplitude,amplitude_squared,surface_energy,param_0,real_group_sampling_width,global_cutoff
0,0.00928868626856624,0.00013783623186619154,20.845207821264523,0.0005149289169857657,0.09555654739984522,25
