,abs_amplitude,amplitude_squared,surface_energy,param_0,real_group_sampling_width,global_cutoff
0,0.022882833258413428,0.000833503146432856,39.316392204056285,-0.0001341573471523591,0.21825127396916114,63
