,abs_amplitude,amplitude_squared,surface_energy,param_0,real_group_sampling_width,global_cutoff
0,0.009112274614552817,0.0001312201074696397,25.609701338598672,-8.267273879916948e-05,0.09080962448472626,0
