,abs_amplitude,amplitude_squared,surface_energy,param_0,real_group_sampling_width,global_cutoff
0,0.01708511246732745,0.00046234345706957765,26.928440096577198,-0.00020361785876055002,0.22472289583195146,226
