,abs_amplitude,amplitude_squared,surface_energy,param_0,real_group_sampling_width,global_cutoff
0,0.006130142346245715,5.7351514612293344e-05,21.562715997176095,-0.0006801103778026627,0.06816655892678837,60
