,abs_amplitude,amplitude_squared,surface_energy,param_0,real_group_sampling_width,global_cutoff
0,0.3657436190230551,0.13379881966528,149.1021556858169,-0.3657436190230551,0.04912349932386112,17
