,abs_amplitude,amplitude_squared,surface_energy,param_0,real_group_sampling_width,global_cutoff
0,0.21547308858961314,0.047079574718201664,32.339908149825874,0.21547308858961314,0.19581546873582267,135
