,abs_amplitude,amplitude_squared,surface_energy,param_0,real_group_sampling_width,global_cutoff
0,0.0072413210099500505,7.936657718414928e-05,23.986093467645453,-8.191140969148562e-05,0.07113970915261873,17
