,abs_amplitude,amplitude_squared,surface_energy,param_0,real_group_sampling_width,global_cutoff
0,0.006892161834100575,7.648136773209655e-05,15.889022315390765,5.832099659999311e-05,0.07232044977042984,2
