,abs_amplitude,amplitude_squared,surface_energy,param_0,real_group_sampling_width,global_cutoff
0,0.02248029459558555,0.0008037355208225467,35.39874281788833,-3.8042987972369015e-05,0.20262735393847695,4
