,abs_amplitude,amplitude_squared,surface_energy,param_0,real_group_sampling_width,global_cutoff
0,0.008358755687649454,0.0001052852258563816,19.617638603993022,-5.041367718370891e-05,0.09079931567732456,4
