,abs_amplitude,amplitude_squared,surface_energy,param_0,real_group_sampling_width,global_cutoff
0,0.017852008822875354,0.000488644314001157,24.550689343668374,0.00012952672032763926,0.17543575102032444,7
