,abs_amplitude,amplitude_squared,surface_energy,param_0,real_group_sampling_width,global_cutoff
0,0.08334095746113936,0.011089158082833431,38.63626356062707,-0.006332059060801133,0.5703025850694039,15
