,abs_amplitude,amplitude_squared,surface_energy,param_0,real_group_sampling_width,global_cutoff
0,0.4315809206027182,0.18627964939674838,163.50039639375166,0.4315809206027182,0.038866845008696846,53
