,abs_amplitude,amplitude_squared,surface_energy,param_0,real_group_sampling_width,global_cutoff
0,0.007293891252604965,8.413993188988048e-05,17.468233885673914,5.883785337775425e-05,0.07765091450802486,16
