,abs_amplitude,amplitude_squared,surface_energy,param_0,real_group_sampling_width,global_cutoff
0,0.6299767332350519,0.39688901819786626,80.17445417478653,-0.6299767332350519,0.03655875561310848,1
