,abs_amplitude,amplitude_squared,surface_energy,param_0,real_group_sampling_width,global_cutoff
0,0.010579533002688088,0.00017774616793266945,10.628836705487016,0.0006252892911870706,0.10295505548100013,6
