,abs_amplitude,amplitude_squared,surface_energy,param_0,real_group_sampling_width,global_cutoff
0,0.009961418926814933,0.00015464187236265906,23.1326195782465,7.119793572379736e-05,0.10389667762270641,30
