,abs_amplitude,amplitude_squared,surface_energy,param_0,real_group_sampling_width,global_cutoff
0,0.598634191883389,0.35838902249026466,440.45425075154947,-0.598634191883389,0.015706340554883784,4
