,abs_amplitude,amplitude_squared,surface_energy,param_0,real_group_sampling_width,global_cutoff
0,0.6692677474348352,0.4479335463850314,81.88457053864644,0.6692677474348352,0.03506241582397828,12
