,abs_amplitude,amplitude_squared,surface_energy,param_0,real_group_sampling_width,global_cutoff
0,0.5291292538400689,0.2801423136380166,62.022918823723856,-0.5291292538400689,0.04930920024535105,0
