,abs_amplitude,amplitude_squared,surface_energy,param_0,real_group_sampling_width,global_cutoff
0,0.007230660042371617,8.255749024169722e-05,23.28090437099591,0.0002700606851587142,0.06806566662108401,11
