,abs_amplitude,amplitude_squared,surface_energy,param_0,real_group_sampling_width,global_cutoff
0,0.013551798863942775,0.00028726946184109303,20.378339129895515,0.0002698293733377215,0.1465060654897062,0
