,abs_amplitude,amplitude_squared,surface_energy,param_0,real_group_sampling_width,global_cutoff
0,0.5949851256438704,0.3540084210749598,4786.342436171462,-0.5949851256438704,0.0059633284712888555,2
