,abs_amplitude,amplitude_squared,surface_energy,param_0,real_group_sampling_width,global_cutoff
0,0.009399207904574871,0.00013568458502119312,7.82198205415134,-6.0566600421849666e-05,0.09452538061242981,68
