,abs_amplitude,amplitude_squared,surface_energy,param_0,real_group_sampling_width,global_cutoff
0,0.01039978016049645,0.0001709807733183187,28.134214454315764,-0.0008880969690508917,0.10343333778653288,2
