,abs_amplitude,amplitude_squared,surface_energy,param_0,real_group_sampling_width,global_cutoff
0,0.02604597382407676,0.0010072684139518949,25.964061232365154,0.002040151039558915,0.24654901718820446,47
