,abs_amplitude,amplitude_squared,surface_energy,param_0,real_group_sampling_width,global_cutoff
0,0.008894911081624098,0.0001210057447776692,11.968495248190331,0.00026217372377615764,0.08843208856085227,16
