,abs_amplitude,amplitude_squared,surface_energy,param_0,real_group_sampling_width,global_cutoff
0,0.5640960687885319,0.3182736205690718,46.40300816371643,-0.5640960687885319,0.06975702611068628,43
