,abs_amplitude,amplitude_squared,surface_energy,param_0,real_group_sampling_width,global_cutoff
0,0.013406431363885382,0.0002829067799292341,32.28426534001911,0.00025879499080955714,0.1338612368835107,0
