,abs_amplitude,amplitude_squared,surface_energy,param_0,real_group_sampling_width,global_cutoff
0,0.6793911691718467,0.46172980231441635,108.19232893405847,-0.6793911691718467,0.028857623798268343,0
