,abs_amplitude,amplitude_squared,surface_energy,param_0,real_group_sampling_width,global_cutoff
0,0.6033327710761253,0.36407749514995885,4902.115429198384,-0.6033327710761253,0.005792983159194942,1
