,abs_amplitude,amplitude_squared,surface_energy,param_0,real_group_sampling_width,global_cutoff
0,0.5336677894520621,0.2848629512957884,45.94654137834958,-0.5336677894520621,0.06053643045628113,26
