,abs_amplitude,amplitude_squared,surface_energy,param_0,real_group_sampling_width,global_cutoff
0,0.40345257907780985,0.1628097072669676,106.90219628920678,0.40345257907780985,0.051448251495807826,1
