,abs_amplitude,amplitude_squared,surface_energy,param_0,real_group_sampling_width,global_cutoff
0,0.0078071396280457814,9.76444457970201e-05,22.304454272683028,0.0006844719914037867,0.09352265388828168,128
