,abs_amplitude,amplitude_squared,surface_energy,param_0,real_group_sampling_width,global_cutoff
0,0.6191902278017862,0.3834335171239379,59.718191822356054,0.6191902278017862,0.04445515816156788,1
