,abs_amplitude,amplitude_squared,surface_energy,param_0,real_group_sampling_width,global_cutoff
0,0.008901829715223686,0.0001217646681239634,14.41651767235269,0.0004403105926278351,0.08685770659030732,4
