,abs_amplitude,amplitude_squared,surface_energy,param_0,real_group_sampling_width,global_cutoff
0,0.6435752372766897,0.4142198979250931,112.32570105978068,-0.6435752372766897,0.02876535195608976,2
