,abs_amplitude,amplitude_squared,surface_energy,param_0,real_group_sampling_width,global_cutoff
0,0.017686832521175207,0.0004968713528772507,35.64191486543522,0.0009986268445664342,0.22917313363925126,274
