,abs_amplitude,amplitude_squared,surface_energy,param_0,real_group_sampling_width,global_cutoff
0,0.013030573009025288,0.00026077724318905224,17.562196816690204,-7.019593303188442e-05,0.13536236206364632,7
