,abs_amplitude,amplitude_squared,surface_energy,param_0,real_group_sampling_width,global_cutoff
0,0.193798722738494,0.03795900433095653,54.194322974208006,-0.193798722738494,0.17043152808086906,162
