,abs_amplitude,amplitude_squared,surface_energy,param_0,real_group_sampling_width,global_cutoff
0,0.009728345751967295,0.00014663175605627424,12.81691294010868,0.000550176777233155,0.09746623403065947,12
