,abs_amplitude,amplitude_squared,surface_energy,param_0,real_group_sampling_width,global_cutoff
0,0.03869186488606329,0.002298108925078391,28.303051231524325,-0.003280368652768046,0.37852477554165126,125
