,abs_amplitude,amplitude_squared,surface_energy,param_0,real_group_sampling_width,global_cutoff
0,0.007741837077660634,9.199430252025096e-05,19.814718699794984,8.288927357803888e-05,0.07194284402583259,0
