,abs_amplitude,amplitude_squared,surface_energy,param_0,real_group_sampling_width,global_cutoff
0,0.608544267022816,0.37034168828259706,101.00239861883254,0.608544267022816,0.03150541763263623,13
