,abs_amplitude,amplitude_squared,surface_energy,param_0,real_group_sampling_width,global_cutoff
0,0.2157138398422391,0.046717019508686855,67.40270414788743,0.2157138398422391,0.12248976909801716,32
