,abs_amplitude,amplitude_squared,surface_energy,param_0,real_group_sampling_width,global_cutoff
0,0.33548636949932953,0.11272977204265472,37.90629100234958,0.33548636949932953,0.11162429880561968,12
