,abs_amplitude,amplitude_squared,surface_energy,param_0,real_group_sampling_width,global_cutoff
0,0.6165477733180043,0.38016616763742406,56.11583673678277,-0.6165477733180043,0.049244215802853396,75
