,abs_amplitude,amplitude_squared,surface_energy,param_0,real_group_sampling_width,global_cutoff
0,0.48382722676642376,0.23409022828736814,3731.2521620901384,0.48382722676642376,0.008114164839233648,2
