,abs_amplitude,amplitude_squared,surface_energy,param_0,real_group_sampling_width,global_cutoff
0,0.006874394863630216,7.543153892988194e-05,13.000156236614405,-0.0006721487264321459,0.07485900600900813,8
