,abs_amplitude,amplitude_squared,surface_energy,param_0,real_group_sampling_width,global_cutoff
0,0.0080909559531499,0.00010222432800916936,26.441032578162822,0.001040847168963516,0.08257910300727633,12
