,abs_amplitude,amplitude_squared,surface_energy,param_0,real_group_sampling_width,global_cutoff
0,0.007477583537120763,8.797515397783121e-05,15.270405484386728,-9.400402297233596e-05,0.07741481251100658,5
