,abs_amplitude,amplitude_squared,surface_energy,param_0,real_group_sampling_width,global_cutoff
0,0.009478792000121547,0.00014151212717525361,15.630264225359378,-0.0003622793206925331,0.11781607032965852,116
