,abs_amplitude,amplitude_squared,surface_energy,param_0,real_group_sampling_width,global_cutoff
0,0.5783844092642202,0.33455712058097953,62.49156804428263,0.5783844092642202,0.0448990632920796,17
