,abs_amplitude,amplitude_squared,surface_energy,param_0,real_group_sampling_width,global_cutoff
0,0.005837007157832097,5.4339624878541126e-05,23.41752600517923,2.9015611488781857e-05,0.06768834662537289,223
