,abs_amplitude,amplitude_squared,surface_energy,param_0,real_group_sampling_width,global_cutoff
0,0.5519821192727863,0.304693209785605,205.84762995079876,0.5519821192727863,0.02525882960023203,3
