,abs_amplitude,amplitude_squared,surface_energy,param_0,real_group_sampling_width,global_cutoff
0,0.006282415494402526,6.240357302131576e-05,18.316791128062256,0.00034634933153155663,0.06918660049126472,59
