,abs_amplitude,amplitude_squared,surface_energy,param_0,real_group_sampling_width,global_cutoff
0,0.008161664769845825,0.00010797672574154696,22.74504610228113,2.3356562593081142e-05,0.08929305414924715,29
