,abs_amplitude,amplitude_squared,surface_energy,param_0,real_group_sampling_width,global_cutoff
0,0.0022423459493147386,7.742651900215531e-06,2261.947197196689,-0.00017044455199437348,0.022988553916237678,2
