,abs_amplitude,amplitude_squared,surface_energy,param_0,real_group_sampling_width,global_cutoff
0,0.010393829307088324,0.0001705866912579124,10.527301705416459,-0.0001355969868810525,0.10703172590348074,4
