,abs_amplitude,amplitude_squared,surface_energy,param_0,real_group_sampling_width,global_cutoff
0,0.027783976419866577,0.0012423490311750654,35.123850346642875,0.0018644147287013644,0.27015090741501285,20
