,abs_amplitude,amplitude_squared,surface_energy,param_0,real_group_sampling_width,global_cutoff
0,0.5887006307427473,0.34662177107221404,49.280867168408214,-0.5887006307427473,0.05938759285824824,8
