,abs_amplitude,amplitude_squared,surface_energy,param_0,real_group_sampling_width,global_cutoff
0,0.3401953203749736,0.11608004287030801,33.7061376555179,0.3401953203749736,0.15168749210277738,124
