,abs_amplitude,amplitude_squared,surface_energy,param_0,real_group_sampling_width,global_cutoff
0,0.011300759104629285,0.0001961066263909297,24.672706175693254,-0.0006645197159903982,0.11277791942323913,0
