,abs_amplitude,amplitude_squared,surface_energy,param_0,real_group_sampling_width,global_cutoff
0,0.01087377711327494,0.00018928963950461683,9.691083975723924,0.0015097270036816576,0.10774153466357499,57
