,abs_amplitude,amplitude_squared,surface_energy,param_0,real_group_sampling_width,global_cutoff
0,0.008576409648537077,0.00011804806068885572,9.79246611036677,4.304122140873298e-06,0.09366340782776117,35
