,abs_amplitude,amplitude_squared,surface_energy,param_0,real_group_sampling_width,global_cutoff
0,0.49023532358746696,0.24036504035707307,65.2744706659695,0.49023532358746696,0.05537553477969791,1
