,abs_amplitude,amplitude_squared,surface_energy,param_0,real_group_sampling_width,global_cutoff
0,0.32625181901739725,0.10686025545477273,33.19597681860918,0.32625181901739725,0.13902219506238048,0
