,abs_amplitude,amplitude_squared,surface_energy,param_0,real_group_sampling_width,global_cutoff
0,0.01198468145284265,0.00022760216583002377,20.134488011116247,0.0010042185093767696,0.11460959827962126,27
