,abs_amplitude,amplitude_squared,surface_energy,param_0,real_group_sampling_width,global_cutoff
0,0.00863828910782417,0.00011847245903394355,12.240486339554323,0.0012104666888862097,0.08811570157931711,0
