,abs_amplitude,amplitude_squared,surface_energy,param_0,real_group_sampling_width,global_cutoff
0,0.03042651668672592,0.0014722101717111523,30.792276050633955,-0.003474720014328752,0.2944774701490765,87
