,abs_amplitude,amplitude_squared,surface_energy,param_0,real_group_sampling_width,global_cutoff
0,0.006755506006912871,7.427166774085536e-05,19.259342569096646,-0.0005767606747827136,0.07074770215131906,0
