,abs_amplitude,amplitude_squared,surface_energy,param_0,real_group_sampling_width,global_cutoff
0,0.5919948779083855,0.3504843401121263,64.66723472967476,0.5919948779083855,0.04519501508427234,4
