,abs_amplitude,amplitude_squared,surface_energy,param_0,real_group_sampling_width,global_cutoff
0,0.5853581110483476,0.34269733191149127,48.82425073435724,-0.5853581110483476,0.06309892330943585,59
