,abs_amplitude,amplitude_squared,surface_energy,param_0,real_group_sampling_width,global_cutoff
0,0.008414047180996486,0.0001117821769691697,14.688474376496767,5.317613505297824e-07,0.08444091032773175,5
