,abs_amplitude,amplitude_squared,surface_energy,param_0,real_group_sampling_width,global_cutoff
0,0.54509976652533,0.29721085268462766,44.68999833290889,-0.54509976652533,0.08702110073769073,140
