,abs_amplitude,amplitude_squared,surface_energy,param_0,real_group_sampling_width,global_cutoff
0,0.014289782602903521,0.00030791223284900286,37.08154421332412,-0.000741288713816481,0.14336299090398746,4
