,abs_amplitude,amplitude_squared,surface_energy,param_0,real_group_sampling_width,global_cutoff
0,0.013602465281700447,0.0002883346493010607,29.5072126958124,-0.0005814327867810177,0.1581412092006586,183
