,abs_amplitude,amplitude_squared,surface_energy,param_0,real_group_sampling_width,global_cutoff
0,0.015738585636056547,0.00036499016100161063,20.77133522285218,0.0003433860804994619,0.15438731896605265,15
