,abs_amplitude,amplitude_squared,surface_energy,param_0,real_group_sampling_width,global_cutoff
0,0.014483559816834244,0.000329294491091408,30.97397558774574,0.0014872664732813986,0.14255213390218702,0
