,abs_amplitude,amplitude_squared,surface_energy,param_0,real_group_sampling_width,global_cutoff
0,0.6451719156402209,0.4163113426081974,69.2796506355739,0.6451719156402209,0.04038899214236918,0
