,abs_amplitude,amplitude_squared,surface_energy,param_0,real_group_sampling_width,global_cutoff
0,0.10871615394620401,0.016137620747348546,34.12071567734983,-0.013594709307209938,0.6848179051567885,74
