,abs_amplitude,amplitude_squared,surface_energy,param_0,real_group_sampling_width,global_cutoff
0,0.007512614418056954,8.994310343592224e-05,19.85640170781082,-0.00013306025133994964,0.08810114615783514,65
