,abs_amplitude,amplitude_squared,surface_energy,param_0,real_group_sampling_width,global_cutoff
0,0.40749083012467263,0.16622982404711306,36.24471492768422,0.40749083012467263,0.11052445859291249,1
