,abs_amplitude,amplitude_squared,surface_energy,param_0,real_group_sampling_width,global_cutoff
0,0.5417918238667807,0.29358328798082706,63.6902220631111,0.5417918238667807,0.04977858271274343,0
