,abs_amplitude,amplitude_squared,surface_energy,param_0,real_group_sampling_width,global_cutoff
0,0.4382962770073749,0.19213997024899318,112.73505022065687,-0.4382962770073749,0.044787292822658684,0
