,abs_amplitude,amplitude_squared,surface_energy,param_0,real_group_sampling_width,global_cutoff
0,0.015522836248892289,0.0003676813295877578,26.456080900736197,-0.0005890753031528215,0.15404789893274423,38
