,abs_amplitude,amplitude_squared,surface_energy,param_0,real_group_sampling_width,global_cutoff
0,0.6342111805547138,0.40222948125404956,5362.462499515148,-0.6342111805547138,0.0053795389320258355,2
