,abs_amplitude,amplitude_squared,surface_energy,param_0,real_group_sampling_width,global_cutoff
0,0.6386773134223092,0.4079263615631433,74.030385918852,0.6386773134223092,0.03735599266029247,69
