,abs_amplitude,amplitude_squared,surface_energy,param_0,real_group_sampling_width,global_cutoff
0,0.5418331188790139,0.29365263744886705,4203.6365903419255,0.5418331188790139,0.006872098376119964,0
