,abs_amplitude,amplitude_squared,surface_energy,param_0,real_group_sampling_width,global_cutoff
0,0.020350868482166093,0.0006562502313266159,59.767359773713586,-0.001752691569656834,0.22323850129478823,99
