,abs_amplitude,amplitude_squared,surface_energy,param_0,real_group_sampling_width,global_cutoff
0,0.23305051385711054,0.054632451143873655,47.357283356018215,0.23305051385711054,0.14367136785419604,45
