,abs_amplitude,amplitude_squared,surface_energy,param_0,real_group_sampling_width,global_cutoff
0,0.26720967858416794,0.07187342683037223,32.245891542428595,-0.26720967858416794,0.16036008781536273,0
