,abs_amplitude,amplitude_squared,surface_energy,param_0,real_group_sampling_width,global_cutoff
0,0.01768922638778035,0.00048611974662565136,25.382853272967118,-7.886555067889627e-05,0.19605262750759464,77
