,abs_amplitude,amplitude_squared,surface_energy,param_0,real_group_sampling_width,global_cutoff
0,0.5265651432857513,0.2772813621019241,194.65835469716757,-0.5265651432857513,0.02823756272781904,2
