,abs_amplitude,amplitude_squared,surface_energy,param_0,real_group_sampling_width,global_cutoff
0,0.2692883728482438,0.07292446575051989,33.5701652826515,0.2692883728482438,0.16601296573228114,54
