,abs_amplitude,amplitude_squared,surface_energy,param_0,real_group_sampling_width,global_cutoff
0,0.5453476720426772,0.29742228782948604,105.57474846653007,-0.5453476720426772,0.036213725401849584,3
