,abs_amplitude,amplitude_squared,surface_energy,param_0,real_group_sampling_width,global_cutoff
0,0.006794879437439906,7.358189223199716e-05,11.555715814132517,-0.0002146684673796428,0.07525347626478968,11
