,abs_amplitude,amplitude_squared,surface_energy,param_0,real_group_sampling_width,global_cutoff
0,0.6688133993625622,0.4473325369576428,288.15899188125445,0.6688133993625622,0.01711134016945004,2
