,abs_amplitude,amplitude_squared,surface_energy,param_0,real_group_sampling_width,global_cutoff
0,0.21660778350431092,0.046923805771790415,2700.654580573803,0.21660778350431092,0.019274067938905227,2
