,abs_amplitude,amplitude_squared,surface_energy,param_0,real_group_sampling_width,global_cutoff
0,0.020674743648036488,0.0006901996653317845,28.309364017025487,-0.00015888033593992456,0.20703026057241186,0
