,abs_amplitude,amplitude_squared,surface_energy,param_0,real_group_sampling_width,global_cutoff
0,0.012034109878567546,0.00022073848738348231,21.175873752521397,0.0011482903592276328,0.11650103026726799,26
