,abs_amplitude,amplitude_squared,surface_energy,param_0,real_group_sampling_width,global_cutoff
0,0.3967435588203155,0.15755583518911953,36.68434531708107,-0.3967435588203155,0.10034909677990261,2
