,abs_amplitude,amplitude_squared,surface_energy,param_0,real_group_sampling_width,global_cutoff
0,0.6425966904127431,0.41295025120528567,68.6394732168638,-0.6425966904127431,0.03811798238037039,52
