,abs_amplitude,amplitude_squared,surface_energy,param_0,real_group_sampling_width,global_cutoff
0,0.011105137242947786,0.0001938889749227736,22.698933326714254,-0.0001591775655090558,0.12826042298241508,108
