,abs_amplitude,amplitude_squared,surface_energy,param_0,real_group_sampling_width,global_cutoff
0,0.5856570717629812,0.3429945549605981,4670.375795438167,-0.5856570717629812,0.005492061857071266,14
