,abs_amplitude,amplitude_squared,surface_energy,param_0,real_group_sampling_width,global_cutoff
0,0.007957001317592279,0.00010135763792118828,12.775438205423692,0.0008590511897902588,0.08267179212857032,9
