,abs_amplitude,amplitude_squared,surface_energy,param_0,real_group_sampling_width,global_cutoff
0,0.5543472301823099,0.3073761767107561,45.5471033679678,-0.5543472301823099,0.06994531087840102,35
