,abs_amplitude,amplitude_squared,surface_energy,param_0,real_group_sampling_width,global_cutoff
0,0.03771812387603318,0.002238853117669668,29.41112469882543,-0.0036203696002259683,0.33380331967510596,17
