,abs_amplitude,amplitude_squared,surface_energy,param_0,real_group_sampling_width,global_cutoff
0,0.6490255657405408,0.4212382888187084,269.1560478347527,-0.6490255657405408,0.017152542879947975,19
