,abs_amplitude,amplitude_squared,surface_energy,param_0,real_group_sampling_width,global_cutoff
0,0.659325822756174,0.43472947567769626,5819.541131340941,-0.659325822756174,0.005147544294430965,2
