,abs_amplitude,amplitude_squared,surface_energy,param_0,real_group_sampling_width,global_cutoff
0,0.576997220273627,0.33294523906804413,78.8329232505251,0.576997220273627,0.03964361393014232,1
