,abs_amplitude,amplitude_squared,surface_energy,param_0,real_group_sampling_width,global_cutoff
0,0.022926082288285708,0.0007993356296090947,32.00182898348598,-0.0006306851985779681,0.21615908022700936,6
