,abs_amplitude,amplitude_squared,surface_energy,param_0,real_group_sampling_width,global_cutoff
0,0.017618653509728206,0.00048496017656284826,28.09919457880814,0.0013762423277472043,0.17895227867050315,22
