,abs_amplitude,amplitude_squared,surface_energy,param_0,real_group_sampling_width,global_cutoff
0,0.02169497803316154,0.0007279799930228518,24.9255023464617,0.00240003440221612,0.22030720867321038,27
