,abs_amplitude,amplitude_squared,surface_energy,param_0,real_group_sampling_width,global_cutoff
0,0.40829156039500847,0.16684398940649872,37.234944036409345,0.40829156039500847,0.11502548481329376,149
