,abs_amplitude,amplitude_squared,surface_energy,param_0,real_group_sampling_width,global_cutoff
0,0.6586165931634091,0.43378844689825125,117.95189731605814,-0.6586165931634091,0.028105716667907368,1
