,abs_amplitude,amplitude_squared,surface_energy,param_0,real_group_sampling_width,global_cutoff
0,0.6562293203978254,0.43065384107857824,78.32140486722714,-0.6562293203978254,0.03550519500658103,2
