,abs_amplitude,amplitude_squared,surface_energy,param_0,real_group_sampling_width,global_cutoff
0,0.007536514806282088,9.57970484411457e-05,13.296842718812844,-0.00037646375812998154,0.08202508726201202,0
