,abs_amplitude,amplitude_squared,surface_energy,param_0,real_group_sampling_width,global_cutoff
0,0.6794407303955114,0.46164443926863064,298.97129731020954,-0.6794407303955114,0.01690000122565854,2
