,abs_amplitude,amplitude_squared,surface_energy,param_0,real_group_sampling_width,global_cutoff
0,0.6558624929228393,0.430166786907488,116.82813454049457,0.6558624929228393,0.027430731342744756,17
