,abs_amplitude,amplitude_squared,surface_energy,param_0,real_group_sampling_width,global_cutoff
0,0.007637925987319688,8.49264448351213e-05,95.74429325395586,-0.00043048448468022105,0.07647430648034935,74
