,abs_amplitude,amplitude_squared,surface_energy,param_0,real_group_sampling_width,global_cutoff
0,0.9892248274263107,0.9785663570773988,6.390751062645361,0.9892248274263107,0.004725010810533039,46
