,abs_amplitude,amplitude_squared,surface_energy,param_0,real_group_sampling_width,global_cutoff
0,0.011815206372730671,0.000218163685182913,8.59691641210772,0.00047530458043017616,0.11743237491970616,9
