,abs_amplitude,amplitude_squared,surface_energy,param_0,real_group_sampling_width,global_cutoff
0,0.01269240781264065,0.0002710670700426347,10.927768067752025,0.00014102492843453852,0.13417577645351583,21
