,abs_amplitude,amplitude_squared,surface_energy,param_0,real_group_sampling_width,global_cutoff
0,0.48105038190770616,0.23144928144262475,71.0968826491748,-0.48105038190770616,0.05022428832084696,1
