,abs_amplitude,amplitude_squared,surface_energy,param_0,real_group_sampling_width,global_cutoff
0,0.011075743942853579,0.00020220121590341502,10.839902330488636,-0.0009121819893002414,0.11263069252706079,4
