,abs_amplitude,amplitude_squared,surface_energy,param_0,real_group_sampling_width,global_cutoff
0,0.002927035302733249,1.3420363790744276e-05,1727.8764867373864,-0.00021797455824029634,0.029545387548310494,9
