,abs_amplitude,amplitude_squared,surface_energy,param_0,real_group_sampling_width,global_cutoff
0,0.011904089218680186,0.00021866643583580314,8.284252452872382,3.7709416487228622e-06,0.12897456150115535,50
