,abs_amplitude,amplitude_squared,surface_energy,param_0,real_group_sampling_width,global_cutoff
0,0.010721108921262563,0.0001794700955705798,8.189453007147087,0.0006627503768657017,0.1108688681895956,17
