,abs_amplitude,amplitude_squared,surface_energy,param_0,real_group_sampling_width,global_cutoff
0,0.5761768578221491,0.3320385270512046,27.78937964446604,-0.5761768578221491,0.06692339503195126,2
