,abs_amplitude,amplitude_squared,surface_energy,param_0,real_group_sampling_width,global_cutoff
0,0.522821531372912,0.27352764013339276,14.162884941296838,0.522821531372912,0.11102786632458264,0
