,abs_amplitude,amplitude_squared,surface_energy,param_0,real_group_sampling_width,global_cutoff
0,0.009118288824914356,0.00012924132193697517,157.08010264037,-0.00023133039100105626,0.09051838929887654,15
