,abs_amplitude,amplitude_squared,surface_energy,param_0,real_group_sampling_width,global_cutoff
0,0.02396422135559501,0.0008621168114750662,23.89435677830935,0.0005205195294106429,0.23156765638798504,112
