,abs_amplitude,amplitude_squared,surface_energy,param_0,real_group_sampling_width,global_cutoff
0,0.021683743621888824,0.0006798901661274305,13.76124259325124,0.0013356936637035238,0.23418920914996583,193
