,abs_amplitude,amplitude_squared,surface_energy,param_0,real_group_sampling_width,global_cutoff
0,0.012199769271812936,0.0002356058578604829,8.127952122656264,0.0005121471743371963,0.12937469469182594,34
