,abs_amplitude,amplitude_squared,surface_energy,param_0,real_group_sampling_width,global_cutoff
0,0.009928683208998623,0.0001492753882675505,7.039733609153926,0.0008825604146394736,0.11581573472859708,158
