,abs_amplitude,amplitude_squared,surface_energy,param_0,real_group_sampling_width,global_cutoff
0,0.29269787586992174,0.085831612452561,51.61526389795834,-0.29269787586992174,0.11669965906188325,169
