,abs_amplitude,amplitude_squared,surface_energy,param_0,real_group_sampling_width,global_cutoff
0,0.00908657639648288,0.00012838514421153248,85.2723419756479,0.0001294506923363043,0.08936719931115947,6
