,abs_amplitude,amplitude_squared,surface_energy,param_0,real_group_sampling_width,global_cutoff
0,0.539283789184326,0.29097514349449,15.683242937820228,0.539283789184326,0.1019870420023874,0
