,abs_amplitude,amplitude_squared,surface_energy,param_0,real_group_sampling_width,global_cutoff
0,0.018702457140034996,0.0005654848719898795,12.710782886948484,-0.00018392991632697049,0.18154721174498184,5
