,abs_amplitude,amplitude_squared,surface_energy,param_0,real_group_sampling_width,global_cutoff
0,0.008489976521594646,0.00010891201876695184,6.724258365675171,0.00042674275097141263,0.08321216911921776,22
