,abs_amplitude,amplitude_squared,surface_energy,param_0,real_group_sampling_width,global_cutoff
0,0.012619229272067175,0.0002419397864977088,6.257619772844586,-0.00034374506652662916,0.14410864899187295,157
