,abs_amplitude,amplitude_squared,surface_energy,param_0,real_group_sampling_width,global_cutoff
0,0.017423596031927824,0.0004723056755642494,9.186434035022934,0.001461983709723704,0.17172609339637737,0
