,abs_amplitude,amplitude_squared,surface_energy,param_0,real_group_sampling_width,global_cutoff
0,0.41853776625322586,0.17582586638610848,11.001404414681375,-0.41853776625322586,0.19032516494172952,25
