,abs_amplitude,amplitude_squared,surface_energy,param_0,real_group_sampling_width,global_cutoff
0,0.6915664190777789,0.4784124040913021,10.058545210942293,0.6915664190777789,0.09874877514774358,1
