,abs_amplitude,amplitude_squared,surface_energy,param_0,real_group_sampling_width,global_cutoff
0,0.01951551999747474,0.0005920363234776621,10.611191364204005,-0.0004598923044562789,0.18364456781745125,7
