,abs_amplitude,amplitude_squared,surface_energy,param_0,real_group_sampling_width,global_cutoff
0,0.011361704380643507,0.00020724232581183246,9.720286384934576,0.0004301363391814078,0.1245211966773558,1
