,abs_amplitude,amplitude_squared,surface_energy,param_0,real_group_sampling_width,global_cutoff
0,0.44286902543394974,0.1963037097388059,21.10561807448716,0.44286902543394974,0.1012195923194456,2
