,abs_amplitude,amplitude_squared,surface_energy,param_0,real_group_sampling_width,global_cutoff
0,0.00942523879411977,0.00013831883993729041,6.759291177239273,0.00032104133597122344,0.1085707070974487,143
