,abs_amplitude,amplitude_squared,surface_energy,param_0,real_group_sampling_width,global_cutoff
0,0.010307738830532622,0.00016187817111764543,9.222077195474219,0.0001312447937426569,0.10732857994326275,19
