,abs_amplitude,amplitude_squared,surface_energy,param_0,real_group_sampling_width,global_cutoff
0,0.5615931763182858,0.3154749810215407,20.02157465677968,0.5615931763182858,0.07930475617355824,6
