,abs_amplitude,amplitude_squared,surface_energy,param_0,real_group_sampling_width,global_cutoff
0,0.011535945905090248,0.00020247787222847386,8.33843644287747,-0.0005950705005899521,0.10895141410390576,18
