,abs_amplitude,amplitude_squared,surface_energy,param_0,real_group_sampling_width,global_cutoff
0,0.01133090828209709,0.00020619558786830845,11.513137210202096,0.0002030305330012265,0.13727738911963847,121
