,abs_amplitude,amplitude_squared,surface_energy,param_0,real_group_sampling_width,global_cutoff
0,0.011503326575420367,0.00020688400043397646,5.537346397473524,-4.0915936623561706e-05,0.12144855328366615,24
