,abs_amplitude,amplitude_squared,surface_energy,param_0,real_group_sampling_width,global_cutoff
0,0.008129840839365915,0.00010288901035963566,7.385084741113787,0.0004967503781512302,0.09039549577692771,18
