,abs_amplitude,amplitude_squared,surface_energy,param_0,real_group_sampling_width,global_cutoff
0,0.007837543756672125,9.635726865693593e-05,6.49229843858905,0.00022387092925987603,0.08849089623713331,3
