,abs_amplitude,amplitude_squared,surface_energy,param_0,real_group_sampling_width,global_cutoff
0,0.018165801735473053,0.0005198176200420519,80.78426989641211,0.0006523991797528668,0.1814056186721683,2
