,abs_amplitude,amplitude_squared,surface_energy,param_0,real_group_sampling_width,global_cutoff
0,0.23355534624554838,0.0567009820738792,12.458771259983239,-0.009214004765861405,0.3437541873673813,60
