,abs_amplitude,amplitude_squared,surface_energy,param_0,real_group_sampling_width,global_cutoff
0,0.010032441116999864,0.0001584804098194514,8.785063918400727,-0.00023300926567533333,0.10099991545621885,18
