,abs_amplitude,amplitude_squared,surface_energy,param_0,real_group_sampling_width,global_cutoff
0,0.010252686497812384,0.00016285020276557918,7.480490257641078,5.1561283614843494e-05,0.1107984041373374,99
