,abs_amplitude,amplitude_squared,surface_energy,param_0,real_group_sampling_width,global_cutoff
0,0.01757264486502494,0.0004665354655630263,18.98811130785087,-0.00065618213642707,0.17850097261664283,2
