,abs_amplitude,amplitude_squared,surface_energy,param_0,real_group_sampling_width,global_cutoff
0,0.00958118921678788,0.00014744214980445981,8.38757745045402,-0.000495758496205989,0.0961359533230576,13
