,abs_amplitude,amplitude_squared,surface_energy,param_0,real_group_sampling_width,global_cutoff
0,0.01329525518434313,0.00027638837105230105,16.699085617245057,0.0011076801195994586,0.12669717877364756,5
