,abs_amplitude,amplitude_squared,surface_energy,param_0,real_group_sampling_width,global_cutoff
0,0.015286867170478802,0.00036281103873009036,9.73764382245065,-0.0005385248917727184,0.15195822881934679,37
