,abs_amplitude,amplitude_squared,surface_energy,param_0,real_group_sampling_width,global_cutoff
0,0.011549144744859909,0.0002094994068535088,6.800451174815216,0.0005772015453472511,0.12331593983004323,11
