,abs_amplitude,amplitude_squared,surface_energy,param_0,real_group_sampling_width,global_cutoff
0,0.012931915941483595,0.0002576491120920664,8.440671541786733,-0.000923129867725152,0.12149348432221295,19
