,abs_amplitude,amplitude_squared,surface_energy,param_0,real_group_sampling_width,global_cutoff
0,0.0017908326546720236,4.934261099519206e-06,1822.1242816805952,4.036402361405835e-05,0.01753285880638154,8
