,abs_amplitude,amplitude_squared,surface_energy,param_0,real_group_sampling_width,global_cutoff
0,0.8680155938165499,0.7534885150343993,10.700906362692038,0.8680155938165499,0.04865504140901059,11
