,abs_amplitude,amplitude_squared,surface_energy,param_0,real_group_sampling_width,global_cutoff
0,0.014529620148654207,0.00032733942585769297,8.389053693978488,0.001393016321631671,0.14244100313461425,12
