,abs_amplitude,amplitude_squared,surface_energy,param_0,real_group_sampling_width,global_cutoff
0,0.013602485593911579,0.00028965686716361414,16.416025656110858,-0.0001202457609020947,0.133240884274707,7
