,abs_amplitude,amplitude_squared,surface_energy,param_0,real_group_sampling_width,global_cutoff
0,0.011152872149863241,0.0001938792494131346,7.208518710087476,-0.0008625026925768396,0.12497030244212538,124
