,abs_amplitude,amplitude_squared,surface_energy,param_0,real_group_sampling_width,global_cutoff
0,0.01063154888420232,0.0001715299461655558,6.634210630150854,-0.0009123635219390099,0.10530926912626493,18
