,abs_amplitude,amplitude_squared,surface_energy,param_0,real_group_sampling_width,global_cutoff
0,0.012582966515320052,0.00023672745379654532,11.318039742816124,-0.0013029948986985013,0.12547299625437816,0
