,abs_amplitude,amplitude_squared,surface_energy,param_0,real_group_sampling_width,global_cutoff
0,0.628162872265859,0.3947752250152086,11.215663260564941,0.628162872265859,0.10537960997499346,3
