,abs_amplitude,amplitude_squared,surface_energy,param_0,real_group_sampling_width,global_cutoff
0,0.6855325463034295,0.46999603450870936,26.05280796143618,0.6855325463034295,0.05366888520094884,1
