,abs_amplitude,amplitude_squared,surface_energy,param_0,real_group_sampling_width,global_cutoff
0,0.01908946992289664,0.0005622877986761883,9.756988427895704,0.0016518080313630407,0.18179697030428557,2
