,abs_amplitude,amplitude_squared,surface_energy,param_0,real_group_sampling_width,global_cutoff
0,0.6902286848966263,0.4767725540793247,7.242924340983023,-0.6902286848966263,0.16138948368438485,15
