,abs_amplitude,amplitude_squared,surface_energy,param_0,real_group_sampling_width,global_cutoff
0,0.03505985149864637,0.0018742495620681734,17.952440533180415,-0.0022307732380950815,0.29692705313473655,3
