,abs_amplitude,amplitude_squared,surface_energy,param_0,real_group_sampling_width,global_cutoff
0,0.37004854915358015,0.13761822441077654,12.179082808058217,0.37004854915358015,0.198536024013708,39
