,abs_amplitude,amplitude_squared,surface_energy,param_0,real_group_sampling_width,global_cutoff
0,0.014775543478386931,0.00034166170434901265,12.254912515199418,0.0001164812604799596,0.1439900697703222,9
