,abs_amplitude,amplitude_squared,surface_energy,param_0,real_group_sampling_width,global_cutoff
0,0.009374435801602899,0.0001356346680574923,45.20875142914714,-0.0009132718062867753,0.09630879045935474,1
