,abs_amplitude,amplitude_squared,surface_energy,param_0,real_group_sampling_width,global_cutoff
0,0.037296119872796296,0.002200220113046089,11.751485285877717,-0.004497887097098615,0.34712286462403336,104
