,abs_amplitude,amplitude_squared,surface_energy,param_0,real_group_sampling_width,global_cutoff
0,0.014647427830667173,0.0003337878021601726,13.4301935741112,-0.0004319396260170888,0.15100471642551955,11
