,abs_amplitude,amplitude_squared,surface_energy,param_0,real_group_sampling_width,global_cutoff
0,0.008872139483026618,0.0001209398894550355,6.144551419134335,9.963844452089742e-05,0.09557691180471162,62
