,abs_amplitude,amplitude_squared,surface_energy,param_0,real_group_sampling_width,global_cutoff
0,0.6712387217476532,0.4506379268449023,16.519608446481136,-0.6712387217476532,0.06824332525107595,2
