,abs_amplitude,amplitude_squared,surface_energy,param_0,real_group_sampling_width,global_cutoff
0,0.07134949957821125,0.007102564528075352,17.60696263851009,0.0012386731799289305,0.5704017623376066,126
