,abs_amplitude,amplitude_squared,surface_energy,param_0,real_group_sampling_width,global_cutoff
0,0.01171204499843473,0.00021201976502082867,35.728426132191764,-0.00012396409029276644,0.11945615465933808,3
