,abs_amplitude,amplitude_squared,surface_energy,param_0,real_group_sampling_width,global_cutoff
0,0.01420263926691711,0.0003095028930710182,10.537481059418209,-0.0010075220721235333,0.13865306790135157,9
