,abs_amplitude,amplitude_squared,surface_energy,param_0,real_group_sampling_width,global_cutoff
0,0.01497938836375361,0.0003515031025349269,34.4964466735088,-0.0005610313169931584,0.14314322914748911,0
