,abs_amplitude,amplitude_squared,surface_energy,param_0,real_group_sampling_width,global_cutoff
0,0.41453931660856075,0.17194951630379163,37.34679343099854,0.41453931660856075,0.0794091351093586,22
