,abs_amplitude,amplitude_squared,surface_energy,param_0,real_group_sampling_width,global_cutoff
0,0.009001104285713584,0.00013352936884204262,58.778678043339056,-0.0003611359636652721,0.09835797549472967,0
