,abs_amplitude,amplitude_squared,surface_energy,param_0,real_group_sampling_width,global_cutoff
0,0.7493680064540627,0.5615786310310847,60.603601663840834,-0.7493680064540627,0.027675478374294387,12
