,abs_amplitude,amplitude_squared,surface_energy,param_0,real_group_sampling_width,global_cutoff
0,0.01033066987123106,0.00016554898046225718,6.508994641317513,-0.00010027505249592006,0.1128983485753863,0
