,abs_amplitude,amplitude_squared,surface_energy,param_0,real_group_sampling_width,global_cutoff
0,0.5521226524583545,0.3050086684815484,17.582752490334745,-0.5521226524583545,0.08674420938206276,0
