,abs_amplitude,amplitude_squared,surface_energy,param_0,real_group_sampling_width,global_cutoff
0,0.7863719997766747,0.6184447365819231,11.276954736544234,0.7863719997766747,0.06465848500042895,0
