,abs_amplitude,amplitude_squared,surface_energy,param_0,real_group_sampling_width,global_cutoff
0,0.038522609470898334,0.0023816894359565866,9.779011713611867,-3.0898905007068704e-05,0.31640580786193934,1
