,abs_amplitude,amplitude_squared,surface_energy,param_0,real_group_sampling_width,global_cutoff
0,0.013938842930693333,0.00030430081502579845,8.553546217718601,-0.0004128569004408261,0.14460236233702864,7
