,abs_amplitude,amplitude_squared,surface_energy,param_0,real_group_sampling_width,global_cutoff
0,0.01018788675669612,0.0001671026058216842,7.961101439399205,-0.0007037039802391598,0.10080854099377476,2
