,abs_amplitude,amplitude_squared,surface_energy,param_0,real_group_sampling_width,global_cutoff
0,0.015119925661661458,0.00035792715170440676,8.852490641685137,-0.0007225777567765616,0.1483502732848515,0
