,abs_amplitude,amplitude_squared,surface_energy,param_0,real_group_sampling_width,global_cutoff
0,0.020560734563869643,0.0006904122282168694,5.970896066315091,-5.403859297565204e-05,0.21791891028938715,21
