,abs_amplitude,amplitude_squared,surface_energy,param_0,real_group_sampling_width,global_cutoff
0,0.8047756852914066,0.6476899243898179,20.08895059179837,0.8047756852914066,0.04344447094058762,3
