,abs_amplitude,amplitude_squared,surface_energy,param_0,real_group_sampling_width,global_cutoff
0,0.033035665048476305,0.0016921590320603782,7.073227525094283,0.0024011275880351317,0.2873028621173132,4
