,abs_amplitude,amplitude_squared,surface_energy,param_0,real_group_sampling_width,global_cutoff
0,0.5314698345398715,0.2825006969072192,46.93717267590031,0.5314698345398715,0.05373520648289998,10
