,abs_amplitude,amplitude_squared,surface_energy,param_0,real_group_sampling_width,global_cutoff
0,0.7413337218895751,0.54960799778581,21.008990187323775,0.7413337218895751,0.04953558755751562,3
