,abs_amplitude,amplitude_squared,surface_energy,param_0,real_group_sampling_width,global_cutoff
0,0.2718897673124145,0.0744692081823593,19.376041910725057,-0.2718897673124145,0.1839626399094379,6
