,abs_amplitude,amplitude_squared,surface_energy,param_0,real_group_sampling_width,global_cutoff
0,0.8796254727747508,0.773754257125875,22.628830713895546,0.8796254727747508,0.031979159574687305,6
