,abs_amplitude,amplitude_squared,surface_energy,param_0,real_group_sampling_width,global_cutoff
0,0.01615965870574244,0.0004071376365753207,9.553928957831152,0.0008266220540954918,0.15833929520424656,5
