,abs_amplitude,amplitude_squared,surface_energy,param_0,real_group_sampling_width,global_cutoff
0,0.8108366269305533,0.6574643428694557,57.87074234377528,-0.8108366269305533,0.02408932230516506,20
