,abs_amplitude,amplitude_squared,surface_energy,param_0,real_group_sampling_width,global_cutoff
0,0.014877134875501139,0.0003493328921541873,7.147263403656781,0.000692318588817001,0.13621177968764686,0
