,abs_amplitude,amplitude_squared,surface_energy,param_0,real_group_sampling_width,global_cutoff
0,0.010881663598691312,0.00018771165130169196,5.333032294561172,-0.0002950804257693789,0.11725962932066894,0
