,abs_amplitude,amplitude_squared,surface_energy,param_0,real_group_sampling_width,global_cutoff
0,0.674818735461046,0.45556711229853997,9.395466466271294,0.674818735461046,0.11816074285797375,58
