,abs_amplitude,amplitude_squared,surface_energy,param_0,real_group_sampling_width,global_cutoff
0,0.01370211404298288,0.00029203110348902935,9.373240490776297,0.000711942151436441,0.13692735716598728,1
