,abs_amplitude,amplitude_squared,surface_energy,param_0,real_group_sampling_width,global_cutoff
0,0.011456756869485203,0.00020434486091290804,13.146090746114588,6.894577599301786e-05,0.15687899621359916,261
