,abs_amplitude,amplitude_squared,surface_energy,param_0,real_group_sampling_width,global_cutoff
0,0.00979880364396249,0.00015018408197158193,6.259623525646895,-0.0001724881297443278,0.1006359778717564,17
