,abs_amplitude,amplitude_squared,surface_energy,param_0,real_group_sampling_width,global_cutoff
0,0.009736834365085469,0.00014520401262143546,6.028687936250018,0.00028545547836691124,0.09473786218302292,0
