,abs_amplitude,amplitude_squared,surface_energy,param_0,real_group_sampling_width,global_cutoff
0,0.016651150894455888,0.0004385867408070475,21.720199287413784,-0.00017701598213778095,0.16500474992348327,90
