,abs_amplitude,amplitude_squared,surface_energy,param_0,real_group_sampling_width,global_cutoff
0,0.45665349343889244,0.21000343056361906,8.57479913924238,0.45665349343889244,0.27358836029292477,27
