,abs_amplitude,amplitude_squared,surface_energy,param_0,real_group_sampling_width,global_cutoff
0,0.013650142106085688,0.0002996299993149896,25.221716674894747,0.00018521542107904738,0.14470605739670742,47
