,abs_amplitude,amplitude_squared,surface_energy,param_0,real_group_sampling_width,global_cutoff
0,0.07841247351061412,0.007431254400918491,79.28711834402537,-0.005450902134535524,0.42867164661845086,18
