,abs_amplitude,amplitude_squared,surface_energy,param_0,real_group_sampling_width,global_cutoff
0,0.013097883821084984,0.00025726464513487754,6.965994429712966,-0.0003901037275672327,0.13242458176057276,0
