,abs_amplitude,amplitude_squared,surface_energy,param_0,real_group_sampling_width,global_cutoff
0,0.876989026011898,0.7691276839546749,16.375277637575035,0.876989026011898,0.03618749715850876,8
