,abs_amplitude,amplitude_squared,surface_energy,param_0,real_group_sampling_width,global_cutoff
0,0.5888760717121606,0.346776067215063,1412.7186222935363,0.5888760717121606,0.00950138405646541,3
