,abs_amplitude,amplitude_squared,surface_energy,param_0,real_group_sampling_width,global_cutoff
0,0.26908062080644507,0.07431618215612024,11.266122950985984,0.06268229797987863,0.2756757907934209,29
