,abs_amplitude,amplitude_squared,surface_energy,param_0,real_group_sampling_width,global_cutoff
0,0.009367189561268021,0.00014102427249348062,6.88449193498821,0.0008338321897682482,0.09758063949431559,18
