,abs_amplitude,amplitude_squared,surface_energy,param_0,real_group_sampling_width,global_cutoff
0,0.010825930229334377,0.00018121851592503208,8.48729771539248,0.0006789236846514751,0.11337562567661821,16
