,abs_amplitude,amplitude_squared,surface_energy,param_0,real_group_sampling_width,global_cutoff
0,0.019907405562150076,0.0006166923998771818,12.47090507985718,-0.000740140107817146,0.20397067029739685,26
