,abs_amplitude,amplitude_squared,surface_energy,param_0,real_group_sampling_width,global_cutoff
0,0.01943075491432184,0.0005667868795166246,6.551651201368222,0.0008947809651643268,0.19118484345540734,24
