,abs_amplitude,amplitude_squared,surface_energy,param_0,real_group_sampling_width,global_cutoff
0,0.008527411799639995,0.00011152689315454848,6.620665902748565,0.0002621642753722015,0.09229420535854566,26
