,abs_amplitude,amplitude_squared,surface_energy,param_0,real_group_sampling_width,global_cutoff
0,0.012869132401748732,0.0002544659396585267,7.108185828424642,-0.0008362840843096929,0.1290452484735511,4
