,abs_amplitude,amplitude_squared,surface_energy,param_0,real_group_sampling_width,global_cutoff
0,0.019095192323325214,0.0005770721131236761,5.475529950014331,0.0005545092773652066,0.1768057339682523,6
