,abs_amplitude,amplitude_squared,surface_energy,param_0,real_group_sampling_width,global_cutoff
0,0.014032514696624428,0.0002963741532664314,9.1996344604258,0.0005714310829344873,0.14045228945424884,3
