,abs_amplitude,amplitude_squared,surface_energy,param_0,real_group_sampling_width,global_cutoff
0,0.5261085183611965,0.27700929583211303,35.51549941492592,0.5261085183611965,0.06520716314690865,0
