,abs_amplitude,amplitude_squared,surface_energy,param_0,real_group_sampling_width,global_cutoff
0,0.01867839483382605,0.0005294618199699006,11.809379901039568,0.0006989574537219522,0.18713480049733527,60
