,abs_amplitude,amplitude_squared,surface_energy,param_0,real_group_sampling_width,global_cutoff
0,0.3604070895613024,0.1299991628381563,50.51443849317688,-0.3604070895613024,0.07922932067238973,0
