,abs_amplitude,amplitude_squared,surface_energy,param_0,real_group_sampling_width,global_cutoff
0,0.7193480923938931,0.5177280085721098,7.6103410918302155,-0.7193480923938931,0.130842449722496,1
