,abs_amplitude,amplitude_squared,surface_energy,param_0,real_group_sampling_width,global_cutoff
0,0.24187100322086477,0.059033707066438186,26.250099761790697,-0.24187100322086477,0.17964087019095656,83
