,abs_amplitude,amplitude_squared,surface_energy,param_0,real_group_sampling_width,global_cutoff
0,0.7530639565079409,0.5672829050922944,8.496536801337239,-0.7530639565079409,0.09440330174611196,2
