,abs_amplitude,amplitude_squared,surface_energy,param_0,real_group_sampling_width,global_cutoff
0,0.9897828293513877,0.9796794967138602,93.64053651512585,-0.9897828293513877,0.0006793220173643352,67
