,abs_amplitude,amplitude_squared,surface_energy,param_0,real_group_sampling_width,global_cutoff
0,0.47543507230180104,0.22660785167123298,9.988504655389747,0.47543507230180104,0.17946563614894034,2
