,abs_amplitude,amplitude_squared,surface_energy,param_0,real_group_sampling_width,global_cutoff
0,0.01680311585356689,0.0004365224641839628,10.81917862576959,-0.0004044721317163967,0.17470829441866662,52
