,abs_amplitude,amplitude_squared,surface_energy,param_0,real_group_sampling_width,global_cutoff
0,0.015021145508335209,0.0003624073229811992,6.120471512233675,-0.0014453849473520406,0.15554011723354347,18
