,abs_amplitude,amplitude_squared,surface_energy,param_0,real_group_sampling_width,global_cutoff
0,0.0153418699516902,0.0003601140852386452,17.41918634622897,0.0012185493174434073,0.15646503782551807,1
