,abs_amplitude,amplitude_squared,surface_energy,param_0,real_group_sampling_width,global_cutoff
0,0.02584168339603287,0.001001692586639171,6.72130657319768,0.0020960664043006647,0.23182452543534868,33
