,abs_amplitude,amplitude_squared,surface_energy,param_0,real_group_sampling_width,global_cutoff
0,0.010564052851210403,0.00017613861035823452,5.448971474192826,0.0003553018514695189,0.11498849212273002,0
