,abs_amplitude,amplitude_squared,surface_energy,param_0,real_group_sampling_width,global_cutoff
0,0.0124601770241491,0.0002375602037879945,6.388011788227871,-3.726080845705757e-05,0.1244948941296596,2
