,abs_amplitude,amplitude_squared,surface_energy,param_0,real_group_sampling_width,global_cutoff
0,0.5522802025257565,0.3052562449096015,11.561606108553072,0.5522802025257565,0.12062414500566371,4
