,abs_amplitude,amplitude_squared,surface_energy,param_0,real_group_sampling_width,global_cutoff
0,0.9892629515834968,0.9787855691502498,20.404315103996883,0.9892629515834968,0.004263759461308493,0
