,abs_amplitude,amplitude_squared,surface_energy,param_0,real_group_sampling_width,global_cutoff
0,0.4543060043363008,0.20653675178517072,24.54019325912789,0.4543060043363008,0.10079036532097317,0
