,abs_amplitude,amplitude_squared,surface_energy,param_0,real_group_sampling_width,global_cutoff
0,0.024219058986763763,0.0009012701947435403,18.297638543924734,0.000547797285037505,0.24914231336939807,50
