,abs_amplitude,amplitude_squared,surface_energy,param_0,real_group_sampling_width,global_cutoff
0,0.6404469597557005,0.41018535654612215,124.50016510304596,-0.6404469597557005,0.025518094904571638,14
