,abs_amplitude,amplitude_squared,surface_energy,param_0,real_group_sampling_width,global_cutoff
0,0.9892753316678662,0.9786900785323709,8.388055351828466,-0.9892753316678662,0.004263014343275981,4
