,abs_amplitude,amplitude_squared,surface_energy,param_0,real_group_sampling_width,global_cutoff
0,0.007122720261994446,8.004633647273468e-05,88.26430995600245,0.0001573106656464541,0.0744944568441769,28
