,abs_amplitude,amplitude_squared,surface_energy,param_0,real_group_sampling_width,global_cutoff
0,0.4834580916979383,0.23383777952971455,1492.5176093248058,0.4834580916979383,0.012281609954987602,1
