,abs_amplitude,amplitude_squared,surface_energy,param_0,real_group_sampling_width,global_cutoff
0,0.2069153310872575,0.0431027358285615,52.67956855326851,-0.2069153310872575,0.1371043092774374,2
