,abs_amplitude,amplitude_squared,surface_energy,param_0,real_group_sampling_width,global_cutoff
0,0.30517806354532134,0.09313808155764905,1599.6027090089035,0.30517806354532134,0.018173575849476774,2
