,abs_amplitude,amplitude_squared,surface_energy,param_0,real_group_sampling_width,global_cutoff
0,0.6018751077497342,0.36236656536392453,15.233319147185897,-0.6018751077497342,0.0889335530030734,17
