,abs_amplitude,amplitude_squared,surface_energy,param_0,real_group_sampling_width,global_cutoff
0,0.012179729976191567,0.00023413245562435467,56.751862814661,0.00047854617806448595,0.12342472012314686,5
