,abs_amplitude,amplitude_squared,surface_energy,param_0,real_group_sampling_width,global_cutoff
0,0.9898749055590894,0.9798523433501104,25.282428233845625,-0.9898749055590894,0.0006722566483896491,72
