,abs_amplitude,amplitude_squared,surface_energy,param_0,real_group_sampling_width,global_cutoff
0,0.014335745640521981,0.00031509557733200413,18.041367804997716,-0.002491460420324402,0.12970788349512646,3
