,abs_amplitude,amplitude_squared,surface_energy,param_0,real_group_sampling_width,global_cutoff
0,0.6543127998065286,0.42838915971295366,8.822518394403732,-0.6543127998065286,0.1198197820920283,1
