,abs_amplitude,amplitude_squared,surface_energy,param_0,real_group_sampling_width,global_cutoff
0,0.020587538815351653,0.0006921421991505141,5.712544683190037,-0.002567312152316575,0.20076817734880475,7
