,abs_amplitude,amplitude_squared,surface_energy,param_0,real_group_sampling_width,global_cutoff
0,0.025737067174315918,0.0010725633030911044,13.241885160899391,0.0011419397301390799,0.250816753303708,11
