,abs_amplitude,amplitude_squared,surface_energy,param_0,real_group_sampling_width,global_cutoff
0,0.015236950562706311,0.0003723269167123111,10.342386951450884,4.0260356649476246e-05,0.14537673238822518,0
