,abs_amplitude,amplitude_squared,surface_energy,param_0,real_group_sampling_width,global_cutoff
0,0.5040796888277254,0.25422143615613635,20.577791048169118,0.5040796888277254,0.09218793549765766,9
