,abs_amplitude,amplitude_squared,surface_energy,param_0,real_group_sampling_width,global_cutoff
0,0.019467597676021624,0.0005863400670271725,11.58653386339447,-0.000303113309668646,0.1804357152126377,3
