,abs_amplitude,amplitude_squared,surface_energy,param_0,real_group_sampling_width,global_cutoff
0,0.37037992632217676,0.13718864173258175,1565.259230915828,0.37037992632217676,0.015091499744111694,0
