,abs_amplitude,amplitude_squared,surface_energy,param_0,real_group_sampling_width,global_cutoff
0,0.016994618233427235,0.00045528950330855325,7.3465210937567935,0.0004254636027964933,0.1758205539168556,67
