,abs_amplitude,amplitude_squared,surface_energy,param_0,real_group_sampling_width,global_cutoff
0,0.8614016201285903,0.742065211519843,9.192107279100801,0.8614016201285903,0.05964184579853304,18
