,abs_amplitude,amplitude_squared,surface_energy,param_0,real_group_sampling_width,global_cutoff
0,0.012176259231261997,0.00023597472898717104,7.392535617079939,-0.00014480852757249634,0.121306498668622,20
