,abs_amplitude,amplitude_squared,surface_energy,param_0,real_group_sampling_width,global_cutoff
0,0.32459964882470094,0.1057603867357701,16.889091905751425,0.32459964882470094,0.20172098591869803,156
