,abs_amplitude,amplitude_squared,surface_energy,param_0,real_group_sampling_width,global_cutoff
0,0.011682575336481496,0.00022250738899916306,43.676314258182906,0.00020926448624365775,0.11619380281063185,52
