,abs_amplitude,amplitude_squared,surface_energy,param_0,real_group_sampling_width,global_cutoff
0,0.012083950121608622,0.00022443032384440227,6.133554362207244,-0.0002986118761446113,0.11771076630638355,18
