,abs_amplitude,amplitude_squared,surface_energy,param_0,real_group_sampling_width,global_cutoff
0,0.570232885632377,0.32524737646272245,23.26595237722771,-0.570232885632377,0.07991828824821134,1
