,abs_amplitude,amplitude_squared,surface_energy,param_0,real_group_sampling_width,global_cutoff
0,0.0174854971462076,0.0004775666550033518,5.132123204556457,1.7157480098069388e-05,0.17459861228613646,0
