,abs_amplitude,amplitude_squared,surface_energy,param_0,real_group_sampling_width,global_cutoff
0,0.0021997495704869884,7.64311360246719e-06,1759.2923663351894,-0.0002624189926593503,0.022601822627789106,14
