,abs_amplitude,amplitude_squared,surface_energy,param_0,real_group_sampling_width,global_cutoff
0,0.023604361003968212,0.0008740658980494973,13.501599713683373,-0.0006995898872953861,0.21191548147245173,5
