,abs_amplitude,amplitude_squared,surface_energy,param_0,real_group_sampling_width,global_cutoff
0,0.017147698304250707,0.0004507894018851349,5.257351803257772,-0.00015525169056174553,0.1624169540586541,44
