,abs_amplitude,amplitude_squared,surface_energy,param_0,real_group_sampling_width,global_cutoff
0,0.009296750903722397,0.00013918514358245466,7.009675981083474,0.000646736462720762,0.0933939385494251,13
