,abs_amplitude,amplitude_squared,surface_energy,param_0,real_group_sampling_width,global_cutoff
0,0.012701042248027143,0.000256934847477534,18.352374541295777,0.0006704491320538524,0.12984885464761353,2
