,abs_amplitude,amplitude_squared,surface_energy,param_0,real_group_sampling_width,global_cutoff
0,0.0178187331108288,0.0005005253211081049,7.731088197909866,-0.001992655381495851,0.1989078379264661,81
