,abs_amplitude,amplitude_squared,surface_energy,param_0,real_group_sampling_width,global_cutoff
0,0.01758465587008843,0.0004882850465779024,15.566989086255392,0.0005103557983032772,0.17897762160025754,87
