,abs_amplitude,amplitude_squared,surface_energy,param_0,real_group_sampling_width,global_cutoff
0,0.425146726579583,0.18079672682129702,72.85931430703242,0.425146726579583,0.05646070155543068,1
