,abs_amplitude,amplitude_squared,surface_energy,param_0,real_group_sampling_width,global_cutoff
0,0.014589097219815599,0.0003409006988544824,11.443401623109411,-0.0007544776077517022,0.13931814581434376,2
