,abs_amplitude,amplitude_squared,surface_energy,param_0,real_group_sampling_width,global_cutoff
0,0.013109253031954371,0.00026227722688251836,5.101234828442285,0.0004456727509846392,0.14515325318143255,90
