,abs_amplitude,amplitude_squared,surface_energy,param_0,real_group_sampling_width,global_cutoff
0,0.022541931700093075,0.0008232857965047853,6.877647626644628,0.0014601701628560114,0.21222971610634134,1
