,abs_amplitude,amplitude_squared,surface_energy,param_0,real_group_sampling_width,global_cutoff
0,0.9896422065358724,0.9793918311553657,9.728636232208215,-0.9896422065358724,0.0019806281887677513,42
