,abs_amplitude,amplitude_squared,surface_energy,param_0,real_group_sampling_width,global_cutoff
0,0.00965188490305373,0.0001428134939548252,6.90932947007232,-0.0001656908617546272,0.10669956136898644,17
