,abs_amplitude,amplitude_squared,surface_energy,param_0,real_group_sampling_width,global_cutoff
0,0.014694015793446516,0.000346284896610352,14.540076730047723,-0.00014373403371680752,0.151466962397626,1
