,abs_amplitude,amplitude_squared,surface_energy,param_0,real_group_sampling_width,global_cutoff
0,0.81124067558168,0.65812616179156,110.39102217918686,0.81124067558168,0.016410711163249048,13
