,abs_amplitude,amplitude_squared,surface_energy,param_0,real_group_sampling_width,global_cutoff
0,0.010675491114011768,0.0001767406880789659,7.072440321162703,0.0003947515025967609,0.11161078247581871,3
