,abs_amplitude,amplitude_squared,surface_energy,param_0,real_group_sampling_width,global_cutoff
0,0.020797447306252458,0.0006576260361852252,20.944402716528412,0.0019498122295258514,0.20444820228910565,2
