,abs_amplitude,amplitude_squared,surface_energy,param_0,real_group_sampling_width,global_cutoff
0,0.01153828216413652,0.00021246276648575764,7.891688566399726,0.0005423946522530736,0.11997061598248344,8
