,abs_amplitude,amplitude_squared,surface_energy,param_0,real_group_sampling_width,global_cutoff
0,0.016280731479472635,0.0004216854276492752,42.1438133600047,0.0002523195449695368,0.16289345242839495,13
