,abs_amplitude,amplitude_squared,surface_energy,param_0,real_group_sampling_width,global_cutoff
0,0.015029269869825019,0.0003568715796250483,5.736165586441478,-0.0004731860547540359,0.14976317415804885,0
