,abs_amplitude,amplitude_squared,surface_energy,param_0,real_group_sampling_width,global_cutoff
0,0.010222499175109888,0.00016945965333944578,36.344399188742344,-7.609761896244877e-06,0.10425415060470118,0
