,abs_amplitude,amplitude_squared,surface_energy,param_0,real_group_sampling_width,global_cutoff
0,0.9887840902601764,0.9777809558924692,7.030773691545332,0.9887840902601764,0.004581714405283526,18
