,abs_amplitude,amplitude_squared,surface_energy,param_0,real_group_sampling_width,global_cutoff
0,0.012226283931028365,0.000244788144878571,14.149642480391334,-0.000860926505923982,0.13310945926875792,5
