,abs_amplitude,amplitude_squared,surface_energy,param_0,real_group_sampling_width,global_cutoff
0,0.016099390618308427,0.00040584829866886,6.397378095327457,0.00022247859356992161,0.16678023450885748,14
