,abs_amplitude,amplitude_squared,surface_energy,param_0,real_group_sampling_width,global_cutoff
0,0.00948099433565162,0.0001400225599708251,7.561235211522323,-0.0005586621010591842,0.09204476290820952,28
