,abs_amplitude,amplitude_squared,surface_energy,param_0,real_group_sampling_width,global_cutoff
0,0.354090518263443,0.12572472262401843,18.95776426190163,0.354090518263443,0.14017494508703732,9
