,abs_amplitude,amplitude_squared,surface_energy,param_0,real_group_sampling_width,global_cutoff
0,0.1571392689559957,0.025915821411516868,32.02792621865101,0.005192612065793201,0.24825882247412392,5
