,abs_amplitude,amplitude_squared,surface_energy,param_0,real_group_sampling_width,global_cutoff
0,0.02235221574933595,0.0007409199211550458,6.402781968001768,-0.004131085839697664,0.23267418384055027,102
