,abs_amplitude,amplitude_squared,surface_energy,param_0,real_group_sampling_width,global_cutoff
0,0.013791352150029138,0.000296235754253825,6.392487524925875,-0.0004224219326435341,0.1442320882264876,0
