,abs_amplitude,amplitude_squared,surface_energy,param_0,real_group_sampling_width,global_cutoff
0,0.01333123166173079,0.0002818098975502855,5.417077807075802,0.0011701927711451853,0.1334350987079169,30
