,abs_amplitude,amplitude_squared,surface_energy,param_0,real_group_sampling_width,global_cutoff
0,0.6642445637825154,0.441314986403139,14.749145317482807,0.6642445637825154,0.0914502498414129,174
