,abs_amplitude,amplitude_squared,surface_energy,param_0,real_group_sampling_width,global_cutoff
0,0.019471210441958396,0.0005984726788560317,8.818943752076349,0.000322852619352192,0.2127952920710431,78
