,abs_amplitude,amplitude_squared,surface_energy,param_0,real_group_sampling_width,global_cutoff
0,0.004056951142678085,2.6489823242170705e-05,1696.4604498991903,-0.00029467025049951346,0.046211331894072075,20
