,abs_amplitude,amplitude_squared,surface_energy,param_0,real_group_sampling_width,global_cutoff
0,0.028618162901164833,0.0012587980643801746,20.55661799245566,0.002335985246417234,0.2367985296621464,4
