,abs_amplitude,amplitude_squared,surface_energy,param_0,real_group_sampling_width,global_cutoff
0,0.06550759509226997,0.006558552159155558,9.570875653040071,-0.0036250023440863558,0.4799244807725825,2
