,abs_amplitude,amplitude_squared,surface_energy,param_0,real_group_sampling_width,global_cutoff
0,0.8114081876067449,0.6584004521363871,1213.9303864440333,0.8114081876067449,0.006713946610383718,2
