,abs_amplitude,amplitude_squared,surface_energy,param_0,real_group_sampling_width,global_cutoff
0,0.10648895445115875,0.013436066519487625,26.77994904005466,-0.004225999310956376,0.4985049709715866,1
