,abs_amplitude,amplitude_squared,surface_energy,param_0,real_group_sampling_width,global_cutoff
0,0.6885160195759615,0.4743899721283026,32.355933924897975,0.6885160195759615,0.044416195372518286,0
