,abs_amplitude,amplitude_squared,surface_energy,param_0,real_group_sampling_width,global_cutoff
0,0.015171558762862296,0.0003592976180883867,5.382484566341204,0.0007616060687587141,0.14981710013184263,1
