,abs_amplitude,amplitude_squared,surface_energy,param_0,real_group_sampling_width,global_cutoff
0,0.015060050815754107,0.00034482238597219957,24.77920043983439,-0.0003276313703021758,0.161114999828437,53
