,abs_amplitude,amplitude_squared,surface_energy,param_0,real_group_sampling_width,global_cutoff
0,0.014607211353182116,0.0003389430833106319,22.10802092888859,-0.0009266497641362205,0.1500226815660027,79
