,abs_amplitude,amplitude_squared,surface_energy,param_0,real_group_sampling_width,global_cutoff
0,0.42662115808332723,0.18233400730368973,18.521655274149524,0.42662115808332723,0.1149262134606853,0
