,abs_amplitude,amplitude_squared,surface_energy,param_0,real_group_sampling_width,global_cutoff
0,0.6260945578954565,0.3920608506432017,22.57161735766814,-0.6260945578954565,0.07373892240827432,0
