,abs_amplitude,amplitude_squared,surface_energy,param_0,real_group_sampling_width,global_cutoff
0,0.023124267223047692,0.0008141756609760242,41.37757797721566,-0.00014100668732871708,0.22612133923210048,58
