,abs_amplitude,amplitude_squared,surface_energy,param_0,real_group_sampling_width,global_cutoff
0,0.3249040187174681,0.10579475151977179,25.701763073323576,-0.3249040187174681,0.1306743974818214,5
