,abs_amplitude,amplitude_squared,surface_energy,param_0,real_group_sampling_width,global_cutoff
0,0.041089400958530094,0.0024942500340135866,32.648356225423235,-0.0010977009070546695,0.3524464416643817,0
