,abs_amplitude,amplitude_squared,surface_energy,param_0,real_group_sampling_width,global_cutoff
0,0.010099994216553675,0.00016518924813800048,6.258601429137608,-0.0004625075123888773,0.11222525948152548,0
