,abs_amplitude,amplitude_squared,surface_energy,param_0,real_group_sampling_width,global_cutoff
0,0.7994268754826964,0.6391207588702049,15.236590357845474,-0.7994268754826964,0.05158955186437757,2
