,abs_amplitude,amplitude_squared,surface_energy,param_0,real_group_sampling_width,global_cutoff
0,0.028743088269970254,0.0012779808959001674,10.918082325822649,-0.0018795494115628072,0.26796582873055735,22
