,abs_amplitude,amplitude_squared,surface_energy,param_0,real_group_sampling_width,global_cutoff
0,0.03182190272334814,0.0015150557451866175,23.45182034636583,-0.0006808121391894886,0.28925844633665543,12
