,abs_amplitude,amplitude_squared,surface_energy,param_0,real_group_sampling_width,global_cutoff
0,0.629985068801108,0.39696956697111857,26.95259449562745,0.629985068801108,0.06258994610007189,1
