,abs_amplitude,amplitude_squared,surface_energy,param_0,real_group_sampling_width,global_cutoff
0,0.011092754438016108,0.00019520287754267552,26.106630314834675,0.000650442233920614,0.11985053787939409,0
