,abs_amplitude,amplitude_squared,surface_energy,param_0,real_group_sampling_width,global_cutoff
0,0.017952667773124792,0.0005002379245136273,9.95214231414071,0.0002261882435710678,0.17854796331867875,22
