,abs_amplitude,amplitude_squared,surface_energy,param_0,real_group_sampling_width,global_cutoff
0,0.014795629601300351,0.00033638513453642364,11.651501199795606,0.0009968981910377518,0.20420658534642946,407
