,abs_amplitude,amplitude_squared,surface_energy,param_0,real_group_sampling_width,global_cutoff
0,0.011364123842838013,0.00020856583620543635,8.040604205480939,0.0014614300137676913,0.11329747660988976,8
