,abs_amplitude,amplitude_squared,surface_energy,param_0,real_group_sampling_width,global_cutoff
0,0.009909543561420635,0.00015463702665551046,57.765222406114,-0.0008374158163710896,0.10392285960350132,0
