,abs_amplitude,amplitude_squared,surface_energy,param_0,real_group_sampling_width,global_cutoff
0,0.5340147348404469,0.28520524836399797,69.25209921498747,0.5340147348404469,0.04318791423727808,3
