,abs_amplitude,amplitude_squared,surface_energy,param_0,real_group_sampling_width,global_cutoff
0,0.8805764788287188,0.7754253278975283,28.06868462621558,0.8805764788287188,0.027015723970987917,23
