,abs_amplitude,amplitude_squared,surface_energy,param_0,real_group_sampling_width,global_cutoff
0,0.5435343970552887,0.2960025336384629,9.10527710506843,0.5435343970552887,0.18823720294612867,56
