,abs_amplitude,amplitude_squared,surface_energy,param_0,real_group_sampling_width,global_cutoff
0,0.3689081658362338,0.13612652485853502,142.30439417152238,-0.3689081658362338,0.04738288009754283,10
