,abs_amplitude,amplitude_squared,surface_energy,param_0,real_group_sampling_width,global_cutoff
0,0.567107268203145,0.3224883531360699,7.879531056827384,0.567107268203145,0.251884664767453,179
