,abs_amplitude,amplitude_squared,surface_energy,param_0,real_group_sampling_width,global_cutoff
0,0.8820607107972195,0.7780747188020476,1144.8802851402572,-0.8820607107972195,0.005741793963089069,1
