,abs_amplitude,amplitude_squared,surface_energy,param_0,real_group_sampling_width,global_cutoff
0,0.009422558676269129,0.0001410726323738531,6.379990147166168,-0.0006923281286976686,0.10167760156196239,62
