,abs_amplitude,amplitude_squared,surface_energy,param_0,real_group_sampling_width,global_cutoff
0,0.021058938917974574,0.0006963126225689232,16.797203511896097,-0.0002981737254322966,0.1898193415175109,12
