,abs_amplitude,amplitude_squared,surface_energy,param_0,real_group_sampling_width,global_cutoff
0,0.01140367869196732,0.0001983326826100093,44.44261287999292,-0.0002326193116075173,0.11061325395943582,32
