,abs_amplitude,amplitude_squared,surface_energy,param_0,real_group_sampling_width,global_cutoff
0,0.8646258711024807,0.7476737905667574,9.881907480376517,0.8646258711024807,0.05129962976489191,4
