,abs_amplitude,amplitude_squared,surface_energy,param_0,real_group_sampling_width,global_cutoff
0,0.01791088184128675,0.0005136440328798611,6.255262469869604,0.0011212538819570866,0.18303397096249516,0
