,abs_amplitude,amplitude_squared,surface_energy,param_0,real_group_sampling_width,global_cutoff
0,0.015262513257102202,0.0003565284096213891,19.333320261896624,0.00039592662710002214,0.17810908846136012,95
