,abs_amplitude,amplitude_squared,surface_energy,param_0,real_group_sampling_width,global_cutoff
0,0.8385173016990578,0.7032253796367023,7.273292849462619,0.8385173016990578,0.0833621529404916,16
