,abs_amplitude,amplitude_squared,surface_energy,param_0,real_group_sampling_width,global_cutoff
0,0.010744451425843914,0.00017957630330926294,9.70489645411734,-0.0005436402682893584,0.11328298198565591,41
