,abs_amplitude,amplitude_squared,surface_energy,param_0,real_group_sampling_width,global_cutoff
0,0.8746938569532291,0.7651409024666668,14.419511354672672,0.8746938569532291,0.042220811416550645,2
