,abs_amplitude,amplitude_squared,surface_energy,param_0,real_group_sampling_width,global_cutoff
0,0.012848691519379719,0.00025643061656775533,42.91000508743051,-1.691558907581611e-06,0.13396614545857813,7
