,abs_amplitude,amplitude_squared,surface_energy,param_0,real_group_sampling_width,global_cutoff
0,0.011816288780194676,0.0002274081860981685,20.369019314378125,-0.0004515978865896158,0.12825529900541327,6
