,abs_amplitude,amplitude_squared,surface_energy,param_0,real_group_sampling_width,global_cutoff
0,0.8027358407770475,0.6444149378886047,17.31677553521069,0.8027358407770475,0.050415066966567224,52
