,abs_amplitude,amplitude_squared,surface_energy,param_0,real_group_sampling_width,global_cutoff
0,0.011248816483826215,0.00020250954477846802,7.534645020620947,-0.0012571331055019675,0.11931257905786902,82
