,abs_amplitude,amplitude_squared,surface_energy,param_0,real_group_sampling_width,global_cutoff
0,0.7504026791393699,0.5631100150705703,115.61790902825165,0.7504026791393699,0.0194551104472186,16
