,abs_amplitude,amplitude_squared,surface_energy,param_0,real_group_sampling_width,global_cutoff
0,0.009565990726659297,0.00014176352014159724,7.888499121619957,-0.0002445898146171284,0.09529499020670106,11
