,abs_amplitude,amplitude_squared,surface_energy,param_0,real_group_sampling_width,global_cutoff
0,0.025144681862978496,0.0009505663198538721,14.717840114028244,0.001323664605688066,0.24087787479532066,23
