,abs_amplitude,amplitude_squared,surface_energy,param_0,real_group_sampling_width,global_cutoff
0,0.30400886248340253,0.09246805528117764,145.42412055444422,-0.30400886248340253,0.05436033034967542,7
