,abs_amplitude,amplitude_squared,surface_energy,param_0,real_group_sampling_width,global_cutoff
0,0.01387193656618183,0.000314632282085677,5.632877502874657,-0.0015376843079032809,0.14740849891163224,72
