,abs_amplitude,amplitude_squared,surface_energy,param_0,real_group_sampling_width,global_cutoff
0,0.009603173884731699,0.00014536783751823755,7.616461242785958,0.00016342425020883885,0.10885224102181895,124
