,abs_amplitude,amplitude_squared,surface_energy,param_0,real_group_sampling_width,global_cutoff
0,0.05477008481185383,0.004484734893475049,14.151760043528288,-0.002881759910421369,0.4076792878206671,3
