,abs_amplitude,amplitude_squared,surface_energy,param_0,real_group_sampling_width,global_cutoff
0,0.014346380488776723,0.00032413220364935333,16.13299233666152,0.0020495473571127414,0.14571601273224252,24
