,abs_amplitude,amplitude_squared,surface_energy,param_0,real_group_sampling_width,global_cutoff
0,0.013020543732485452,0.00025707617730333463,9.546784640696607,-0.0009290743958774235,0.12209118052059544,0
