,abs_amplitude,amplitude_squared,surface_energy,param_0,real_group_sampling_width,global_cutoff
0,0.018518295606791413,0.0005298244071345894,7.566552531188799,0.0004248931781124212,0.18383051055340252,0
