,abs_amplitude,amplitude_squared,surface_energy,param_0,real_group_sampling_width,global_cutoff
0,0.010649459815634544,0.00018268263853090413,10.24102378134195,-0.0008621830442513089,0.12024768596905523,67
