,abs_amplitude,amplitude_squared,surface_energy,param_0,real_group_sampling_width,global_cutoff
0,0.4042886281232373,0.16375618814219878,16.507021222528255,-0.4042886281232373,0.13863326447112037,9
