,abs_amplitude,amplitude_squared,surface_energy,param_0,real_group_sampling_width,global_cutoff
0,0.014156708035429488,0.000298933628306374,15.319087942310029,0.0001157197299011719,0.1332301437459757,9
