,abs_amplitude,amplitude_squared,surface_energy,param_0,real_group_sampling_width,global_cutoff
0,0.015222050572416268,0.0003795964204733349,6.998355384336167,0.0006638406270511598,0.14995805728856956,0
