,abs_amplitude,amplitude_squared,surface_energy,param_0,real_group_sampling_width,global_cutoff
0,0.014317177077211963,0.0003309189147142052,14.79975378782386,5.650744857837969e-05,0.14424511145920296,2
