,abs_amplitude,amplitude_squared,surface_energy,param_0,real_group_sampling_width,global_cutoff
0,0.6250064834256428,0.3909608689343991,8.321925295194939,0.6250064834256428,0.14877316664172086,4
