,abs_amplitude,amplitude_squared,surface_energy,param_0,real_group_sampling_width,global_cutoff
0,0.7506453781111035,0.5634695735578185,1271.4689993330023,0.7506453781111035,0.007779264886258925,4
