,abs_amplitude,amplitude_squared,surface_energy,param_0,real_group_sampling_width,global_cutoff
0,0.023751856670858905,0.0008920965526038932,11.140890666079573,0.00046825354634985264,0.2162579761067436,0
