,abs_amplitude,amplitude_squared,surface_energy,param_0,real_group_sampling_width,global_cutoff
0,0.11201858497287538,0.012578130494191481,1664.9950084842965,-0.11201858497287538,0.04692591624496624,5
