,abs_amplitude,amplitude_squared,surface_energy,param_0,real_group_sampling_width,global_cutoff
0,0.2810686810575278,0.079228154015826,39.0342804206092,0.2810686810575278,0.11876733511987739,0
