,abs_amplitude,amplitude_squared,surface_energy,param_0,real_group_sampling_width,global_cutoff
0,0.012614632193509797,0.000249037339583411,5.883190652024773,-0.0008050487795358426,0.12425738321207294,4
