,abs_amplitude,amplitude_squared,surface_energy,param_0,real_group_sampling_width,global_cutoff
0,0.7439545148824066,0.5534989188993177,25.068970498945294,-0.7439545148824066,0.04718195892352557,4
