,abs_amplitude,amplitude_squared,surface_energy,param_0,real_group_sampling_width,global_cutoff
0,0.8813881509463428,0.7769160883702907,54.5938928368299,-0.8813881509463428,0.019520599875637923,15
