,abs_amplitude,amplitude_squared,surface_energy,param_0,real_group_sampling_width,global_cutoff
0,0.02590139057880303,0.0010825092633982188,6.253936790237013,0.0006493358991984655,0.2391406844147195,28
