,abs_amplitude,amplitude_squared,surface_energy,param_0,real_group_sampling_width,global_cutoff
0,0.6940571227989717,0.48172295496599093,120.25753500108382,-0.6940571227989717,0.023164951761587105,14
