,abs_amplitude,amplitude_squared,surface_energy,param_0,real_group_sampling_width,global_cutoff
0,0.584143178710003,0.3412507098068491,45.62553284830735,0.584143178710003,0.04841383944086192,4
