,abs_amplitude,amplitude_squared,surface_energy,param_0,real_group_sampling_width,global_cutoff
0,0.04463186001585625,0.0030089239325803937,20.168690012504022,-0.0018014038262102862,0.37782767214955376,23
