,abs_amplitude,amplitude_squared,surface_energy,param_0,real_group_sampling_width,global_cutoff
0,0.0120709688855896,0.0002276207847045253,6.664451430682178,0.00014888187630514988,0.13056804589345858,44
