,abs_amplitude,amplitude_squared,surface_energy,param_0,real_group_sampling_width,global_cutoff
0,0.007471569690222999,8.446571200739301e-05,6.861327527445492,0.0003012117918376627,0.1026658275111097,185
