,abs_amplitude,amplitude_squared,surface_energy,param_0,real_group_sampling_width,global_cutoff
0,0.03526630760547048,0.0019853452588793436,8.976469944776296,0.004573155060609695,0.3153534451212173,2
