,abs_amplitude,amplitude_squared,surface_energy,param_0,real_group_sampling_width,global_cutoff
0,0.014887370309542536,0.0003422697321327338,6.681727458849225,0.0007029991340829299,0.15040259426796132,38
