,abs_amplitude,amplitude_squared,surface_energy,param_0,real_group_sampling_width,global_cutoff
0,0.37743616768161586,0.14270134274592453,21.609665573118733,-0.37743616768161586,0.14986746845541474,196
