,abs_amplitude,amplitude_squared,surface_energy,param_0,real_group_sampling_width,global_cutoff
0,0.013556707381128767,0.000281638113578145,6.8238379905027395,0.0006397426841715523,0.13052539351174652,3
