,abs_amplitude,amplitude_squared,surface_energy,param_0,real_group_sampling_width,global_cutoff
0,0.009240944086080989,0.00013105896261794345,8.024483008304905,0.00045629512679682516,0.09576001029707637,55
