,abs_amplitude,amplitude_squared,surface_energy,param_0,real_group_sampling_width,global_cutoff
0,0.012273112816979143,0.00023241343159542877,29.87137152714136,-0.0017344423587709254,0.12137887009465555,4
