,abs_amplitude,amplitude_squared,surface_energy,param_0,real_group_sampling_width,global_cutoff
0,0.6909210635685638,0.4774884152446128,42.737194799713286,-0.6909210635685638,0.03900183626433459,1
