,abs_amplitude,amplitude_squared,surface_energy,param_0,real_group_sampling_width,global_cutoff
0,0.01410082425469723,0.000315003197684254,10.73266832928055,0.0007524228042138395,0.1520385066164003,103
