,abs_amplitude,amplitude_squared,surface_energy,param_0,real_group_sampling_width,global_cutoff
0,0.9871724435841707,0.9749139372015192,5.487886348460317,0.9871724435841707,0.0422705742550234,276
