,abs_amplitude,amplitude_squared,surface_energy,param_0,real_group_sampling_width,global_cutoff
0,0.005977946345517942,5.450861155305825e-05,162.79205042723282,0.0005612631712216249,0.06862184040788596,84
