,abs_amplitude,amplitude_squared,surface_energy,param_0,real_group_sampling_width,global_cutoff
0,0.9888994452175534,0.9781303260732993,9.00142462625832,0.9888994452175534,0.003918756881667137,1
