,abs_amplitude,amplitude_squared,surface_energy,param_0,real_group_sampling_width,global_cutoff
0,0.014052935181810002,0.00030270301411181293,7.971734088599145,0.0008317061841405288,0.1395854101828397,21
