,abs_amplitude,amplitude_squared,surface_energy,param_0,real_group_sampling_width,global_cutoff
0,0.020316580235930005,0.0006571511272538752,6.113139413555155,0.0019859237241631254,0.24167952403367488,250
