,abs_amplitude,amplitude_squared,surface_energy,param_0,real_group_sampling_width,global_cutoff
0,0.9899368035358258,0.9799748794119444,49.111678667825046,-0.9899368035358258,0.0006367017916045713,26
