,abs_amplitude,amplitude_squared,surface_energy,param_0,real_group_sampling_width,global_cutoff
0,0.01323360279615729,0.0002751962712958802,13.909837967973626,-0.00023586020408035814,0.1477736062544803,80
