,abs_amplitude,amplitude_squared,surface_energy,param_0,real_group_sampling_width,global_cutoff
0,0.010004566041261043,0.00015531164839127884,8.103245628540487,-0.000562201465249107,0.101034774316399,18
