,abs_amplitude,amplitude_squared,surface_energy,param_0,real_group_sampling_width,global_cutoff
0,0.03272543943320313,0.0017134504901435003,8.267813139947837,-0.0009438772003853752,0.2989461306603978,5
