,abs_amplitude,amplitude_squared,surface_energy,param_0,real_group_sampling_width,global_cutoff
0,0.5890818942183583,0.3471595517781004,13.76379997924892,-0.5890818942183583,0.1009532785200772,78
