,abs_amplitude,amplitude_squared,surface_energy,param_0,real_group_sampling_width,global_cutoff
0,0.01535101726436546,0.00035690698931139646,11.235316063518098,4.906324362541864e-05,0.1573274892363299,38
