,abs_amplitude,amplitude_squared,surface_energy,param_0,real_group_sampling_width,global_cutoff
0,0.009863680668497373,0.00015997935022298978,83.77630032935907,0.0005599120992520648,0.10082692950498516,2
