,abs_amplitude,amplitude_squared,surface_energy,param_0,real_group_sampling_width,global_cutoff
0,0.6339593844043919,0.40194443111587796,33.48013642468301,-0.6339593844043919,0.05117240312382068,1
