,abs_amplitude,amplitude_squared,surface_energy,param_0,real_group_sampling_width,global_cutoff
0,0.02497383671625546,0.0009756067359450384,5.828762163214487,-0.002046371134180358,0.2405100032881561,9
