,abs_amplitude,amplitude_squared,surface_energy,param_0,real_group_sampling_width,global_cutoff
0,0.015910793191063144,0.00041987301115444664,5.605814240852233,-8.080532392199891e-05,0.15936885598616668,0
