,abs_amplitude,amplitude_squared,surface_energy,param_0,real_group_sampling_width,global_cutoff
0,0.008630020135024051,0.00011418526240014917,6.741068589538932,-0.0003902958932859789,0.09243934170611175,4
