,abs_amplitude,amplitude_squared,surface_energy,param_0,real_group_sampling_width,global_cutoff
0,0.01547437025705973,0.00036015360576217365,8.224567757786291,-0.0008382092818425224,0.17713932307942581,179
