,abs_amplitude,amplitude_squared,surface_energy,param_0,real_group_sampling_width,global_cutoff
0,0.009813482393980489,0.0001529361085724082,5.9127556726608095,-0.0004003234547567811,0.09867075340005275,21
