,abs_amplitude,amplitude_squared,surface_energy,param_0,real_group_sampling_width,global_cutoff
0,0.7039804818312366,0.4957123307829177,10.834720922075713,-0.7039804818312366,0.09281298492557236,3
