,abs_amplitude,amplitude_squared,surface_energy,param_0,real_group_sampling_width,global_cutoff
0,0.011216219179775305,0.00020281341639254895,30.386400473360936,-0.0005073565985516901,0.11084164069257763,1
