,abs_amplitude,amplitude_squared,surface_energy,param_0,real_group_sampling_width,global_cutoff
0,0.01114340217455619,0.00019948919062224118,5.6577407621040345,-3.155551495398921e-05,0.1157467173799799,23
