,abs_amplitude,amplitude_squared,surface_energy,param_0,real_group_sampling_width,global_cutoff
0,0.011116574493014269,0.00019706499617859518,5.778144728053923,1.0428024040299481e-05,0.11432933218337041,10
