,abs_amplitude,amplitude_squared,surface_energy,param_0,real_group_sampling_width,global_cutoff
0,0.7389484016418237,0.546216306068687,8.024700477746547,-0.7389484016418237,0.1111330121999539,8
