,abs_amplitude,amplitude_squared,surface_energy,param_0,real_group_sampling_width,global_cutoff
0,0.7271974455705346,0.5289337600673694,14.218975088652464,0.7271974455705346,0.06580350730184767,0
