,abs_amplitude,amplitude_squared,surface_energy,param_0,real_group_sampling_width,global_cutoff
0,0.013150256633369845,0.0002763594152612235,10.288797980653529,0.000566183866133441,0.13475870268765386,0
