,abs_amplitude,amplitude_squared,surface_energy,param_0,real_group_sampling_width,global_cutoff
0,0.721259009554974,0.5202910103637259,12.862277863983254,0.721259009554974,0.07000356620637035,2
