,abs_amplitude,amplitude_squared,surface_energy,param_0,real_group_sampling_width,global_cutoff
0,0.0015478363180578692,3.7861741564778906e-06,1853.5401711718562,-0.00024061003559011353,0.017376245556365563,105
