,abs_amplitude,amplitude_squared,surface_energy,param_0,real_group_sampling_width,global_cutoff
0,0.020172386366540052,0.0006255798874660242,5.345102672672944,-7.843532659747638e-05,0.19262831753292908,0
