,abs_amplitude,amplitude_squared,surface_energy,param_0,real_group_sampling_width,global_cutoff
0,0.32164957727100413,0.10530686975812112,10.242742444756956,-0.32164957727100413,0.3344352102430805,374
