,abs_amplitude,amplitude_squared,surface_energy,param_0,real_group_sampling_width,global_cutoff
0,0.011531248077732837,0.00020638367538572348,6.936480590790822,0.001106689955688663,0.11931856896225872,0
