,abs_amplitude,amplitude_squared,surface_energy,param_0,real_group_sampling_width,global_cutoff
0,0.03009680851247859,0.0014094900257127973,16.175064516275445,-9.156330845019796e-05,0.2655797139650081,22
