,abs_amplitude,amplitude_squared,surface_energy,param_0,real_group_sampling_width,global_cutoff
0,0.022674116058451103,0.0008329720937815115,10.195028817473098,0.0006573588981750978,0.2319776916408312,64
