,abs_amplitude,amplitude_squared,surface_energy,param_0,real_group_sampling_width,global_cutoff
0,0.012769275717296975,0.0002430784050605183,12.067528232389682,0.0003329765577043578,0.1213941510249273,2
