,abs_amplitude,amplitude_squared,surface_energy,param_0,real_group_sampling_width,global_cutoff
0,0.015236965971824392,0.0003639159644375268,7.502774593336668,-0.0002605405416115594,0.1581146954289801,20
