,abs_amplitude,amplitude_squared,surface_energy,param_0,real_group_sampling_width,global_cutoff
0,0.028693808154552476,0.0012066929185641296,9.171595543819306,0.0008632227399114161,0.2641157156490812,2
