,abs_amplitude,amplitude_squared,surface_energy,param_0,real_group_sampling_width,global_cutoff
0,0.011145505120819932,0.0001991510807490938,8.75320073212113,0.0016265396200339064,0.11797316813454337,26
