,abs_amplitude,amplitude_squared,surface_energy,param_0,real_group_sampling_width,global_cutoff
0,0.005174090047207853,4.2434524706415755e-05,168.50412317759736,0.00013600105396110928,0.05170355642869269,29
