,abs_amplitude,amplitude_squared,surface_energy,param_0,real_group_sampling_width,global_cutoff
0,0.8084200615615597,0.6535594700794494,29.734770248216964,0.8084200615615597,0.03546575807419888,2
