,abs_amplitude,amplitude_squared,surface_energy,param_0,real_group_sampling_width,global_cutoff
0,0.6824149926963697,0.465744675438807,21.825420444332813,0.6824149926963697,0.0618505743719588,1
