,abs_amplitude,amplitude_squared,surface_energy,param_0,real_group_sampling_width,global_cutoff
0,0.37289032278347956,0.13945410319536733,14.892068598657248,0.37289032278347956,0.1625482064376861,31
