,abs_amplitude,amplitude_squared,surface_energy,param_0,real_group_sampling_width,global_cutoff
0,0.5135135194936485,0.2637895071050158,23.919578774793926,0.5135135194936485,0.08183111119294138,22
