,abs_amplitude,amplitude_squared,surface_energy,param_0,real_group_sampling_width,global_cutoff
0,0.011127878027851023,0.0002017437979707962,10.067473654342606,1.8469378313441116e-05,0.10995781386345359,0
