,abs_amplitude,amplitude_squared,surface_energy,param_0,real_group_sampling_width,global_cutoff
0,0.9896206479548648,0.9793496239078091,10.608664328456364,0.9896206479548648,0.008224562198401062,3
