,abs_amplitude,amplitude_squared,surface_energy,param_0,real_group_sampling_width,global_cutoff
0,0.032357750750489286,0.0016136169908547503,6.565048694348864,-0.0016566162599152801,0.28307521473092184,0
