,abs_amplitude,amplitude_squared,surface_energy,param_0,real_group_sampling_width,global_cutoff
0,0.00787753722410826,9.61459505529958e-05,6.8401413330364935,1.9022449995340515e-05,0.0810405894956663,49
