,abs_amplitude,amplitude_squared,surface_energy,param_0,real_group_sampling_width,global_cutoff
0,0.016415791946625145,0.000418109259660981,5.984472144822351,0.000421937257259186,0.1576048059770428,5
