,abs_amplitude,amplitude_squared,surface_energy,param_0,real_group_sampling_width,global_cutoff
0,0.8456142539152466,0.715150455733994,7.658639658539033,0.8456142539152466,0.07322484957262795,26
