,abs_amplitude,amplitude_squared,surface_energy,param_0,real_group_sampling_width,global_cutoff
0,0.019103208944028175,0.0005625150174739461,4.935663391593695,2.5440977765866757e-05,0.17234076116456765,1
