,abs_amplitude,amplitude_squared,surface_energy,param_0,real_group_sampling_width,global_cutoff
0,0.5362078891710237,0.2875323690496748,132.16574487765715,0.5362078891710237,0.032805292857114525,2
