,abs_amplitude,amplitude_squared,surface_energy,param_0,real_group_sampling_width,global_cutoff
0,0.014302379049363075,0.00031733652797881777,5.176275172955238,0.0004550569160154874,0.1451171298471555,19
