,abs_amplitude,amplitude_squared,surface_energy,param_0,real_group_sampling_width,global_cutoff
0,0.009318222471684158,0.00013423189122823475,6.5003615849543985,-2.5703749223596742e-05,0.09665817449787782,30
