,abs_amplitude,amplitude_squared,surface_energy,param_0,real_group_sampling_width,global_cutoff
0,0.033685948420279214,0.001760585077940157,14.434860933460788,-0.0018194663257044101,0.3042086762490096,43
