,abs_amplitude,amplitude_squared,surface_energy,param_0,real_group_sampling_width,global_cutoff
0,0.01361783924688688,0.0002975153890233023,154.22408879575013,0.0011137790876193064,0.1302531865016456,2
