,abs_amplitude,amplitude_squared,surface_energy,param_0,real_group_sampling_width,global_cutoff
0,0.8096405031148665,0.6555313959517871,39.254808157096406,0.8096405031148665,0.03208871404076111,3
