,abs_amplitude,amplitude_squared,surface_energy,param_0,real_group_sampling_width,global_cutoff
0,0.053105123275030974,0.004551511877399894,8.084152249187895,0.001109312145705336,0.41937543902919816,14
