,abs_amplitude,amplitude_squared,surface_energy,param_0,real_group_sampling_width,global_cutoff
0,0.013048734818197585,0.00026381415266032434,10.472532723574567,-0.0017175552638469638,0.14637118293155363,227
