,abs_amplitude,amplitude_squared,surface_energy,param_0,real_group_sampling_width,global_cutoff
0,0.6945741531996013,0.48243390298253996,1322.5464270527589,0.6945741531996013,0.00728465907536726,10
