,abs_amplitude,amplitude_squared,surface_energy,param_0,real_group_sampling_width,global_cutoff
0,0.795124991726426,0.632270957843977,13.620187022527999,0.795124991726426,0.05459644783151409,5
