,abs_amplitude,amplitude_squared,surface_energy,param_0,real_group_sampling_width,global_cutoff
0,0.8297668227348974,0.688643606694986,6.933079573694826,0.8297668227348974,0.10910389983164803,155
