,abs_amplitude,amplitude_squared,surface_energy,param_0,real_group_sampling_width,global_cutoff
0,0.5203416921425493,0.27112197449963027,10.715173686981112,-0.5203416921425493,0.16885017908081715,152
