,abs_amplitude,amplitude_squared,surface_energy,param_0,real_group_sampling_width,global_cutoff
0,0.01296145082413793,0.0002614730112865335,6.127254900428276,-0.00029507270108498836,0.13552360389294166,7
