,abs_amplitude,amplitude_squared,surface_energy,param_0,real_group_sampling_width,global_cutoff
0,0.02270386941470336,0.00081551906331138,5.5764993305688,-2.4529256766565883e-05,0.20669022563745715,2
