,abs_amplitude,amplitude_squared,surface_energy,param_0,real_group_sampling_width,global_cutoff
0,0.9899110691805768,0.979923932071624,33.34016358464857,0.9899110691805768,0.00043819323564545196,77
