,abs_amplitude,amplitude_squared,surface_energy,param_0,real_group_sampling_width,global_cutoff
0,0.012168218429492962,0.0002275600713970252,9.046964534778615,7.456410793084236e-05,0.12981313299837036,39
