,abs_amplitude,amplitude_squared,surface_energy,param_0,real_group_sampling_width,global_cutoff
0,0.013454976440886555,0.00030019177637686406,10.105079768722186,-0.0008908750136005704,0.15334451873752528,135
