,abs_amplitude,amplitude_squared,surface_energy,param_0,real_group_sampling_width,global_cutoff
0,0.22752639899519594,0.0517760786614623,1632.8070669802808,-0.22752639899519594,0.023320293007555927,3
