,abs_amplitude,amplitude_squared,surface_energy,param_0,real_group_sampling_width,global_cutoff
0,0.04505008619965002,0.003072735623513486,15.863977558135348,0.0004481498737112823,0.36350900084678484,0
