,abs_amplitude,amplitude_squared,surface_energy,param_0,real_group_sampling_width,global_cutoff
0,0.030093776983222187,0.0014881715822544677,6.1050010987730925,-0.0016768674618663564,0.27604403422679913,0
