,abs_amplitude,amplitude_squared,surface_energy,param_0,real_group_sampling_width,global_cutoff
0,0.014382542525109442,0.0003159991745398293,7.296156559737779,0.001451572377134032,0.146465764191117,69
