,abs_amplitude,amplitude_squared,surface_energy,param_0,real_group_sampling_width,global_cutoff
0,0.5864602544985856,0.34406012686809706,67.3102550681415,-0.5864602544985856,0.04053988114904602,0
