,abs_amplitude,amplitude_squared,surface_energy,param_0,real_group_sampling_width,global_cutoff
0,0.01804027473455809,0.0005087563635486499,24.336769841650824,-0.0014879250840867891,0.17884561871794047,12
