,abs_amplitude,amplitude_squared,surface_energy,param_0,real_group_sampling_width,global_cutoff
0,0.02678852084470712,0.0011063708340737167,7.811085615892512,-0.0001470275379248971,0.23818669333631823,2
