,abs_amplitude,amplitude_squared,surface_energy,param_0,real_group_sampling_width,global_cutoff
0,0.27569517527492615,0.07695989381885178,15.229603529528465,0.27569517527492615,0.24881714430757693,132
