,abs_amplitude,amplitude_squared,surface_energy,param_0,real_group_sampling_width,global_cutoff
0,0.012291625633692588,0.00023410605745035137,5.2171613207301295,-8.675321372408988e-06,0.12293116090195444,22
