,abs_amplitude,amplitude_squared,surface_energy,param_0,real_group_sampling_width,global_cutoff
0,0.9888767664503468,0.978160950068922,11.69217956325209,-0.9888767664503468,0.004565948915259583,0
