,abs_amplitude,amplitude_squared,surface_energy,param_0,real_group_sampling_width,global_cutoff
0,0.9884808651551463,0.9772742292089447,6.126116480894947,-0.9884808651551463,0.009892876627386504,0
