,abs_amplitude,amplitude_squared,surface_energy,param_0,real_group_sampling_width,global_cutoff
0,0.011160798398376406,0.0001921813621176869,5.898540862056179,-0.0005446108068811823,0.11922700139739123,80
