,abs_amplitude,amplitude_squared,surface_energy,param_0,real_group_sampling_width,global_cutoff
0,0.016070026636661496,0.00040319569028041396,9.37014295473321,-0.00013527340201767364,0.16590314294336458,14
