,abs_amplitude,amplitude_squared,surface_energy,param_0,real_group_sampling_width,global_cutoff
0,0.2074066651037858,0.04385242559349969,22.55921137194516,-0.2074066651037858,0.25356051752635855,450
