,abs_amplitude,amplitude_squared,surface_energy,param_0,real_group_sampling_width,global_cutoff
0,0.21837454169268725,0.047871363703278394,77.75871348464764,-0.21837454169268725,0.1026935520882571,1
