,abs_amplitude,amplitude_squared,surface_energy,param_0,real_group_sampling_width,global_cutoff
0,0.2241160532672263,0.05031277417429008,148.44036837133638,-0.2241160532672263,0.07488115405721694,7
