,abs_amplitude,amplitude_squared,surface_energy,param_0,real_group_sampling_width,global_cutoff
0,0.5740385417517799,0.3297006872312345,12.562203277720654,0.5740385417517799,0.10599543397761457,2
