,abs_amplitude,amplitude_squared,surface_energy,param_0,real_group_sampling_width,global_cutoff
0,0.01733920382557703,0.0004689089545114175,14.020796613914598,-0.0016536759095417432,0.18479590694551393,52
