,abs_amplitude,amplitude_squared,surface_energy,param_0,real_group_sampling_width,global_cutoff
0,0.018822859404595993,0.0005429154248141106,5.848521042283143,0.001204276844460154,0.1820414850306042,57
