,abs_amplitude,amplitude_squared,surface_energy,param_0,real_group_sampling_width,global_cutoff
0,0.01349949766550792,0.00027152925127560314,12.923375305863857,0.0006968239818204598,0.13286534379827225,14
