,abs_amplitude,amplitude_squared,surface_energy,param_0,real_group_sampling_width,global_cutoff
0,0.0097522859647404,0.00014611751903655744,5.796772550235159,0.0004917550752103654,0.10081353593868311,23
