,abs_amplitude,amplitude_squared,surface_energy,param_0,real_group_sampling_width,global_cutoff
0,0.01667796744895065,0.00043082222041453626,12.032156112629059,-0.000135670205349716,0.1572385503341424,18
