,abs_amplitude,amplitude_squared,surface_energy,param_0,real_group_sampling_width,global_cutoff
0,0.015061446910648184,0.00033726431218482,5.8665592831790345,0.00022228053763940882,0.1519720981221027,1
