,abs_amplitude,amplitude_squared,surface_energy,param_0,real_group_sampling_width,global_cutoff
0,0.014587853325126568,0.0003318361649461454,5.50767776206366,-0.00047259357944258977,0.1492576844719771,0
