,abs_amplitude,amplitude_squared,surface_energy,param_0,real_group_sampling_width,global_cutoff
0,0.010782685963831345,0.00019194641712176415,9.211398198228778,-0.0006429756832639242,0.12849131536655586,0
