,abs_amplitude,amplitude_squared,surface_energy,param_0,real_group_sampling_width,global_cutoff
0,0.013288048548338862,0.00027471732716510117,12.275687743709682,-0.0003174433397991287,0.11901409537742978,7
