,abs_amplitude,amplitude_squared,surface_energy,param_0,real_group_sampling_width,global_cutoff
0,0.014878027823110486,0.0003482963995593992,19.678626739532394,-0.0004926036793149928,0.14919608941071208,4
