,abs_amplitude,amplitude_squared,surface_energy,param_0,real_group_sampling_width,global_cutoff
0,0.18920232399268413,0.03632855810369511,39.83503506617105,-0.18920232399268413,0.16598696921144107,6
