,abs_amplitude,amplitude_squared,surface_energy,param_0,real_group_sampling_width,global_cutoff
0,0.009910670320814692,0.00016128436657999242,6.139259322921042,7.137468024754937e-05,0.09819299757005241,6
