,abs_amplitude,amplitude_squared,surface_energy,param_0,real_group_sampling_width,global_cutoff
0,0.18232893056020383,0.03615218571116302,13.86630040364711,0.0010246727081461378,0.5118680112548617,73
