,abs_amplitude,amplitude_squared,surface_energy,param_0,real_group_sampling_width,global_cutoff
0,0.1444580468538358,0.023077168158036305,19.778781642751845,0.00018982431647200393,0.4727121292263792,17
