,abs_amplitude,amplitude_squared,surface_energy,param_0,real_group_sampling_width,global_cutoff
0,0.03723570024583716,0.0020688578673712906,27.296326511639986,0.003732594408783051,0.303116650162458,8
