,abs_amplitude,amplitude_squared,surface_energy,param_0,real_group_sampling_width,global_cutoff
0,0.024728401689825104,0.0009381505757919194,9.366763447972787,0.0020420539050415663,0.219113587225658,0
