,abs_amplitude,amplitude_squared,surface_energy,param_0,real_group_sampling_width,global_cutoff
0,0.39384480391868854,0.15527511311526385,25.13283149943523,-0.39384480391868854,0.10405907883916489,21
