,abs_amplitude,amplitude_squared,surface_energy,param_0,real_group_sampling_width,global_cutoff
0,0.05857170296373173,0.005461476113791502,8.781344129865055,-0.006672250402039595,0.4547897207060779,22
