,abs_amplitude,amplitude_squared,surface_energy,param_0,real_group_sampling_width,global_cutoff
0,0.09765730823424826,0.010205849700819251,151.36445806976653,0.007942078963733888,0.20530774412114403,21
