,abs_amplitude,amplitude_squared,surface_energy,param_0,real_group_sampling_width,global_cutoff
0,0.4647807665396432,0.21612740955272958,29.325867474463866,0.4647807665396432,0.08376701353591193,2
