,abs_amplitude,amplitude_squared,surface_energy,param_0,real_group_sampling_width,global_cutoff
0,0.693207916568035,0.4805512805676569,63.0280151211537,0.693207916568035,0.03286499484386742,19
