,abs_amplitude,amplitude_squared,surface_energy,param_0,real_group_sampling_width,global_cutoff
0,0.015846065185273674,0.000394986389768479,14.280433259187683,-0.0005901074425540907,0.1607062733450586,19
