,abs_amplitude,amplitude_squared,surface_energy,param_0,real_group_sampling_width,global_cutoff
0,0.00729328146556209,8.014759745797965e-05,159.93608850079505,-5.427168144626984e-05,0.08218508073686913,85
