,abs_amplitude,amplitude_squared,surface_energy,param_0,real_group_sampling_width,global_cutoff
0,0.01704078535481326,0.0004554517338879038,12.95057739531785,-0.0004071486555837822,0.17244737046325057,15
