,abs_amplitude,amplitude_squared,surface_energy,param_0,real_group_sampling_width,global_cutoff
0,0.011957393726650611,0.00022330000420108456,7.742786341771245,-0.00015301633245197837,0.12224255295447736,0
