,abs_amplitude,amplitude_squared,surface_energy,param_0,real_group_sampling_width,global_cutoff
0,0.018888155189812326,0.0005409052358737491,28.326367773121728,-2.296393991219171e-05,0.16552369607478426,5
