,abs_amplitude,amplitude_squared,surface_energy,param_0,real_group_sampling_width,global_cutoff
0,0.02090090552522697,0.0006745385428450069,18.642921705730565,0.002043682207942506,0.19284965466208512,17
