,abs_amplitude,amplitude_squared,surface_energy,param_0,real_group_sampling_width,global_cutoff
0,0.8719906683737265,0.7607621682762911,12.90184785205507,0.8719906683737265,0.04347178338452989,0
