,abs_amplitude,amplitude_squared,surface_energy,param_0,real_group_sampling_width,global_cutoff
0,0.5836911496416691,0.3409722663996522,9.707962566334924,0.5836911496416691,0.1427428887889025,1
