,abs_amplitude,amplitude_squared,surface_energy,param_0,real_group_sampling_width,global_cutoff
0,0.009374616982281007,0.00013489606458361967,7.430833001775077,-0.0008970867991273982,0.09674606432166048,2
