,abs_amplitude,amplitude_squared,surface_energy,param_0,real_group_sampling_width,global_cutoff
0,0.4195882688386848,0.17644462404735314,13.252446334315922,0.4195882688386848,0.15312835528016125,1
