,abs_amplitude,amplitude_squared,surface_energy,param_0,real_group_sampling_width,global_cutoff
0,0.01145305677831466,0.00020445213906703077,6.518331321707883,-0.0003972582395524457,0.11792228040416174,30
