,abs_amplitude,amplitude_squared,surface_energy,param_0,real_group_sampling_width,global_cutoff
0,0.5878743243486978,0.34567558965314155,128.45005280848693,0.5878743243486978,0.029791008252234005,1
