,abs_amplitude,amplitude_squared,surface_energy,param_0,real_group_sampling_width,global_cutoff
0,0.7475182151913987,0.5591148497442882,41.102389937118275,-0.7475182151913987,0.03616017395865488,0
