,abs_amplitude,amplitude_squared,surface_energy,param_0,real_group_sampling_width,global_cutoff
0,0.6410105063546517,0.4108971223869128,1369.2531663852446,-0.6410105063546517,0.009365721877023404,3
