,abs_amplitude,amplitude_squared,surface_energy,param_0,real_group_sampling_width,global_cutoff
0,0.49002487711304354,0.2404344777669268,18.064690678173793,0.49002487711304354,0.09866875187186958,0
