,abs_amplitude,amplitude_squared,surface_energy,param_0,real_group_sampling_width,global_cutoff
0,0.85217135261447,0.7262714672716439,8.098479745673282,0.85217135261447,0.06891894936219936,3
