,abs_amplitude,amplitude_squared,surface_energy,param_0,real_group_sampling_width,global_cutoff
0,0.013680615028446268,0.00030922873685983247,17.730240001680627,0.0004853317272761911,0.14550489198470487,26
