,abs_amplitude,amplitude_squared,surface_energy,param_0,real_group_sampling_width,global_cutoff
0,0.024017575361680133,0.0008953023396369753,8.635304667743938,0.0017821849352871266,0.22131504070738406,37
