,abs_amplitude,amplitude_squared,surface_energy,param_0,real_group_sampling_width,global_cutoff
0,0.011114007985254578,0.00018965992458023953,8.909504702047117,0.0008208333959980771,0.11343718467633541,8
