,abs_amplitude,amplitude_squared,surface_energy,param_0,real_group_sampling_width,global_cutoff
0,0.011053882886187173,0.0001898541693984644,7.676798868578729,-0.00026061908437760404,0.11503978949916188,16
