,abs_amplitude,amplitude_squared,surface_energy,param_0,real_group_sampling_width,global_cutoff
0,0.06434300623270578,0.0060031437563190185,12.722550648191142,-0.0048930918119917035,0.480230520024672,12
