,abs_amplitude,amplitude_squared,surface_energy,param_0,real_group_sampling_width,global_cutoff
0,0.013859434261634242,0.00030300243536563793,12.700576115133197,0.0009401034973643087,0.13559298829859578,9
