,abs_amplitude,amplitude_squared,surface_energy,param_0,real_group_sampling_width,global_cutoff
0,0.010726017938337537,0.00017925534257503091,8.24550582203067,-0.00035537623780923673,0.10638204633379462,32
