,abs_amplitude,amplitude_squared,surface_energy,param_0,real_group_sampling_width,global_cutoff
0,0.013546593311420465,0.00028924741728899797,12.47769617221807,0.0002933872759029206,0.14026405047957333,1
