,abs_amplitude,amplitude_squared,surface_energy,param_0,real_group_sampling_width,global_cutoff
0,0.012875763600291808,0.00025690796633553385,35.112419264194514,0.0015293816968774885,0.1296502882011755,38
