,abs_amplitude,amplitude_squared,surface_energy,param_0,real_group_sampling_width,global_cutoff
0,0.6540989288233994,0.4279729797818142,13.333861886355553,0.6540989288233994,0.08232372916356617,2
