,abs_amplitude,amplitude_squared,surface_energy,param_0,real_group_sampling_width,global_cutoff
0,0.009770251686241986,0.00014719165622632043,7.300495290101317,-0.0005879814089954095,0.09546418578924665,0
