,abs_amplitude,amplitude_squared,surface_energy,param_0,real_group_sampling_width,global_cutoff
0,0.33996965469471063,0.11577594839754686,30.72699693374108,0.33996965469471063,0.11740780869590808,13
