,abs_amplitude,amplitude_squared,surface_energy,param_0,real_group_sampling_width,global_cutoff
0,0.7720954806677894,0.5962310567215727,9.666535913591911,0.7720954806677894,0.0800585398687354,28
