,abs_amplitude,amplitude_squared,surface_energy,param_0,real_group_sampling_width,global_cutoff
0,0.8822380236529053,0.7783469851096664,104.11528037386125,-0.8822380236529053,0.013518239943943326,19
