,abs_amplitude,amplitude_squared,surface_energy,param_0,real_group_sampling_width,global_cutoff
0,0.6371804742343841,0.40603086951274825,44.2327799088103,-0.6371804742343841,0.04292619581384888,2
