,abs_amplitude,amplitude_squared,surface_energy,param_0,real_group_sampling_width,global_cutoff
0,0.5807164598852838,0.337282270328572,34.528103931975686,0.5807164598852838,0.05784545484190951,2
