,abs_amplitude,amplitude_squared,surface_energy,param_0,real_group_sampling_width,global_cutoff
0,0.014197570056804188,0.00031194770986760754,6.256459085663166,0.0009941496193156167,0.14332330932985002,0
