,abs_amplitude,amplitude_squared,surface_energy,param_0,real_group_sampling_width,global_cutoff
0,0.01926442212135582,0.000589218582917007,4.815198080354945,0.0016188571826291885,0.19326280702779414,22
