,abs_amplitude,amplitude_squared,surface_energy,param_0,real_group_sampling_width,global_cutoff
0,0.012715520691756148,0.00025963172575325407,22.88374702184914,0.00025540470341292945,0.12651110903004756,1
