,abs_amplitude,amplitude_squared,surface_energy,param_0,real_group_sampling_width,global_cutoff
0,0.00904646642231295,0.0001261948031696586,7.691560592357999,0.0004976814153142863,0.09504799334446318,0
