,abs_amplitude,amplitude_squared,surface_energy,param_0,real_group_sampling_width,global_cutoff
0,0.02065868977173213,0.0006750103650089996,5.007005909424884,0.0008381608120335064,0.20978397123106843,26
