,abs_amplitude,amplitude_squared,surface_energy,param_0,real_group_sampling_width,global_cutoff
0,0.009665075499827569,0.00014664764770827836,7.7524912080267985,0.0006144709968609025,0.0940245916792635,0
