,abs_amplitude,amplitude_squared,surface_energy,param_0,real_group_sampling_width,global_cutoff
0,0.01632050806877456,0.00041759637691946526,5.055967090986616,-0.0007259507620538836,0.15735986171975894,34
