,abs_amplitude,amplitude_squared,surface_energy,param_0,real_group_sampling_width,global_cutoff
0,0.4510248423289537,0.2037319914399298,14.537628016817099,0.4510248423289537,0.13085268431986039,32
