,abs_amplitude,amplitude_squared,surface_energy,param_0,real_group_sampling_width,global_cutoff
0,0.008387561196782975,0.00010785051198017953,86.76837243108137,2.7332619368864443e-05,0.07782622886877869,0
