,abs_amplitude,amplitude_squared,surface_energy,param_0,real_group_sampling_width,global_cutoff
0,0.019102901974520876,0.0005564609587231918,15.283924199280648,-0.002319447334483665,0.1989787699980972,43
