,abs_amplitude,amplitude_squared,surface_energy,param_0,real_group_sampling_width,global_cutoff
0,0.01518142495544584,0.00035798051493229855,9.02611410792469,0.0012139058224703268,0.14756190600085503,4
