,abs_amplitude,amplitude_squared,surface_energy,param_0,real_group_sampling_width,global_cutoff
0,0.5209071098091151,0.2714100806951536,28.57748268605308,0.5209071098091151,0.0707848029689264,7
