,abs_amplitude,amplitude_squared,surface_energy,param_0,real_group_sampling_width,global_cutoff
0,0.010983890979010718,0.00019547596141236717,7.819000509986548,5.861108525730684e-05,0.11084520591583243,4
