,abs_amplitude,amplitude_squared,surface_energy,param_0,real_group_sampling_width,global_cutoff
0,0.9894033392991155,0.978919361470926,7.866653289352561,-0.9894033392991155,0.006150022909224095,14
