,abs_amplitude,amplitude_squared,surface_energy,param_0,real_group_sampling_width,global_cutoff
0,0.01065281754840357,0.0001768048537436193,8.63620416566295,0.0001403590030146171,0.10793916852935342,0
