,abs_amplitude,amplitude_squared,surface_energy,param_0,real_group_sampling_width,global_cutoff
0,0.058653714796373,0.004725171013971592,53.711138868245826,-0.004273356628216937,0.4578980207056039,7
