,abs_amplitude,amplitude_squared,surface_energy,param_0,real_group_sampling_width,global_cutoff
0,0.4287402676832826,0.1838496520103719,1529.6269940898,0.4287402676832826,0.013549180879826997,2
