,abs_amplitude,amplitude_squared,surface_energy,param_0,real_group_sampling_width,global_cutoff
0,0.028371868612360247,0.0013148893288744258,11.991333663632053,-0.0010336900904660492,0.2512615200347921,10
