,abs_amplitude,amplitude_squared,surface_energy,param_0,real_group_sampling_width,global_cutoff
0,0.010154805617312843,0.00016734691253161103,6.018875420483472,-0.00020804824060520968,0.10457981500328653,24
