,abs_amplitude,amplitude_squared,surface_energy,param_0,real_group_sampling_width,global_cutoff
0,0.42077144163534713,0.17711160723031766,49.37215122041616,0.42077144163534713,0.07154340212387789,9
