,abs_amplitude,amplitude_squared,surface_energy,param_0,real_group_sampling_width,global_cutoff
0,0.6122285827568519,0.37491082671694514,17.070397698075272,-0.6122285827568519,0.07489634050944595,19
