,abs_amplitude,amplitude_squared,surface_energy,param_0,real_group_sampling_width,global_cutoff
0,0.013795711921849465,0.0002992992130050678,20.02385793730915,0.00134649781423195,0.14662847230564371,100
