,abs_amplitude,amplitude_squared,surface_energy,param_0,real_group_sampling_width,global_cutoff
0,0.8567857250397903,0.734136220638385,8.604436178301759,-0.8567857250397903,0.06256924582049918,11
