,abs_amplitude,amplitude_squared,surface_energy,param_0,real_group_sampling_width,global_cutoff
0,0.4744488485977733,0.22529585105498864,16.106160942705262,-0.4744488485977733,0.11503258615478362,14
