,abs_amplitude,amplitude_squared,surface_energy,param_0,real_group_sampling_width,global_cutoff
0,0.7464317029282864,0.5571844638167095,31.12256585509248,0.7464317029282864,0.040043959487560704,2
