,abs_amplitude,amplitude_squared,surface_energy,param_0,real_group_sampling_width,global_cutoff
0,0.47679655166338586,0.22739419546874406,48.182521982413284,0.47679655166338586,0.06376118199584208,42
