,abs_amplitude,amplitude_squared,surface_energy,param_0,real_group_sampling_width,global_cutoff
0,0.017483545588171265,0.0005036068021521586,21.332288924560718,0.00037412252639594724,0.17691095885340982,9
