,abs_amplitude,amplitude_squared,surface_energy,param_0,real_group_sampling_width,global_cutoff
0,0.011938393014163749,0.00022652922697052476,9.375994763008832,0.0007684913288398822,0.11998175529306926,12
