,abs_amplitude,amplitude_squared,surface_energy,param_0,real_group_sampling_width,global_cutoff
0,0.01890809583299604,0.0005366207256195252,9.002699673317473,-0.0013543743791531724,0.1992252688303238,78
