,abs_amplitude,amplitude_squared,surface_energy,param_0,real_group_sampling_width,global_cutoff
0,0.013944947992113295,0.00030091084387749804,29.356387702687673,0.0012217535066663654,0.13504198696074446,0
