,abs_amplitude,amplitude_squared,surface_energy,param_0,real_group_sampling_width,global_cutoff
0,0.11549832895529265,0.016633235385528657,15.551953600691288,0.004870986933000269,0.6100300134133275,8
