,abs_amplitude,amplitude_squared,surface_energy,param_0,real_group_sampling_width,global_cutoff
0,0.49956950912584847,0.24985732388507828,12.918680325719805,0.49956950912584847,0.1339137173630534,39
