,abs_amplitude,amplitude_squared,surface_energy,param_0,real_group_sampling_width,global_cutoff
0,0.8060861966837258,0.6499747683558176,23.961918988847255,-0.8060861966837258,0.040848150196437304,0
