,abs_amplitude,amplitude_squared,surface_energy,param_0,real_group_sampling_width,global_cutoff
0,0.016023495777948395,0.00040328350092613585,15.850003411097038,-0.00024157678693733584,0.15526595255973524,15
