,abs_amplitude,amplitude_squared,surface_energy,param_0,real_group_sampling_width,global_cutoff
0,0.010422910209100971,0.00017606653190718166,9.065793963312156,-0.0006896775274892098,0.10892032066935727,32
