,abs_amplitude,amplitude_squared,surface_energy,param_0,real_group_sampling_width,global_cutoff
0,0.008078199808788962,0.00010337172689544178,6.6082805353355925,0.0007819440686260776,0.08567541681565885,24
