,abs_amplitude,amplitude_squared,surface_energy,param_0,real_group_sampling_width,global_cutoff
0,0.7640273493820521,0.5838596231858437,9.038289749725763,-0.7640273493820521,0.08819518987561509,0
