,abs_amplitude,amplitude_squared,surface_energy,param_0,real_group_sampling_width,global_cutoff
0,0.005632209334367956,5.016872456940666e-05,165.64811676807096,0.00015893403131581627,0.0571736005002272,17
