,abs_amplitude,amplitude_squared,surface_energy,param_0,real_group_sampling_width,global_cutoff
0,0.014199254683189125,0.00031865882864976825,5.296712578856176,-0.00031479916683814117,0.13516928695465186,1
