,abs_amplitude,amplitude_squared,surface_energy,param_0,real_group_sampling_width,global_cutoff
0,0.03834802143171121,0.002390740093432416,10.695308054683203,0.0004379996628626667,0.3204659342645792,14
