,abs_amplitude,amplitude_squared,surface_energy,param_0,real_group_sampling_width,global_cutoff
0,0.008905745109443619,0.00012398952820658963,7.259992139746824,0.00030373484035542165,0.09495857989034669,1
