,abs_amplitude,amplitude_squared,surface_energy,param_0,real_group_sampling_width,global_cutoff
0,0.012239566856211694,0.00023144063496519752,10.656218698081783,-0.0006552032686574377,0.11883066721099407,41
