,abs_amplitude,amplitude_squared,surface_energy,param_0,real_group_sampling_width,global_cutoff
0,0.012913533116829466,0.0002504437794635469,7.25037367284423,-0.0011461209256763763,0.12353384989837893,11
