,abs_amplitude,amplitude_squared,surface_energy,param_0,real_group_sampling_width,global_cutoff
0,0.008405162541651422,0.00010782516139825929,7.102213159000909,-0.0004398627468465178,0.08839336293212435,80
