,abs_amplitude,amplitude_squared,surface_energy,param_0,real_group_sampling_width,global_cutoff
0,0.01254158183166966,0.000254698084140255,7.59392071593314,-0.0010521300573848955,0.13293646074579638,3
