,abs_amplitude,amplitude_squared,surface_energy,param_0,real_group_sampling_width,global_cutoff
0,0.010354296650821772,0.00017108718441139414,5.564923613412912,-0.0011234071912505316,0.10827150567778511,1
