,abs_amplitude,amplitude_squared,surface_energy,param_0,real_group_sampling_width,global_cutoff
0,0.8814932469251031,0.7770376703755658,37.040647057231105,-0.8814932469251031,0.023937540587162433,23
