,abs_amplitude,amplitude_squared,surface_energy,param_0,real_group_sampling_width,global_cutoff
0,0.06931406899426852,0.007057400543941471,11.511569609977466,-0.002872273179397975,0.5023222611263025,14
