,abs_amplitude,amplitude_squared,surface_energy,param_0,real_group_sampling_width,global_cutoff
0,0.022389532276506807,0.0007943100947854351,15.000950734281826,0.000780952846147909,0.19847437576974802,1
