,abs_amplitude,amplitude_squared,surface_energy,param_0,real_group_sampling_width,global_cutoff
0,0.012603537950915832,0.0002641265877834598,8.71799971387759,0.00033228386233157247,0.13761988920524726,34
