,abs_amplitude,amplitude_squared,surface_energy,param_0,real_group_sampling_width,global_cutoff
0,0.022047771585924157,0.0007870798595404922,33.264395456006255,-0.0007222129954283866,0.21488113258182284,7
