,abs_amplitude,amplitude_squared,surface_energy,param_0,real_group_sampling_width,global_cutoff
0,0.013137965545612655,0.00027408071322622765,15.059352487450978,0.0008961644253845283,0.1589883006876019,155
