,abs_amplitude,amplitude_squared,surface_energy,param_0,real_group_sampling_width,global_cutoff
0,0.01353925173457738,0.0002891849419970529,7.445050508706047,-5.575121025800156e-06,0.1404310584097482,0
