,abs_amplitude,amplitude_squared,surface_energy,param_0,real_group_sampling_width,global_cutoff
0,0.014258500737969733,0.0003266172023758443,7.659076629842229,0.00040378388052059844,0.14610161614458528,9
