,abs_amplitude,amplitude_squared,surface_energy,param_0,real_group_sampling_width,global_cutoff
0,0.008955465430959373,0.00012290188466356907,6.260513248029368,3.1604597365370193e-05,0.0911216350760489,9
