,abs_amplitude,amplitude_squared,surface_energy,param_0,real_group_sampling_width,global_cutoff
0,0.8193511482419262,0.6714945129625777,6.630764158474974,0.8193511482419262,0.10254626421227399,1
