,abs_amplitude,amplitude_squared,surface_energy,param_0,real_group_sampling_width,global_cutoff
0,0.018441962272335213,0.0005165299724429247,17.10822002109867,-0.0007129272609710899,0.2018351683333843,155
