,abs_amplitude,amplitude_squared,surface_energy,param_0,real_group_sampling_width,global_cutoff
0,0.016200362480703768,0.00042263162948238497,8.678945772906918,-0.0005159945152099825,0.1760256554955944,103
