,abs_amplitude,amplitude_squared,surface_energy,param_0,real_group_sampling_width,global_cutoff
0,0.02248314409195227,0.0007719488534475526,27.81129169501618,0.0008850031815014936,0.21623848470126192,9
