,abs_amplitude,amplitude_squared,surface_energy,param_0,real_group_sampling_width,global_cutoff
0,0.008308826863653623,0.00010601928322920176,6.981814124027202,0.0010754445921197693,0.08459505648886331,26
