,abs_amplitude,amplitude_squared,surface_energy,param_0,real_group_sampling_width,global_cutoff
0,0.37122489904846023,0.14038195080654006,9.354533504111071,-0.3710704087478077,0.3300663713979206,342
