,abs_amplitude,amplitude_squared,surface_energy,param_0,real_group_sampling_width,global_cutoff
0,0.02272552580672268,0.0007933661962303332,9.561936082322497,-0.002023396095878229,0.21333260702487825,67
