,abs_amplitude,amplitude_squared,surface_energy,param_0,real_group_sampling_width,global_cutoff
0,0.6765729843086746,0.45797367753692686,18.796151143254093,-0.6765729843086746,0.06941487943419085,0
