,abs_amplitude,amplitude_squared,surface_energy,param_0,real_group_sampling_width,global_cutoff
0,0.013832590301820193,0.00029643095918566273,11.859534457430245,-0.001793657596190923,0.13416891960463911,7
