,abs_amplitude,amplitude_squared,surface_energy,param_0,real_group_sampling_width,global_cutoff
0,0.02272905965811422,0.000824932128976623,16.486075984317633,0.002765861034507957,0.2089005491796348,1
