,abs_amplitude,amplitude_squared,surface_energy,param_0,real_group_sampling_width,global_cutoff
0,0.9890956106487231,0.9785749629487591,1029.7640820694774,0.9890956106487231,0.00219004626642802,1
