,abs_amplitude,amplitude_squared,surface_energy,param_0,real_group_sampling_width,global_cutoff
0,0.01313144765001191,0.00026415362169301965,5.996853887985995,-0.0015727475893162683,0.14164884212303655,28
