,abs_amplitude,amplitude_squared,surface_energy,param_0,real_group_sampling_width,global_cutoff
0,0.013877073525297523,0.00029383616848686087,9.921304364455327,-0.0010689119617581372,0.1454853442823603,27
