,abs_amplitude,amplitude_squared,surface_energy,param_0,real_group_sampling_width,global_cutoff
0,0.32277703985436024,0.10493773218112151,13.567492950909685,0.32277703985436024,0.19955336679716804,1
