,abs_amplitude,amplitude_squared,surface_energy,param_0,real_group_sampling_width,global_cutoff
0,0.7905715428146017,0.6252188035504912,12.330310584923273,0.7905715428146017,0.0618726172258561,1
