,abs_amplitude,amplitude_squared,surface_energy,param_0,real_group_sampling_width,global_cutoff
0,0.805229539045815,0.6486259177080926,6.360431806139653,0.805229539045815,0.12119188611531245,19
