,abs_amplitude,amplitude_squared,surface_energy,param_0,real_group_sampling_width,global_cutoff
0,0.014291386996278166,0.0003225860976157502,4.869348560945068,0.0005223375633593438,0.1463871757792708,2
