,abs_amplitude,amplitude_squared,surface_energy,param_0,real_group_sampling_width,global_cutoff
0,0.017592868891410963,0.0004977006894947776,6.700566245625963,0.0006227074112605573,0.17244401264961715,1
