,abs_amplitude,amplitude_squared,surface_energy,param_0,real_group_sampling_width,global_cutoff
0,0.013202212107441982,0.0002758256604914486,6.528501569498036,-0.0013597283701621314,0.13827507694492255,2
