,abs_amplitude,amplitude_squared,surface_energy,param_0,real_group_sampling_width,global_cutoff
0,0.016400137622196363,0.0004218780187407446,6.849451361879054,0.0006351856932269222,0.1591509250213224,0
