,abs_amplitude,amplitude_squared,surface_energy,param_0,real_group_sampling_width,global_cutoff
0,0.01243375208182155,0.00024096807996819533,8.882475145081047,0.0009395682316337665,0.13091647383110805,6
