,abs_amplitude,amplitude_squared,surface_energy,param_0,real_group_sampling_width,global_cutoff
0,0.0102048324475722,0.0001607040557567252,5.680857324055433,-0.0005616268657191036,0.10419749684493816,13
