,abs_amplitude,amplitude_squared,surface_energy,param_0,real_group_sampling_width,global_cutoff
0,0.01716262332774901,0.00045228004988878364,33.88039466436205,-0.0003271526169838955,0.17169195309931778,6
