,abs_amplitude,amplitude_squared,surface_energy,param_0,real_group_sampling_width,global_cutoff
0,0.4281104431549764,0.18329985254595516,139.06721491438608,0.4281104431549764,0.03851656394718062,17
