,abs_amplitude,amplitude_squared,surface_energy,param_0,real_group_sampling_width,global_cutoff
0,0.028696647944106517,0.0012998226252565652,9.987024302696865,-8.08485759579981e-05,0.24870533099332456,0
