,abs_amplitude,amplitude_squared,surface_energy,param_0,real_group_sampling_width,global_cutoff
0,0.9888704503093477,0.9778660548628613,5.677428329192004,-0.9888704503093477,0.007137875037449921,22
