,abs_amplitude,amplitude_squared,surface_energy,param_0,real_group_sampling_width,global_cutoff
0,0.6106554575887783,0.3731127715255289,10.403297255758961,-0.6106554575887783,0.13534540031748934,89
