,abs_amplitude,amplitude_squared,surface_energy,param_0,real_group_sampling_width,global_cutoff
0,0.008616824578174366,0.00011029397107434018,59.792092272403956,0.00022841899928838412,0.08392608033601219,4
