,abs_amplitude,amplitude_squared,surface_energy,param_0,real_group_sampling_width,global_cutoff
0,0.04522640551654125,0.003370811219552423,6.908734876326176,-0.0006072341747352263,0.36014021918074884,0
