,abs_amplitude,amplitude_squared,surface_energy,param_0,real_group_sampling_width,global_cutoff
0,0.6189171884097417,0.3831355077655637,19.430701877270568,-0.6189171884097417,0.07224549080125009,26
