,abs_amplitude,amplitude_squared,surface_energy,param_0,real_group_sampling_width,global_cutoff
0,0.4676156284132798,0.21916259111643072,11.881167900201671,-0.4676156284132798,0.1459292205068006,0
