,abs_amplitude,amplitude_squared,surface_energy,param_0,real_group_sampling_width,global_cutoff
0,0.021454012807759326,0.0007017674240759106,10.403121686846793,0.0003563470974651823,0.20110841703858542,16
