,abs_amplitude,amplitude_squared,surface_energy,param_0,real_group_sampling_width,global_cutoff
0,0.7380090743128725,0.5446995445174403,18.10039878901913,0.7380090743128725,0.05965346593629129,0
