,abs_amplitude,amplitude_squared,surface_energy,param_0,real_group_sampling_width,global_cutoff
0,0.3518033103760412,0.12391503392412073,38.20610484959571,-0.3518033103760412,0.0966952765316303,1
