,abs_amplitude,amplitude_squared,surface_energy,param_0,real_group_sampling_width,global_cutoff
0,0.019972180082744564,0.0006626655855060797,11.36368291870062,0.00014001258579170948,0.22112488811674624,106
