,abs_amplitude,amplitude_squared,surface_energy,param_0,real_group_sampling_width,global_cutoff
0,0.01499780074350542,0.0003672434516401952,55.73846182234031,0.0014927116774388675,0.15999367254470945,78
