,abs_amplitude,amplitude_squared,surface_energy,param_0,real_group_sampling_width,global_cutoff
0,0.011219282016401278,0.00019615769286335095,6.648704248640969,-4.6278052382589185e-05,0.11517602963803032,7
