,abs_amplitude,amplitude_squared,surface_energy,param_0,real_group_sampling_width,global_cutoff
0,0.0213971541605196,0.0007447085166624182,12.231053615644429,0.0009189598138965541,0.20671798348865697,5
