,abs_amplitude,amplitude_squared,surface_energy,param_0,real_group_sampling_width,global_cutoff
0,0.001891737690631767,5.592699797365372e-06,1790.708295779583,-0.00018662062460563707,0.01959723585055583,20
