,abs_amplitude,amplitude_squared,surface_energy,param_0,real_group_sampling_width,global_cutoff
0,0.00982731532662375,0.0001558214917891869,7.17014047950668,0.0006101358874829361,0.09800337064636361,6
