,abs_amplitude,amplitude_squared,surface_energy,param_0,real_group_sampling_width,global_cutoff
0,0.00880034978890169,0.00012952515170583747,7.134827067526596,0.00040957195566448934,0.0939817736674674,78
