,abs_amplitude,amplitude_squared,surface_energy,param_0,real_group_sampling_width,global_cutoff
0,0.02815703257415117,0.0011902227352263654,8.451573622843457,0.0011388482224513892,0.25623812263362467,7
