,abs_amplitude,amplitude_squared,surface_energy,param_0,real_group_sampling_width,global_cutoff
0,0.010376718685268734,0.00016229463220420923,7.344460022930156,0.0009986897242084615,0.10661482695670342,11
