,abs_amplitude,amplitude_squared,surface_energy,param_0,real_group_sampling_width,global_cutoff
0,0.9894347521356351,0.9789813965371194,7.418550181672903,-0.9894347521356351,0.002961473539835093,49
