,abs_amplitude,amplitude_squared,surface_energy,param_0,real_group_sampling_width,global_cutoff
0,0.7795450290169538,0.6079098733466364,10.403359928446392,0.7795450290169538,0.06735156398531676,2
