,abs_amplitude,amplitude_squared,surface_energy,param_0,real_group_sampling_width,global_cutoff
0,0.013280782855792574,0.00028580056229859805,22.49587073108446,0.0012705777541865612,0.13394389958196556,0
