,abs_amplitude,amplitude_squared,surface_energy,param_0,real_group_sampling_width,global_cutoff
0,0.014800341103953058,0.0003412564905254119,13.670080846191837,-0.00019413838073191063,0.14038131553541336,42
