,abs_amplitude,amplitude_squared,surface_energy,param_0,real_group_sampling_width,global_cutoff
0,0.7132304914095421,0.5087945797055335,11.754924329301595,-0.7132304914095421,0.07888697364946165,7
