,abs_amplitude,amplitude_squared,surface_energy,param_0,real_group_sampling_width,global_cutoff
0,0.0272273879059622,0.001145221416234567,5.440502721855859,0.002960953423420321,0.25885450155067863,63
