,abs_amplitude,amplitude_squared,surface_energy,param_0,real_group_sampling_width,global_cutoff
0,0.7315544399067504,0.5354154728321976,15.917422621332715,0.7315544399067504,0.060375776702832964,0
