,abs_amplitude,amplitude_squared,surface_energy,param_0,real_group_sampling_width,global_cutoff
0,0.0194693392430857,0.0005771464058973711,8.331819490846279,-0.0007848614223296418,0.18712555897788746,54
