,abs_amplitude,amplitude_squared,surface_energy,param_0,real_group_sampling_width,global_cutoff
0,0.010455264958596326,0.00017764689825671933,6.779045048183797,-0.00027988836733644284,0.12007371536173247,128
