,abs_amplitude,amplitude_squared,surface_energy,param_0,real_group_sampling_width,global_cutoff
0,0.40528301239823555,0.1643824374888381,30.040686537974572,0.40528301239823555,0.08995473878398152,0
