,abs_amplitude,amplitude_squared,surface_energy,param_0,real_group_sampling_width,global_cutoff
0,0.8704387854955123,0.7576940341223122,11.688516845967925,-0.8704387854955123,0.04916615724132087,15
