,abs_amplitude,amplitude_squared,surface_energy,param_0,real_group_sampling_width,global_cutoff
0,0.01681346681807321,0.00043736145068621875,4.753486000121732,-0.0007991775868881211,0.17022267694276838,34
