,abs_amplitude,amplitude_squared,surface_energy,param_0,real_group_sampling_width,global_cutoff
0,0.010339736430257594,0.00017273266161686648,9.540369444581167,0.0005589597019622167,0.11475226965772516,26
