,abs_amplitude,amplitude_squared,surface_energy,param_0,real_group_sampling_width,global_cutoff
0,0.9894183799009276,0.9789933656567334,14.798011459770391,0.9894183799009276,0.0030358258877110434,3
