,abs_amplitude,amplitude_squared,surface_energy,param_0,real_group_sampling_width,global_cutoff
0,0.023700949253586144,0.0009043248963841999,5.2147908813019725,-6.344812982793422e-05,0.22377753186961696,0
