,abs_amplitude,amplitude_squared,surface_energy,param_0,real_group_sampling_width,global_cutoff
0,0.013160596898219233,0.0002785581544205748,7.8153498766131895,-0.0008684464304453963,0.16953423477747478,234
