,abs_amplitude,amplitude_squared,surface_energy,param_0,real_group_sampling_width,global_cutoff
0,0.01200459312049535,0.0002291884150213988,82.28026262996958,6.302880263244176e-05,0.12162600444311401,5
