,abs_amplitude,amplitude_squared,surface_energy,param_0,real_group_sampling_width,global_cutoff
0,0.011904166576504338,0.0002169789376122087,9.893908959115583,-0.0011687956367705402,0.12591819289249528,11
