,abs_amplitude,amplitude_squared,surface_energy,param_0,real_group_sampling_width,global_cutoff
0,0.014790401367057329,0.00035445052315133266,6.539532195376384,0.0007981416825201871,0.16449262341844398,53
