,abs_amplitude,amplitude_squared,surface_energy,param_0,real_group_sampling_width,global_cutoff
0,0.012044951958410736,0.00022875017460679257,5.757939004191598,0.0001804741047643612,0.13844589870561191,116
