,abs_amplitude,amplitude_squared,surface_energy,param_0,real_group_sampling_width,global_cutoff
0,0.013055585066253966,0.0002642304015606342,11.122926829050055,0.0008400802584508142,0.12338478124355227,0
