,abs_amplitude,amplitude_squared,surface_energy,param_0,real_group_sampling_width,global_cutoff
0,0.36537556176895314,0.13355403972162586,74.55127294250396,0.36537556176895314,0.06371393656262603,8
