,abs_amplitude,amplitude_squared,surface_energy,param_0,real_group_sampling_width,global_cutoff
0,0.022320043641645245,0.0007586866552488509,8.15829952113021,-0.0003452566537565154,0.22643963316114596,114
