,abs_amplitude,amplitude_squared,surface_energy,param_0,real_group_sampling_width,global_cutoff
0,0.016168638560115835,0.0004154534966061577,8.060099558141442,0.000347352116134335,0.1598826087426656,1
