,abs_amplitude,amplitude_squared,surface_energy,param_0,real_group_sampling_width,global_cutoff
0,0.9896843431331697,0.9794813239470974,17.133349975496092,0.9896843431331697,0.0027675462138827952,4
