,abs_amplitude,amplitude_squared,surface_energy,param_0,real_group_sampling_width,global_cutoff
0,0.989719926290131,0.9795456213146266,13.046632628299399,0.989719926290131,0.0018576969776840282,22
