,abs_amplitude,amplitude_squared,surface_energy,param_0,real_group_sampling_width,global_cutoff
0,0.01625187904392701,0.0004229524347015674,7.8955623286784276,0.0012177413564619876,0.16918305782088333,55
