,abs_amplitude,amplitude_squared,surface_energy,param_0,real_group_sampling_width,global_cutoff
0,0.22130047085584525,0.04970155605584213,17.255077209155996,0.21232719467528804,0.3135203668357082,470
