,abs_amplitude,amplitude_squared,surface_energy,param_0,real_group_sampling_width,global_cutoff
0,0.015374647752384675,0.0003783122955588742,11.02723185106588,-0.0004812450578505778,0.16105044155477147,38
