,abs_amplitude,amplitude_squared,surface_energy,param_0,real_group_sampling_width,global_cutoff
0,0.8784312276243917,0.7716599904124146,18.983947379623327,-0.8784312276243917,0.03566671135652064,3
