,abs_amplitude,amplitude_squared,surface_energy,param_0,real_group_sampling_width,global_cutoff
0,0.02020756452229417,0.0006379357010641852,7.033927488094896,0.0005955922683697363,0.18329135131111451,1
