,abs_amplitude,amplitude_squared,surface_energy,param_0,real_group_sampling_width,global_cutoff
0,0.48289763971006844,0.23325094942122696,135.69610699771067,0.48289763971006844,0.0366963429191471,1
