,abs_amplitude,amplitude_squared,surface_energy,param_0,real_group_sampling_width,global_cutoff
0,0.008297084873390783,0.00010667211742882156,6.376395863923609,0.00011268005165926896,0.09235890766939242,58
