,abs_amplitude,amplitude_squared,surface_energy,param_0,real_group_sampling_width,global_cutoff
0,0.013835682817704474,0.00029530853845154815,25.664282447039998,-0.0008310684505198917,0.13311414850785086,0
