,abs_amplitude,amplitude_squared,surface_energy,param_0,real_group_sampling_width,global_cutoff
0,0.638950217740278,0.4082750809265214,65.24537880884971,-0.638950217740278,0.03485270810560618,10
