,abs_amplitude,amplitude_squared,surface_energy,param_0,real_group_sampling_width,global_cutoff
0,0.03820104475501272,0.002251338048900533,12.98234156458956,-0.0013052188363398098,0.32342509506225237,14
