,abs_amplitude,amplitude_squared,surface_energy,param_0,real_group_sampling_width,global_cutoff
0,0.9890221206346276,0.9781657414661024,5.889127708047555,-0.9890221206346276,0.009761425169651852,17
