,abs_amplitude,amplitude_squared,surface_energy,param_0,real_group_sampling_width,global_cutoff
0,0.01595362201338951,0.00039408865948694597,28.84138640362262,0.0008220039996634167,0.1481673811471536,8
