,abs_amplitude,amplitude_squared,surface_energy,param_0,real_group_sampling_width,global_cutoff
0,0.29851840052948264,0.08921759917121884,76.18210333893174,0.29851840052948264,0.0765363415068861,1
