,abs_amplitude,amplitude_squared,surface_energy,param_0,real_group_sampling_width,global_cutoff
0,0.06842987410340834,0.006990476749971722,10.472372699598823,0.0010272351469973603,0.4974257601248624,11
