,abs_amplitude,amplitude_squared,surface_energy,param_0,real_group_sampling_width,global_cutoff
0,0.30380577706825396,0.09261281990166068,22.093217613119407,-0.30380577706825396,0.15059617645774054,37
