,abs_amplitude,amplitude_squared,surface_energy,param_0,real_group_sampling_width,global_cutoff
0,0.02069715772817764,0.0007097080834632134,7.402101632032893,0.0008470131761526122,0.2088332778482166,9
