,abs_amplitude,amplitude_squared,surface_energy,param_0,real_group_sampling_width,global_cutoff
0,0.03246947374902939,0.0016336067920758876,7.637502387445881,-0.0018367830275890168,0.29393303607151733,5
