,abs_amplitude,amplitude_squared,surface_energy,param_0,real_group_sampling_width,global_cutoff
0,0.04784173163368556,0.0034233564095452937,7.46392868690539,-0.005498766812203475,0.41747739674309864,185
