,abs_amplitude,amplitude_squared,surface_energy,param_0,real_group_sampling_width,global_cutoff
0,0.9892835826142942,0.9786825446470472,6.690088376357408,-0.9892835826142942,0.003828482605144557,69
