,abs_amplitude,amplitude_squared,surface_energy,param_0,real_group_sampling_width,global_cutoff
0,0.016329245399225412,0.00040551574558316396,13.190410064057655,0.0010342504804928677,0.15494909654295877,27
