,abs_amplitude,amplitude_squared,surface_energy,param_0,real_group_sampling_width,global_cutoff
0,0.015942119590539056,0.0003962199762685098,10.147227220149318,0.0008999877814485064,0.15628067398411669,0
