,abs_amplitude,amplitude_squared,surface_energy,param_0,real_group_sampling_width,global_cutoff
0,0.01779197812758428,0.0004953387636335637,8.505389626594614,-0.0005646860160482391,0.18436824155865694,44
