,abs_amplitude,amplitude_squared,surface_energy,param_0,real_group_sampling_width,global_cutoff
0,0.04513904487764071,0.0030173617470402353,40.61109635669924,0.0006962413067561874,0.42577933406453994,117
