,abs_amplitude,amplitude_squared,surface_energy,param_0,real_group_sampling_width,global_cutoff
0,0.26420858004199915,0.07013359436676372,31.38837125672645,0.26420858004199915,0.13996476491009965,3
