,abs_amplitude,amplitude_squared,surface_energy,param_0,real_group_sampling_width,global_cutoff
0,0.02336672346145242,0.0008386973621903121,7.98466285463418,-0.0009750031742260937,0.20631570414856676,0
