,abs_amplitude,amplitude_squared,surface_energy,param_0,real_group_sampling_width,global_cutoff
0,0.019692861751999968,0.0006460712874922564,54.7249652236335,-0.0006265024776840543,0.2034089452490922,12
