,abs_amplitude,amplitude_squared,surface_energy,param_0,real_group_sampling_width,global_cutoff
0,0.6429143271841983,0.41346758412680434,12.177435439088335,0.6429143271841983,0.0970207666891506,0
