,abs_amplitude,amplitude_squared,surface_energy,param_0,real_group_sampling_width,global_cutoff
0,0.018203084591825472,0.0005305803206616617,4.63754970669408,0.0001074220279090863,0.1760038617351087,2
