,abs_amplitude,amplitude_squared,surface_energy,param_0,real_group_sampling_width,global_cutoff
0,0.06784145368574818,0.006444056561429209,23.009110643249564,0.002833475508210851,0.5384030080776879,135
