,abs_amplitude,amplitude_squared,surface_energy,param_0,real_group_sampling_width,global_cutoff
0,0.012711221779891634,0.0002469710342097571,6.008398699140935,0.0006339597435088255,0.12649310287755752,0
