,abs_amplitude,amplitude_squared,surface_energy,param_0,real_group_sampling_width,global_cutoff
0,0.010509943425747325,0.00017144623197197338,6.383815722010706,0.0005403368014845322,0.12205833924553587,161
