,abs_amplitude,amplitude_squared,surface_energy,param_0,real_group_sampling_width,global_cutoff
0,0.027568149470122604,0.0011663821561590404,7.237725102900563,-0.0015793688334925847,0.29878461186270916,222
