,abs_amplitude,amplitude_squared,surface_energy,param_0,real_group_sampling_width,global_cutoff
0,0.5365500825568371,0.2879081509738903,1453.650886878957,0.5365500825568371,0.011031075835592189,1
