,abs_amplitude,amplitude_squared,surface_energy,param_0,real_group_sampling_width,global_cutoff
0,0.47219621028569475,0.2230460701027643,36.45168518937951,-0.47219621028569475,0.06869007574617404,23
